video_name,timestamp_seconds,timestamp_hhmmss,real_timestamp_hhmmss,frame_number,person_count,bicycle_count,car_count,motorcycle_count,bus_count,truck_count,traffic_light_count,total_vehicle_count,total_road_user_count
Whole Day 1 - Fri 24th Apr.mov,0,0:00:00,13:30:00,0,0,0,6,0,0,2,1,8,8
Whole Day 1 - Fri 24th Apr.mov,10,0:00:10,13:30:10,299,0,0,9,0,0,2,0,11,11
Whole Day 1 - Fri 24th Apr.mov,20,0:00:20,13:30:20,598,1,0,2,0,0,1,1,3,4
Whole Day 1 - Fri 24th Apr.mov,30,0:00:30,13:30:30,898,0,0,6,0,1,1,0,8,8
Whole Day 1 - Fri 24th Apr.mov,40,0:00:40,13:30:40,1197,1,0,6,0,0,1,1,7,8
Whole Day 1 - Fri 24th Apr.mov,50,0:00:50,13:30:50,1496,0,0,8,0,0,2,0,10,10
Whole Day 1 - Fri 24th Apr.mov,60,0:01:00,13:31:00,1796,0,0,8,0,0,2,1,10,10
Whole Day 1 - Fri 24th Apr.mov,70,0:01:10,13:31:10,2095,0,0,8,0,1,2,0,11,11
Whole Day 1 - Fri 24th Apr.mov,80,0:01:20,13:31:20,2395,1,0,6,1,0,1,0,8,9
Whole Day 1 - Fri 24th Apr.mov,90,0:01:30,13:31:30,2694,0,0,12,0,1,3,1,16,16
Whole Day 1 - Fri 24th Apr.mov,100,0:01:40,13:31:40,2993,0,0,16,0,0,1,0,17,17
Whole Day 1 - Fri 24th Apr.mov,110,0:01:50,13:31:50,3293,0,0,8,0,0,0,0,8,8
Whole Day 1 - Fri 24th Apr.mov,120,0:02:00,13:32:00,3592,0,0,4,0,0,3,2,7,7
Whole Day 1 - Fri 24th Apr.mov,130,0:02:10,13:32:10,3892,0,0,10,0,0,1,1,11,11
Whole Day 1 - Fri 24th Apr.mov,140,0:02:20,13:32:20,4191,0,0,4,0,0,2,0,6,6
Whole Day 1 - Fri 24th Apr.mov,150,0:02:30,13:32:30,4490,0,0,4,0,0,2,0,6,6
Whole Day 1 - Fri 24th Apr.mov,160,0:02:40,13:32:40,4790,0,0,10,0,0,0,0,10,10
Whole Day 1 - Fri 24th Apr.mov,170,0:02:50,13:32:50,5089,0,0,12,0,0,0,0,12,12
Whole Day 1 - Fri 24th Apr.mov,180,0:03:00,13:33:00,5389,0,0,6,0,0,2,0,8,8
Whole Day 1 - Fri 24th Apr.mov,190,0:03:10,13:33:10,5688,0,0,6,0,0,1,1,7,7
Whole Day 1 - Fri 24th Apr.mov,200,0:03:20,13:33:20,5987,0,0,4,0,0,2,0,6,6
Whole Day 1 - Fri 24th Apr.mov,210,0:03:30,13:33:30,6287,1,0,6,0,0,2,0,8,9
Whole Day 1 - Fri 24th Apr.mov,220,0:03:40,13:33:40,6586,1,0,6,0,0,2,0,8,9
Whole Day 1 - Fri 24th Apr.mov,230,0:03:50,13:33:50,6886,0,0,4,0,0,2,0,6,6
Whole Day 1 - Fri 24th Apr.mov,240,0:04:00,13:34:00,7185,3,0,4,0,1,1,1,6,9
Whole Day 1 - Fri 24th Apr.mov,250,0:04:10,13:34:10,7484,0,0,7,0,0,1,0,8,8
Whole Day 1 - Fri 24th Apr.mov,260,0:04:20,13:34:20,7784,1,0,7,0,0,1,0,8,9
Whole Day 1 - Fri 24th Apr.mov,270,0:04:30,13:34:30,8083,0,0,3,0,0,1,0,4,4
Whole Day 1 - Fri 24th Apr.mov,280,0:04:40,13:34:40,8383,0,0,4,0,0,1,2,5,5
Whole Day 1 - Fri 24th Apr.mov,290,0:04:50,13:34:50,8682,1,0,2,0,0,1,1,3,4
Whole Day 1 - Fri 24th Apr.mov,300,0:05:00,13:35:00,8981,0,0,7,0,0,2,1,9,9
Whole Day 1 - Fri 24th Apr.mov,310,0:05:10,13:35:10,9281,0,0,11,0,0,0,0,11,11
Whole Day 1 - Fri 24th Apr.mov,320,0:05:20,13:35:20,9580,0,0,7,0,1,1,0,9,9
Whole Day 1 - Fri 24th Apr.mov,330,0:05:30,13:35:30,9880,1,0,11,0,0,1,1,12,13
Whole Day 1 - Fri 24th Apr.mov,340,0:05:40,13:35:40,10179,1,0,5,0,2,1,0,8,9
Whole Day 1 - Fri 24th Apr.mov,350,0:05:50,13:35:50,10478,1,0,8,0,0,0,0,8,9
Whole Day 1 - Fri 24th Apr.mov,360,0:06:00,13:36:00,10778,0,0,7,0,0,2,0,9,9
Whole Day 1 - Fri 24th Apr.mov,370,0:06:10,13:36:10,11077,0,0,3,0,0,1,1,4,4
Whole Day 1 - Fri 24th Apr.mov,380,0:06:20,13:36:20,11377,0,0,6,0,0,2,0,8,8
Whole Day 1 - Fri 24th Apr.mov,390,0:06:30,13:36:30,11676,0,0,7,0,0,2,0,9,9
Whole Day 1 - Fri 24th Apr.mov,400,0:06:40,13:36:40,11975,0,0,5,0,0,1,0,6,6
Whole Day 1 - Fri 24th Apr.mov,410,0:06:50,13:36:50,12275,0,0,12,0,0,1,0,13,13
Whole Day 1 - Fri 24th Apr.mov,420,0:07:00,13:37:00,12574,1,0,7,0,0,1,0,8,9
Whole Day 1 - Fri 24th Apr.mov,430,0:07:10,13:37:10,12874,2,0,8,0,2,1,0,11,13
Whole Day 1 - Fri 24th Apr.mov,440,0:07:20,13:37:20,13173,1,0,5,0,0,2,1,7,8
Whole Day 1 - Fri 24th Apr.mov,450,0:07:30,13:37:30,13472,0,0,8,0,0,0,0,8,8
Whole Day 1 - Fri 24th Apr.mov,460,0:07:40,13:37:40,13772,0,0,9,0,1,0,0,10,10
Whole Day 1 - Fri 24th Apr.mov,470,0:07:50,13:37:50,14071,0,0,5,0,0,1,0,6,6
Whole Day 1 - Fri 24th Apr.mov,480,0:08:00,13:38:00,14371,0,0,4,0,0,1,0,5,5
Whole Day 1 - Fri 24th Apr.mov,490,0:08:10,13:38:10,14670,0,0,2,0,0,1,0,3,3
Whole Day 1 - Fri 24th Apr.mov,500,0:08:20,13:38:20,14969,1,0,4,0,0,1,0,5,6
Whole Day 1 - Fri 24th Apr.mov,510,0:08:30,13:38:30,15269,0,0,3,0,0,1,0,4,4
Whole Day 1 - Fri 24th Apr.mov,520,0:08:40,13:38:40,15568,0,0,2,0,0,4,0,6,6
Whole Day 1 - Fri 24th Apr.mov,530,0:08:50,13:38:50,15868,5,0,8,1,0,0,0,9,14
Whole Day 1 - Fri 24th Apr.mov,540,0:09:00,13:39:00,16167,1,0,10,0,0,1,0,11,12
Whole Day 1 - Fri 24th Apr.mov,550,0:09:10,13:39:10,16466,1,0,5,0,2,0,0,7,8
Whole Day 1 - Fri 24th Apr.mov,560,0:09:20,13:39:20,16766,0,0,7,0,0,1,1,8,8
Whole Day 1 - Fri 24th Apr.mov,570,0:09:30,13:39:30,17065,0,0,9,0,0,1,0,10,10
Whole Day 1 - Fri 24th Apr.mov,580,0:09:40,13:39:40,17365,0,0,10,0,0,0,0,10,10
Whole Day 1 - Fri 24th Apr.mov,590,0:09:50,13:39:50,17664,0,0,10,0,2,1,0,13,13
Whole Day 1 - Fri 24th Apr.mov,600,0:10:00,13:40:00,17963,2,0,6,0,1,1,0,8,10
Whole Day 1 - Fri 24th Apr.mov,610,0:10:10,13:40:10,18263,0,0,5,0,0,1,1,6,6
Whole Day 1 - Fri 24th Apr.mov,620,0:10:20,13:40:20,18562,1,0,3,0,0,2,0,5,6
Whole Day 1 - Fri 24th Apr.mov,630,0:10:30,13:40:30,18862,0,0,4,0,0,2,0,6,6
Whole Day 1 - Fri 24th Apr.mov,640,0:10:40,13:40:40,19161,3,0,4,0,0,3,0,7,10
Whole Day 1 - Fri 24th Apr.mov,650,0:10:50,13:40:50,19460,2,0,9,0,0,1,1,10,12
Whole Day 1 - Fri 24th Apr.mov,660,0:11:00,13:41:00,19760,1,0,4,0,0,1,1,5,6
Whole Day 1 - Fri 24th Apr.mov,670,0:11:10,13:41:10,20059,0,0,5,0,0,3,1,8,8
Whole Day 1 - Fri 24th Apr.mov,680,0:11:20,13:41:20,20359,0,0,4,0,0,1,0,5,5
Whole Day 1 - Fri 24th Apr.mov,690,0:11:30,13:41:30,20658,0,0,3,0,0,2,0,5,5
Whole Day 1 - Fri 24th Apr.mov,700,0:11:40,13:41:40,20957,0,0,8,0,0,2,2,10,10
Whole Day 1 - Fri 24th Apr.mov,710,0:11:50,13:41:50,21257,0,0,5,0,0,0,0,5,5
Whole Day 1 - Fri 24th Apr.mov,720,0:12:00,13:42:00,21556,0,0,0,0,0,1,0,1,1
Whole Day 1 - Fri 24th Apr.mov,730,0:12:10,13:42:10,21856,1,0,5,0,0,1,1,6,7
Whole Day 1 - Fri 24th Apr.mov,740,0:12:20,13:42:20,22155,1,0,4,0,0,1,0,5,6
Whole Day 1 - Fri 24th Apr.mov,750,0:12:30,13:42:30,22454,1,0,7,0,0,1,2,8,9
Whole Day 1 - Fri 24th Apr.mov,760,0:12:40,13:42:40,22754,1,0,6,0,0,1,2,7,8
Whole Day 1 - Fri 24th Apr.mov,770,0:12:50,13:42:50,23053,3,0,4,0,0,1,1,5,8
Whole Day 1 - Fri 24th Apr.mov,780,0:13:00,13:43:00,23353,1,0,11,0,1,1,0,13,14
Whole Day 1 - Fri 24th Apr.mov,790,0:13:10,13:43:10,23652,0,0,2,0,2,2,0,6,6
Whole Day 1 - Fri 24th Apr.mov,800,0:13:20,13:43:20,23951,1,0,6,0,0,0,0,6,7
Whole Day 1 - Fri 24th Apr.mov,810,0:13:30,13:43:30,24251,0,0,4,0,0,0,0,4,4
Whole Day 1 - Fri 24th Apr.mov,820,0:13:40,13:43:40,24550,1,0,7,0,0,0,1,7,8
Whole Day 1 - Fri 24th Apr.mov,830,0:13:50,13:43:50,24850,2,0,1,0,1,1,0,3,5
Whole Day 1 - Fri 24th Apr.mov,840,0:14:00,13:44:00,25149,2,0,2,1,0,1,0,4,6
Whole Day 1 - Fri 24th Apr.mov,850,0:14:10,13:44:10,25448,2,0,3,0,0,1,1,4,6
Whole Day 1 - Fri 24th Apr.mov,860,0:14:20,13:44:20,25748,3,0,1,0,0,1,0,2,5
Whole Day 1 - Fri 24th Apr.mov,870,0:14:30,13:44:30,26047,1,0,4,0,0,1,1,5,6
Whole Day 1 - Fri 24th Apr.mov,880,0:14:40,13:44:40,26347,1,0,10,0,0,0,0,10,11
Whole Day 1 - Fri 24th Apr.mov,890,0:14:50,13:44:50,26646,1,0,11,0,0,1,0,12,13
Whole Day 1 - Fri 24th Apr.mov,900,0:15:00,13:45:00,26945,2,0,8,0,0,1,0,9,11
Whole Day 1 - Fri 24th Apr.mov,910,0:15:10,13:45:10,27245,2,0,6,0,0,1,1,7,9
Whole Day 1 - Fri 24th Apr.mov,920,0:15:20,13:45:20,27544,0,0,8,0,0,3,0,11,11
Whole Day 1 - Fri 24th Apr.mov,930,0:15:30,13:45:30,27844,1,0,9,0,1,2,0,12,13
Whole Day 1 - Fri 24th Apr.mov,940,0:15:40,13:45:40,28143,2,0,4,0,0,1,0,5,7
Whole Day 1 - Fri 24th Apr.mov,950,0:15:50,13:45:50,28442,2,0,4,0,1,2,1,7,9
Whole Day 1 - Fri 24th Apr.mov,960,0:16:00,13:46:00,28742,0,0,7,0,0,1,0,8,8
Whole Day 1 - Fri 24th Apr.mov,970,0:16:10,13:46:10,29041,0,0,4,0,0,1,0,5,5
Whole Day 1 - Fri 24th Apr.mov,980,0:16:20,13:46:20,29341,0,0,3,0,0,1,1,4,4
Whole Day 1 - Fri 24th Apr.mov,990,0:16:30,13:46:30,29640,0,0,5,0,0,1,0,6,6
Whole Day 1 - Fri 24th Apr.mov,1000,0:16:40,13:46:40,29939,1,0,5,0,0,2,0,7,8
Whole Day 1 - Fri 24th Apr.mov,1010,0:16:50,13:46:50,30239,1,0,9,0,0,2,0,11,12
Whole Day 1 - Fri 24th Apr.mov,1020,0:17:00,13:47:00,30538,1,0,7,0,0,0,0,7,8
Whole Day 1 - Fri 24th Apr.mov,1030,0:17:10,13:47:10,30838,1,0,5,0,0,1,0,6,7
Whole Day 1 - Fri 24th Apr.mov,1040,0:17:20,13:47:20,31137,0,0,12,0,0,1,2,13,13
Whole Day 1 - Fri 24th Apr.mov,1050,0:17:30,13:47:30,31436,1,0,12,0,0,1,1,13,14
Whole Day 1 - Fri 24th Apr.mov,1060,0:17:40,13:47:40,31736,0,0,7,0,0,3,0,10,10
Whole Day 1 - Fri 24th Apr.mov,1070,0:17:50,13:47:50,32035,1,0,4,0,0,3,1,7,8
Whole Day 1 - Fri 24th Apr.mov,1080,0:18:00,13:48:00,32335,1,0,5,0,0,1,0,6,7
Whole Day 1 - Fri 24th Apr.mov,1090,0:18:10,13:48:10,32634,0,0,3,0,0,1,1,4,4
Whole Day 1 - Fri 24th Apr.mov,1100,0:18:20,13:48:20,32933,0,0,3,0,1,1,0,5,5
Whole Day 1 - Fri 24th Apr.mov,1110,0:18:30,13:48:30,33233,2,0,4,0,0,2,0,6,8
Whole Day 1 - Fri 24th Apr.mov,1120,0:18:40,13:48:40,33532,2,0,5,0,0,4,2,9,11
Whole Day 1 - Fri 24th Apr.mov,1130,0:18:50,13:48:50,33832,0,0,6,0,0,2,0,8,8
Whole Day 1 - Fri 24th Apr.mov,1140,0:19:00,13:49:00,34131,1,0,5,0,2,1,1,8,9
Whole Day 1 - Fri 24th Apr.mov,1150,0:19:10,13:49:10,34430,1,0,9,0,1,2,0,12,13
Whole Day 1 - Fri 24th Apr.mov,1160,0:19:20,13:49:20,34730,1,0,10,0,0,1,0,11,12
Whole Day 1 - Fri 24th Apr.mov,1170,0:19:30,13:49:30,35029,0,0,8,0,1,2,0,11,11
Whole Day 1 - Fri 24th Apr.mov,1180,0:19:40,13:49:40,35329,1,0,6,0,0,2,0,8,9
Whole Day 1 - Fri 24th Apr.mov,1190,0:19:50,13:49:50,35628,0,0,4,0,0,1,1,5,5
Whole Day 1 - Fri 24th Apr.mov,1200,0:20:00,13:50:00,35927,0,0,1,0,0,1,1,2,2
Whole Day 1 - Fri 24th Apr.mov,1210,0:20:10,13:50:10,36227,0,0,4,0,0,2,0,6,6
Whole Day 1 - Fri 24th Apr.mov,1220,0:20:20,13:50:20,36526,0,0,3,0,0,2,1,5,5
Whole Day 1 - Fri 24th Apr.mov,1230,0:20:30,13:50:30,36826,0,0,6,0,0,2,0,8,8
Whole Day 1 - Fri 24th Apr.mov,1240,0:20:40,13:50:40,37125,0,0,5,0,0,1,1,6,6
Whole Day 1 - Fri 24th Apr.mov,1250,0:20:50,13:50:50,37424,1,0,4,0,1,3,0,8,9
Whole Day 1 - Fri 24th Apr.mov,1260,0:21:00,13:51:00,37724,1,0,5,0,2,0,1,7,8
Whole Day 1 - Fri 24th Apr.mov,1270,0:21:10,13:51:10,38023,1,0,6,0,0,1,1,7,8
Whole Day 1 - Fri 24th Apr.mov,1280,0:21:20,13:51:20,38323,1,0,8,0,0,1,0,9,10
Whole Day 1 - Fri 24th Apr.mov,1290,0:21:30,13:51:30,38622,0,0,6,0,1,3,1,10,10
Whole Day 1 - Fri 24th Apr.mov,1300,0:21:40,13:51:40,38921,0,0,7,0,0,0,0,7,7
Whole Day 1 - Fri 24th Apr.mov,1310,0:21:50,13:51:50,39221,0,0,3,0,0,2,1,5,5
Whole Day 1 - Fri 24th Apr.mov,1320,0:22:00,13:52:00,39520,0,0,0,0,0,1,1,1,1
Whole Day 1 - Fri 24th Apr.mov,1330,0:22:10,13:52:10,39820,1,0,1,1,0,1,1,3,4
Whole Day 1 - Fri 24th Apr.mov,1340,0:22:20,13:52:20,40119,0,0,2,0,0,1,0,3,3
Whole Day 1 - Fri 24th Apr.mov,1350,0:22:30,13:52:30,40418,0,0,2,0,0,1,1,3,3
Whole Day 1 - Fri 24th Apr.mov,1360,0:22:40,13:52:40,40718,1,0,4,0,0,1,2,5,6
Whole Day 1 - Fri 24th Apr.mov,1370,0:22:50,13:52:50,41017,1,0,4,0,0,1,2,5,6
Whole Day 1 - Fri 24th Apr.mov,1380,0:23:00,13:53:00,41317,1,0,5,0,0,1,1,6,7
Whole Day 1 - Fri 24th Apr.mov,1390,0:23:10,13:53:10,41616,3,0,10,0,1,1,0,12,15
Whole Day 1 - Fri 24th Apr.mov,1400,0:23:20,13:53:20,41915,1,0,7,0,0,2,2,9,10
Whole Day 1 - Fri 24th Apr.mov,1410,0:23:30,13:53:30,42215,0,0,8,0,0,0,1,8,8
Whole Day 1 - Fri 24th Apr.mov,1420,0:23:40,13:53:40,42514,0,0,7,0,0,0,2,7,7
Whole Day 1 - Fri 24th Apr.mov,1430,0:23:50,13:53:50,42814,0,0,6,0,1,2,0,9,9
Whole Day 1 - Fri 24th Apr.mov,1440,0:24:00,13:54:00,43113,2,0,5,0,0,1,1,6,8
Whole Day 1 - Fri 24th Apr.mov,1450,0:24:10,13:54:10,43412,1,0,3,0,0,1,0,4,5
Whole Day 1 - Fri 24th Apr.mov,1460,0:24:20,13:54:20,43712,1,0,3,0,0,1,1,4,5
Whole Day 1 - Fri 24th Apr.mov,1470,0:24:30,13:54:30,44011,1,0,1,0,0,1,0,2,3
Whole Day 1 - Fri 24th Apr.mov,1480,0:24:40,13:54:40,44311,1,0,0,0,0,1,1,1,2
Whole Day 1 - Fri 24th Apr.mov,1490,0:24:50,13:54:50,44610,1,0,1,0,0,1,2,2,3
Whole Day 1 - Fri 24th Apr.mov,1500,0:25:00,13:55:00,44909,1,0,7,0,0,1,1,8,9
Whole Day 1 - Fri 24th Apr.mov,1510,0:25:10,13:55:10,45209,0,0,7,0,0,1,0,8,8
Whole Day 1 - Fri 24th Apr.mov,1520,0:25:20,13:55:20,45508,1,0,10,0,0,1,2,11,12
Whole Day 1 - Fri 24th Apr.mov,1530,0:25:30,13:55:30,45808,0,0,8,0,0,0,1,8,8
Whole Day 1 - Fri 24th Apr.mov,1540,0:25:40,13:55:40,46107,0,0,5,0,2,3,0,10,10
Whole Day 1 - Fri 24th Apr.mov,1550,0:25:50,13:55:50,46406,3,0,13,0,1,1,2,15,18
Whole Day 1 - Fri 24th Apr.mov,1560,0:26:00,13:56:00,46706,1,0,11,0,1,1,0,13,14
Whole Day 1 - Fri 24th Apr.mov,1570,0:26:10,13:56:10,47005,0,0,7,0,0,1,0,8,8
Whole Day 1 - Fri 24th Apr.mov,1580,0:26:20,13:56:20,47305,0,0,5,0,0,1,0,6,6
Whole Day 1 - Fri 24th Apr.mov,1590,0:26:30,13:56:30,47604,0,0,5,0,0,1,0,6,6
Whole Day 1 - Fri 24th Apr.mov,1600,0:26:40,13:56:40,47903,0,0,2,0,0,1,0,3,3
Whole Day 1 - Fri 24th Apr.mov,1610,0:26:50,13:56:50,48203,0,0,1,0,0,1,1,2,2
Whole Day 1 - Fri 24th Apr.mov,1620,0:27:00,13:57:00,48502,1,0,1,0,0,1,1,2,3
Whole Day 1 - Fri 24th Apr.mov,1630,0:27:10,13:57:10,48802,0,0,1,0,0,1,0,2,2
Whole Day 1 - Fri 24th Apr.mov,1640,0:27:20,13:57:20,49101,0,0,5,0,0,1,0,6,6
Whole Day 1 - Fri 24th Apr.mov,1650,0:27:30,13:57:30,49400,0,0,9,0,0,1,0,10,10
Whole Day 1 - Fri 24th Apr.mov,1660,0:27:40,13:57:40,49700,0,0,7,0,0,1,0,8,8
Whole Day 1 - Fri 24th Apr.mov,1670,0:27:50,13:57:50,49999,0,0,8,0,0,1,1,9,9
Whole Day 1 - Fri 24th Apr.mov,1680,0:28:00,13:58:00,50299,0,0,7,0,0,0,1,7,7
Whole Day 1 - Fri 24th Apr.mov,1690,0:28:10,13:58:10,50598,0,0,5,0,0,2,0,7,7
Whole Day 1 - Fri 24th Apr.mov,1700,0:28:20,13:58:20,50897,0,0,9,0,0,0,0,9,9
Whole Day 1 - Fri 24th Apr.mov,1710,0:28:30,13:58:30,51197,0,0,8,0,0,1,1,9,9
Whole Day 1 - Fri 24th Apr.mov,1720,0:28:40,13:58:40,51496,0,0,9,0,0,2,1,11,11
Whole Day 1 - Fri 24th Apr.mov,1730,0:28:50,13:58:50,51796,0,0,4,0,1,0,0,5,5
Whole Day 1 - Fri 24th Apr.mov,1740,0:29:00,13:59:00,52095,0,0,7,0,0,1,0,8,8
Whole Day 1 - Fri 24th Apr.mov,1750,0:29:10,13:59:10,52394,0,0,7,0,0,1,0,8,8
Whole Day 1 - Fri 24th Apr.mov,1760,0:29:20,13:59:20,52694,0,0,2,0,0,1,0,3,3
Whole Day 1 - Fri 24th Apr.mov,1770,0:29:30,13:59:30,52993,0,0,9,0,0,3,0,12,12
Whole Day 1 - Fri 24th Apr.mov,1780,0:29:40,13:59:40,53293,0,0,4,0,0,1,1,5,5
Whole Day 1 - Fri 24th Apr.mov,1790,0:29:50,13:59:50,53592,0,0,11,0,0,1,0,12,12
Whole Day 1 - Fri 24th Apr.mov,1800,0:30:00,14:00:00,53891,0,0,8,0,0,3,0,11,11
Whole Day 1 - Fri 24th Apr.mov,1810,0:30:10,14:00:10,54191,1,0,10,0,1,1,1,12,13
Whole Day 1 - Fri 24th Apr.mov,1820,0:30:20,14:00:20,54490,1,0,11,0,0,1,0,12,13
Whole Day 1 - Fri 24th Apr.mov,1830,0:30:30,14:00:30,54790,4,0,4,0,1,0,0,5,9
Whole Day 1 - Fri 24th Apr.mov,1840,0:30:40,14:00:40,55089,3,0,2,0,0,2,0,4,7
Whole Day 1 - Fri 24th Apr.mov,1850,0:30:50,14:00:50,55388,3,0,3,0,0,2,1,5,8
Whole Day 1 - Fri 24th Apr.mov,1860,0:31:00,14:01:00,55688,0,0,5,0,1,1,1,7,7
Whole Day 1 - Fri 24th Apr.mov,1870,0:31:10,14:01:10,55987,0,0,3,0,0,1,1,4,4
Whole Day 1 - Fri 24th Apr.mov,1880,0:31:20,14:01:20,56287,0,0,2,0,0,1,1,3,3
Whole Day 1 - Fri 24th Apr.mov,1890,0:31:30,14:01:30,56586,0,0,0,0,0,1,0,1,1
Whole Day 1 - Fri 24th Apr.mov,1900,0:31:40,14:01:40,56885,0,0,3,0,0,1,0,4,4
Whole Day 1 - Fri 24th Apr.mov,1910,0:31:50,14:01:50,57185,0,0,3,0,0,1,1,4,4
Whole Day 1 - Fri 24th Apr.mov,1920,0:32:00,14:02:00,57484,0,0,5,0,0,2,1,7,7
Whole Day 1 - Fri 24th Apr.mov,1930,0:32:10,14:02:10,57784,0,0,6,0,1,1,1,8,8
Whole Day 1 - Fri 24th Apr.mov,1940,0:32:20,14:02:20,58083,0,0,7,0,0,1,0,8,8
Whole Day 1 - Fri 24th Apr.mov,1950,0:32:30,14:02:30,58382,0,0,8,0,0,1,1,9,9
Whole Day 1 - Fri 24th Apr.mov,1960,0:32:40,14:02:40,58682,0,0,8,0,1,2,0,11,11
Whole Day 1 - Fri 24th Apr.mov,1970,0:32:50,14:02:50,58981,0,0,11,0,0,1,1,12,12
Whole Day 1 - Fri 24th Apr.mov,1980,0:33:00,14:03:00,59280,1,0,9,0,0,1,1,10,11
Whole Day 1 - Fri 24th Apr.mov,1990,0:33:10,14:03:10,59580,0,0,7,0,0,0,0,7,7
Whole Day 1 - Fri 24th Apr.mov,2000,0:33:20,14:03:20,59879,0,0,4,0,0,1,0,5,5
Whole Day 1 - Fri 24th Apr.mov,2010,0:33:30,14:03:30,60179,0,0,6,0,1,1,1,8,8
Whole Day 1 - Fri 24th Apr.mov,2020,0:33:40,14:03:40,60478,0,0,0,0,0,1,1,1,1
Whole Day 1 - Fri 24th Apr.mov,2030,0:33:50,14:03:50,60777,0,0,2,0,0,1,1,3,3
Whole Day 1 - Fri 24th Apr.mov,2040,0:34:00,14:04:00,61077,1,0,0,0,0,1,1,1,2
Whole Day 1 - Fri 24th Apr.mov,2050,0:34:10,14:04:10,61376,0,0,0,0,0,1,1,1,1
Whole Day 1 - Fri 24th Apr.mov,2060,0:34:20,14:04:20,61676,0,0,4,0,0,1,0,5,5
Whole Day 1 - Fri 24th Apr.mov,2070,0:34:30,14:04:30,61975,0,0,9,0,1,1,0,11,11
Whole Day 1 - Fri 24th Apr.mov,2080,0:34:40,14:04:40,62274,0,0,9,0,1,1,1,11,11
Whole Day 1 - Fri 24th Apr.mov,2090,0:34:50,14:04:50,62574,0,0,10,0,1,1,1,12,12
Whole Day 1 - Fri 24th Apr.mov,2100,0:35:00,14:05:00,62873,0,0,13,0,0,0,0,13,13
Whole Day 1 - Fri 24th Apr.mov,2110,0:35:10,14:05:10,63173,0,0,7,0,1,1,1,9,9
Whole Day 1 - Fri 24th Apr.mov,2120,0:35:20,14:05:20,63472,0,0,6,0,0,1,0,7,7
Whole Day 1 - Fri 24th Apr.mov,2130,0:35:30,14:05:30,63771,0,0,5,0,0,1,0,6,6
Whole Day 1 - Fri 24th Apr.mov,2140,0:35:40,14:05:40,64071,0,0,8,0,0,0,1,8,8
Whole Day 1 - Fri 24th Apr.mov,2150,0:35:50,14:05:50,64370,0,0,8,0,0,0,0,8,8
Whole Day 1 - Fri 24th Apr.mov,2160,0:36:00,14:06:00,64670,0,0,7,0,0,1,1,8,8
Whole Day 1 - Fri 24th Apr.mov,2170,0:36:10,14:06:10,64969,0,0,5,0,1,2,0,8,8
Whole Day 1 - Fri 24th Apr.mov,2180,0:36:20,14:06:20,65268,0,0,0,0,0,1,0,1,1
Whole Day 1 - Fri 24th Apr.mov,2190,0:36:30,14:06:30,65568,0,0,6,0,0,1,0,7,7
Whole Day 1 - Fri 24th Apr.mov,2200,0:36:40,14:06:40,65867,0,0,8,0,0,1,0,9,9
Whole Day 1 - Fri 24th Apr.mov,2210,0:36:50,14:06:50,66167,0,0,9,0,0,2,0,11,11
Whole Day 1 - Fri 24th Apr.mov,2220,0:37:00,14:07:00,66466,0,0,9,0,0,1,1,10,10
Whole Day 1 - Fri 24th Apr.mov,2230,0:37:10,14:07:10,66765,0,0,9,0,0,1,1,10,10
Whole Day 1 - Fri 24th Apr.mov,2240,0:37:20,14:07:20,67065,2,0,9,0,0,0,1,9,11
Whole Day 1 - Fri 24th Apr.mov,2250,0:37:30,14:07:30,67364,2,0,9,0,0,1,0,10,12
Whole Day 1 - Fri 24th Apr.mov,2260,0:37:40,14:07:40,67664,3,0,8,0,4,0,0,12,15
Whole Day 1 - Fri 24th Apr.mov,2270,0:37:50,14:07:50,67963,0,0,11,0,0,2,0,13,13
Whole Day 1 - Fri 24th Apr.mov,2280,0:38:00,14:08:00,68262,1,0,9,0,0,1,1,10,11
Whole Day 1 - Fri 24th Apr.mov,2290,0:38:10,14:08:10,68562,2,0,9,0,0,2,1,11,13
Whole Day 1 - Fri 24th Apr.mov,2300,0:38:20,14:08:20,68861,4,0,10,0,0,1,0,11,15
Whole Day 1 - Fri 24th Apr.mov,2310,0:38:30,14:08:30,69161,3,0,1,0,0,1,2,2,5
Whole Day 1 - Fri 24th Apr.mov,2320,0:38:40,14:08:40,69460,3,0,0,0,0,1,3,1,4
Whole Day 1 - Fri 24th Apr.mov,2330,0:38:50,14:08:50,69759,4,0,2,0,0,2,3,4,8
Whole Day 1 - Fri 24th Apr.mov,2340,0:39:00,14:09:00,70059,3,1,2,1,0,1,2,4,8
Whole Day 1 - Fri 24th Apr.mov,2350,0:39:10,14:09:10,70358,2,0,2,0,0,1,3,3,5
Whole Day 1 - Fri 24th Apr.mov,2360,0:39:20,14:09:20,70658,3,0,7,0,0,0,2,7,10
Whole Day 1 - Fri 24th Apr.mov,2370,0:39:30,14:09:30,70957,4,0,7,0,0,1,0,8,12
Whole Day 1 - Fri 24th Apr.mov,2380,0:39:40,14:09:40,71256,1,0,9,0,0,1,0,10,11
Whole Day 1 - Fri 24th Apr.mov,2390,0:39:50,14:09:50,71556,0,0,9,0,0,1,1,10,10
Whole Day 1 - Fri 24th Apr.mov,2400,0:40:00,14:10:00,71855,1,0,3,0,0,1,1,4,5
Whole Day 1 - Fri 24th Apr.mov,2410,0:40:10,14:10:10,72155,0,0,12,0,0,1,0,13,13
Whole Day 1 - Fri 24th Apr.mov,2420,0:40:20,14:10:20,72454,0,0,7,0,1,1,0,9,9
Whole Day 1 - Fri 24th Apr.mov,2430,0:40:30,14:10:30,72753,0,0,9,0,0,1,0,10,10
Whole Day 1 - Fri 24th Apr.mov,2440,0:40:40,14:10:40,73053,0,0,1,0,0,1,1,2,2
Whole Day 1 - Fri 24th Apr.mov,2450,0:40:50,14:10:50,73352,0,0,1,0,0,1,0,2,2
Whole Day 1 - Fri 24th Apr.mov,2460,0:41:00,14:11:00,73652,0,0,1,0,0,1,1,2,2
Whole Day 1 - Fri 24th Apr.mov,2470,0:41:10,14:11:10,73951,0,0,4,0,0,1,0,5,5
Whole Day 1 - Fri 24th Apr.mov,2480,0:41:20,14:11:20,74250,1,0,8,0,0,1,0,9,10
Whole Day 1 - Fri 24th Apr.mov,2490,0:41:30,14:11:30,74550,0,0,8,0,0,1,0,9,9
Whole Day 1 - Fri 24th Apr.mov,2500,0:41:40,14:11:40,74849,0,0,11,0,0,1,0,12,12
Whole Day 1 - Fri 24th Apr.mov,2510,0:41:50,14:11:50,75149,0,0,4,0,0,2,0,6,6
Whole Day 1 - Fri 24th Apr.mov,2520,0:42:00,14:12:00,75448,0,0,7,0,0,0,0,7,7
Whole Day 1 - Fri 24th Apr.mov,2530,0:42:10,14:12:10,75747,0,0,4,1,0,2,1,7,7
Whole Day 1 - Fri 24th Apr.mov,2540,0:42:20,14:12:20,76047,1,0,7,0,1,1,0,9,10
Whole Day 1 - Fri 24th Apr.mov,2550,0:42:30,14:12:30,76346,0,0,7,0,0,1,0,8,8
Whole Day 1 - Fri 24th Apr.mov,2560,0:42:40,14:12:40,76646,0,0,6,0,0,0,0,6,6
Whole Day 1 - Fri 24th Apr.mov,2570,0:42:50,14:12:50,76945,1,0,8,0,0,1,1,9,10
Whole Day 1 - Fri 24th Apr.mov,2580,0:43:00,14:13:00,77244,1,0,2,0,1,0,0,3,4
Whole Day 1 - Fri 24th Apr.mov,2590,0:43:10,14:13:10,77544,0,0,1,0,0,2,1,3,3
Whole Day 1 - Fri 24th Apr.mov,2600,0:43:20,14:13:20,77843,0,0,2,0,0,0,0,2,2
Whole Day 1 - Fri 24th Apr.mov,2610,0:43:30,14:13:30,78143,0,0,0,0,0,1,0,1,1
Whole Day 1 - Fri 24th Apr.mov,2620,0:43:40,14:13:40,78442,0,0,1,0,0,1,0,2,2
Whole Day 1 - Fri 24th Apr.mov,2630,0:43:50,14:13:50,78741,0,0,6,0,0,0,0,6,6
Whole Day 1 - Fri 24th Apr.mov,2640,0:44:00,14:14:00,79041,0,0,4,0,0,0,1,4,4
Whole Day 1 - Fri 24th Apr.mov,2650,0:44:10,14:14:10,79340,0,0,7,0,0,1,0,8,8
Whole Day 1 - Fri 24th Apr.mov,2660,0:44:20,14:14:20,79640,0,0,4,0,0,3,0,7,7
Whole Day 1 - Fri 24th Apr.mov,2670,0:44:30,14:14:30,79939,0,0,10,0,0,0,2,10,10
Whole Day 1 - Fri 24th Apr.mov,2680,0:44:40,14:14:40,80238,0,0,12,0,0,1,0,13,13
Whole Day 1 - Fri 24th Apr.mov,2690,0:44:50,14:14:50,80538,0,0,8,0,0,0,1,8,8
Whole Day 1 - Fri 24th Apr.mov,2700,0:45:00,14:15:00,80837,0,0,3,0,0,0,0,3,3
Whole Day 1 - Fri 24th Apr.mov,2710,0:45:10,14:15:10,81137,0,0,7,0,0,0,0,7,7
Whole Day 1 - Fri 24th Apr.mov,2720,0:45:20,14:15:20,81436,0,0,0,0,1,0,0,1,1
Whole Day 1 - Fri 24th Apr.mov,2730,0:45:30,14:15:30,81735,0,0,1,0,0,4,0,5,5
Whole Day 1 - Fri 24th Apr.mov,2740,0:45:40,14:15:40,82035,1,0,3,0,0,4,0,7,8
Whole Day 1 - Fri 24th Apr.mov,2750,0:45:50,14:15:50,82334,1,0,5,0,0,2,0,7,8
Whole Day 1 - Fri 24th Apr.mov,2760,0:46:00,14:16:00,82634,4,0,8,0,0,1,0,9,13
Whole Day 1 - Fri 24th Apr.mov,2770,0:46:10,14:16:10,82933,2,0,7,0,0,1,1,8,10
Whole Day 1 - Fri 24th Apr.mov,2780,0:46:20,14:16:20,83232,2,0,7,0,0,1,0,8,10
Whole Day 1 - Fri 24th Apr.mov,2790,0:46:30,14:16:30,83532,0,0,10,0,0,0,0,10,10
Whole Day 1 - Fri 24th Apr.mov,2800,0:46:40,14:16:40,83831,0,0,5,0,0,0,2,5,5
Whole Day 1 - Fri 24th Apr.mov,2810,0:46:50,14:16:50,84131,4,0,4,0,0,0,2,4,8
Whole Day 1 - Fri 24th Apr.mov,2820,0:47:00,14:17:00,84430,1,0,5,0,0,1,1,6,7
Whole Day 1 - Fri 24th Apr.mov,2830,0:47:10,14:17:10,84729,1,0,2,0,0,1,0,3,4
Whole Day 1 - Fri 24th Apr.mov,2840,0:47:20,14:17:20,85029,3,0,0,0,0,1,0,1,4
Whole Day 1 - Fri 24th Apr.mov,2850,0:47:30,14:17:30,85328,2,0,4,0,0,0,2,4,6
Whole Day 1 - Fri 24th Apr.mov,2860,0:47:40,14:17:40,85628,3,0,6,0,0,1,3,7,10
Whole Day 1 - Fri 24th Apr.mov,2870,0:47:50,14:17:50,85927,2,0,2,0,0,1,1,3,5
Whole Day 1 - Fri 24th Apr.mov,2880,0:48:00,14:18:00,86226,0,0,5,0,0,1,0,6,6
Whole Day 1 - Fri 24th Apr.mov,2890,0:48:10,14:18:10,86526,1,0,10,0,0,1,0,11,12
Whole Day 1 - Fri 24th Apr.mov,2900,0:48:20,14:18:20,86825,1,0,6,0,0,1,0,7,8
Whole Day 1 - Fri 24th Apr.mov,2910,0:48:30,14:18:30,87125,2,0,7,0,1,2,0,10,12
Whole Day 1 - Fri 24th Apr.mov,2920,0:48:40,14:18:40,87424,1,0,5,0,0,1,2,6,7
Whole Day 1 - Fri 24th Apr.mov,2930,0:48:50,14:18:50,87723,1,0,2,0,0,1,2,3,4
Whole Day 1 - Fri 24th Apr.mov,2940,0:49:00,14:19:00,88023,1,0,0,0,0,2,0,2,3
Whole Day 1 - Fri 24th Apr.mov,2950,0:49:10,14:19:10,88322,1,0,1,0,0,1,2,2,3
Whole Day 1 - Fri 24th Apr.mov,2960,0:49:20,14:19:20,88622,0,0,2,0,0,1,1,3,3
Whole Day 1 - Fri 24th Apr.mov,2970,0:49:30,14:19:30,88921,1,0,6,0,0,4,1,10,11
Whole Day 1 - Fri 24th Apr.mov,2980,0:49:40,14:19:40,89220,1,0,11,0,0,1,0,12,13
Whole Day 1 - Fri 24th Apr.mov,2990,0:49:50,14:19:50,89520,2,0,7,0,1,3,1,11,13
Whole Day 1 - Fri 24th Apr.mov,3000,0:50:00,14:20:00,89819,4,0,6,0,0,1,0,7,11
Whole Day 1 - Fri 24th Apr.mov,3010,0:50:10,14:20:10,90119,2,0,10,0,0,0,0,10,12
Whole Day 1 - Fri 24th Apr.mov,3020,0:50:20,14:20:20,90418,1,0,9,0,0,1,1,10,11
Whole Day 1 - Fri 24th Apr.mov,3030,0:50:30,14:20:30,90717,0,0,7,0,0,1,2,8,8
Whole Day 1 - Fri 24th Apr.mov,3040,0:50:40,14:20:40,91017,1,0,9,0,0,0,1,9,10
Whole Day 1 - Fri 24th Apr.mov,3050,0:50:50,14:20:50,91316,0,0,5,0,0,2,1,7,7
Whole Day 1 - Fri 24th Apr.mov,3060,0:51:00,14:21:00,91616,0,0,2,0,0,1,0,3,3
Whole Day 1 - Fri 24th Apr.mov,3070,0:51:10,14:21:10,91915,3,0,4,0,0,1,0,5,8
Whole Day 1 - Fri 24th Apr.mov,3080,0:51:20,14:21:20,92214,0,0,5,0,0,1,1,6,6
Whole Day 1 - Fri 24th Apr.mov,3090,0:51:30,14:21:30,92514,0,0,5,0,0,1,0,6,6
Whole Day 1 - Fri 24th Apr.mov,3100,0:51:40,14:21:40,92813,0,0,7,0,0,1,1,8,8
Whole Day 1 - Fri 24th Apr.mov,3110,0:51:50,14:21:50,93113,0,0,5,0,0,0,0,5,5
Whole Day 1 - Fri 24th Apr.mov,3120,0:52:00,14:22:00,93412,0,0,11,0,0,0,0,11,11
Whole Day 1 - Fri 24th Apr.mov,3130,0:52:10,14:22:10,93711,1,0,7,0,0,0,0,7,8
Whole Day 1 - Fri 24th Apr.mov,3140,0:52:20,14:22:20,94011,1,0,5,0,0,0,0,5,6
Whole Day 1 - Fri 24th Apr.mov,3150,0:52:30,14:22:30,94310,2,0,1,0,0,1,1,2,4
Whole Day 1 - Fri 24th Apr.mov,3160,0:52:40,14:22:40,94610,1,0,1,0,0,1,2,2,3
Whole Day 1 - Fri 24th Apr.mov,3170,0:52:50,14:22:50,94909,3,0,2,0,0,1,1,3,6
Whole Day 1 - Fri 24th Apr.mov,3180,0:53:00,14:23:00,95208,0,0,4,0,0,0,3,4,4
Whole Day 1 - Fri 24th Apr.mov,3190,0:53:10,14:23:10,95508,0,0,5,0,0,0,1,5,5
Whole Day 1 - Fri 24th Apr.mov,3200,0:53:20,14:23:20,95807,0,0,6,0,0,2,1,8,8
Whole Day 1 - Fri 24th Apr.mov,3210,0:53:30,14:23:30,96107,0,0,8,0,0,0,0,8,8
Whole Day 1 - Fri 24th Apr.mov,3220,0:53:40,14:23:40,96406,0,0,3,1,0,1,2,5,5
Whole Day 1 - Fri 24th Apr.mov,3230,0:53:50,14:23:50,96705,2,0,4,0,0,0,2,4,6
Whole Day 1 - Fri 24th Apr.mov,3240,0:54:00,14:24:00,97005,1,0,5,0,0,0,2,5,6
Whole Day 1 - Fri 24th Apr.mov,3250,0:54:10,14:24:10,97304,0,0,6,0,0,1,0,7,7
Whole Day 1 - Fri 24th Apr.mov,3260,0:54:20,14:24:20,97604,0,0,9,0,0,0,0,9,9
Whole Day 1 - Fri 24th Apr.mov,3270,0:54:30,14:24:30,97903,0,0,7,0,0,0,0,7,7
Whole Day 1 - Fri 24th Apr.mov,3280,0:54:40,14:24:40,98202,1,0,7,0,0,2,0,9,10
Whole Day 1 - Fri 24th Apr.mov,3290,0:54:50,14:24:50,98502,1,0,6,0,3,0,3,9,10
Whole Day 1 - Fri 24th Apr.mov,3300,0:55:00,14:25:00,98801,2,0,2,0,2,2,2,6,8
Whole Day 1 - Fri 24th Apr.mov,3310,0:55:10,14:25:10,99101,1,0,7,0,0,0,1,7,8
Whole Day 1 - Fri 24th Apr.mov,3320,0:55:20,14:25:20,99400,0,0,6,0,0,0,1,6,6
Whole Day 1 - Fri 24th Apr.mov,3330,0:55:30,14:25:30,99699,1,0,2,0,0,0,3,2,3
Whole Day 1 - Fri 24th Apr.mov,3340,0:55:40,14:25:40,99999,0,0,6,0,0,0,3,6,6
Whole Day 1 - Fri 24th Apr.mov,3350,0:55:50,14:25:50,100298,1,0,2,0,0,0,3,2,3
Whole Day 1 - Fri 24th Apr.mov,3360,0:56:00,14:26:00,100598,0,0,5,0,0,0,3,5,5
Whole Day 1 - Fri 24th Apr.mov,3370,0:56:10,14:26:10,100897,0,0,10,0,0,0,0,10,10
Whole Day 1 - Fri 24th Apr.mov,3380,0:56:20,14:26:20,101196,0,0,7,0,0,1,0,8,8
Whole Day 1 - Fri 24th Apr.mov,3390,0:56:30,14:26:30,101496,1,0,7,0,0,0,1,7,8
Whole Day 1 - Fri 24th Apr.mov,3400,0:56:40,14:26:40,101795,4,0,6,0,0,1,2,7,11
Whole Day 1 - Fri 24th Apr.mov,3410,0:56:50,14:26:50,102095,0,0,4,0,0,1,0,5,5
Whole Day 1 - Fri 24th Apr.mov,3420,0:57:00,14:27:00,102394,0,0,5,0,0,0,0,5,5
Whole Day 1 - Fri 24th Apr.mov,3430,0:57:10,14:27:10,102693,0,0,0,0,0,0,0,0,0
Whole Day 1 - Fri 24th Apr.mov,3440,0:57:20,14:27:20,102993,2,0,3,0,0,0,2,3,5
Whole Day 1 - Fri 24th Apr.mov,3450,0:57:30,14:27:30,103292,2,0,4,0,0,0,2,4,6
Whole Day 1 - Fri 24th Apr.mov,3460,0:57:40,14:27:40,103592,0,0,4,0,0,0,1,4,4
Whole Day 1 - Fri 24th Apr.mov,3470,0:57:50,14:27:50,103891,1,0,6,0,0,0,0,6,7
Whole Day 1 - Fri 24th Apr.mov,3480,0:58:00,14:28:00,104190,1,0,7,0,0,0,1,7,8
Whole Day 1 - Fri 24th Apr.mov,3490,0:58:10,14:28:10,104490,0,0,8,0,0,0,0,8,8
Whole Day 1 - Fri 24th Apr.mov,3500,0:58:20,14:28:20,104789,0,0,10,0,0,0,0,10,10
Whole Day 1 - Fri 24th Apr.mov,3510,0:58:30,14:28:30,105089,0,0,6,0,0,0,1,6,6
Whole Day 1 - Fri 24th Apr.mov,3520,0:58:40,14:28:40,105388,1,0,8,0,0,1,1,9,10
Whole Day 1 - Fri 24th Apr.mov,3530,0:58:50,14:28:50,105687,0,0,3,0,1,0,0,4,4
Whole Day 1 - Fri 24th Apr.mov,3540,0:59:00,14:29:00,105987,0,0,4,0,0,0,0,4,4
Whole Day 1 - Fri 24th Apr.mov,3550,0:59:10,14:29:10,106286,0,0,9,0,0,1,0,10,10
Whole Day 1 - Fri 24th Apr.mov,3560,0:59:20,14:29:20,106586,0,0,11,0,0,0,0,11,11
Whole Day 1 - Fri 24th Apr.mov,3570,0:59:30,14:29:30,106885,1,0,9,0,0,0,0,9,10
Whole Day 1 - Fri 24th Apr.mov,3580,0:59:40,14:29:40,107184,2,0,13,0,0,1,0,14,16
Whole Day 1 - Fri 24th Apr.mov,3590,0:59:50,14:29:50,107484,0,0,8,0,0,0,0,8,8
Whole Day 1 - Fri 24th Apr.mov,3600,1:00:00,14:30:00,107783,3,0,6,0,0,0,2,6,9
Whole Day 1 - Fri 24th Apr.mov,3610,1:00:10,14:30:10,108083,3,0,4,0,1,2,1,7,10
Whole Day 1 - Fri 24th Apr.mov,3620,1:00:20,14:30:20,108382,4,0,8,0,0,0,3,8,12
Whole Day 1 - Fri 24th Apr.mov,3630,1:00:30,14:30:30,108681,4,0,6,0,0,0,5,6,10
Whole Day 1 - Fri 24th Apr.mov,3640,1:00:40,14:30:40,108981,3,0,6,0,0,0,2,6,9
Whole Day 1 - Fri 24th Apr.mov,3650,1:00:50,14:30:50,109280,3,0,7,0,0,0,3,7,10
Whole Day 1 - Fri 24th Apr.mov,3660,1:01:00,14:31:00,109580,1,0,3,0,0,0,0,3,4
Whole Day 1 - Fri 24th Apr.mov,3670,1:01:10,14:31:10,109879,1,0,12,0,0,0,0,12,13
Whole Day 1 - Fri 24th Apr.mov,3680,1:01:20,14:31:20,110178,2,0,5,0,0,1,0,6,8
Whole Day 1 - Fri 24th Apr.mov,3690,1:01:30,14:31:30,110478,2,0,6,0,0,0,2,6,8
Whole Day 1 - Fri 24th Apr.mov,3700,1:01:40,14:31:40,110777,1,0,4,0,0,1,1,5,6
Whole Day 1 - Fri 24th Apr.mov,3710,1:01:50,14:31:50,111077,2,0,6,0,0,0,1,6,8
Whole Day 1 - Fri 24th Apr.mov,3720,1:02:00,14:32:00,111376,2,0,3,0,0,0,1,3,5
Whole Day 1 - Fri 24th Apr.mov,3730,1:02:10,14:32:10,111675,2,0,4,0,0,1,0,5,7
Whole Day 1 - Fri 24th Apr.mov,3740,1:02:20,14:32:20,111975,1,0,7,0,0,0,0,7,8
Whole Day 1 - Fri 24th Apr.mov,3750,1:02:30,14:32:30,112274,1,0,9,0,0,1,0,10,11
Whole Day 1 - Fri 24th Apr.mov,3760,1:02:40,14:32:40,112574,1,0,6,0,0,0,1,6,7
Whole Day 1 - Fri 24th Apr.mov,3770,1:02:50,14:32:50,112873,0,0,9,0,0,0,0,9,9
Whole Day 1 - Fri 24th Apr.mov,3780,1:03:00,14:33:00,113172,0,0,10,0,0,1,0,11,11
Whole Day 1 - Fri 24th Apr.mov,3790,1:03:10,14:33:10,113472,3,0,7,0,0,0,0,7,10
Whole Day 1 - Fri 24th Apr.mov,3800,1:03:20,14:33:20,113771,3,0,10,0,0,0,1,10,13
Whole Day 1 - Fri 24th Apr.mov,3810,1:03:30,14:33:30,114071,3,0,2,0,0,0,3,2,5
Whole Day 1 - Fri 24th Apr.mov,3820,1:03:40,14:33:40,114370,1,0,1,0,0,0,0,1,2
Whole Day 1 - Fri 24th Apr.mov,3830,1:03:50,14:33:50,114669,1,0,2,0,0,0,0,2,3
Whole Day 1 - Fri 24th Apr.mov,3840,1:04:00,14:34:00,114969,2,0,2,0,0,0,2,2,4
Whole Day 1 - Fri 24th Apr.mov,3850,1:04:10,14:34:10,115268,0,0,5,0,1,3,0,9,9
Whole Day 1 - Fri 24th Apr.mov,3860,1:04:20,14:34:20,115568,0,0,6,0,0,3,0,9,9
Whole Day 1 - Fri 24th Apr.mov,3870,1:04:30,14:34:30,115867,2,0,5,0,1,4,0,10,12
Whole Day 1 - Fri 24th Apr.mov,3880,1:04:40,14:34:40,116166,2,0,6,1,0,1,0,8,10
Whole Day 1 - Fri 24th Apr.mov,3890,1:04:50,14:34:50,116466,0,0,13,0,0,0,0,13,13
Whole Day 1 - Fri 24th Apr.mov,3900,1:05:00,14:35:00,116765,2,0,7,0,0,1,0,8,10
Whole Day 1 - Fri 24th Apr.mov,3910,1:05:10,14:35:10,117065,2,0,4,0,0,0,0,4,6
Whole Day 1 - Fri 24th Apr.mov,3920,1:05:20,14:35:20,117364,2,0,2,0,0,0,0,2,4
Whole Day 1 - Fri 24th Apr.mov,3930,1:05:30,14:35:30,117663,3,0,5,0,0,1,0,6,9
Whole Day 1 - Fri 24th Apr.mov,3940,1:05:40,14:35:40,117963,3,0,7,0,0,0,0,7,10
Whole Day 1 - Fri 24th Apr.mov,3950,1:05:50,14:35:50,118262,0,0,1,0,0,0,0,1,1
Whole Day 1 - Fri 24th Apr.mov,3960,1:06:00,14:36:00,118561,0,0,10,0,0,0,0,10,10
Whole Day 1 - Fri 24th Apr.mov,3970,1:06:10,14:36:10,118861,0,0,9,0,0,1,0,10,10
Whole Day 1 - Fri 24th Apr.mov,3980,1:06:20,14:36:20,119160,1,0,4,0,0,0,0,4,5
Whole Day 1 - Fri 24th Apr.mov,3990,1:06:30,14:36:30,119460,0,0,4,0,0,0,0,4,4
Whole Day 1 - Fri 24th Apr.mov,4000,1:06:40,14:36:40,119759,0,0,8,0,0,2,0,10,10
Whole Day 1 - Fri 24th Apr.mov,4010,1:06:50,14:36:50,120058,0,0,7,0,0,0,0,7,7
Whole Day 1 - Fri 24th Apr.mov,4020,1:07:00,14:37:00,120358,1,0,4,0,0,0,0,4,5
Whole Day 1 - Fri 24th Apr.mov,4030,1:07:10,14:37:10,120657,1,0,8,0,0,0,0,8,9
Whole Day 1 - Fri 24th Apr.mov,4040,1:07:20,14:37:20,120957,0,0,5,0,0,0,0,5,5
Whole Day 1 - Fri 24th Apr.mov,4050,1:07:30,14:37:30,121256,3,0,5,0,0,0,0,5,8
Whole Day 1 - Fri 24th Apr.mov,4060,1:07:40,14:37:40,121555,0,0,4,0,0,0,0,4,4
Whole Day 1 - Fri 24th Apr.mov,4070,1:07:50,14:37:50,121855,1,0,5,0,0,0,0,5,6
Whole Day 1 - Fri 24th Apr.mov,4080,1:08:00,14:38:00,122154,1,0,6,0,0,0,0,6,7
Whole Day 1 - Fri 24th Apr.mov,4090,1:08:10,14:38:10,122454,1,0,6,0,0,0,0,6,7
Whole Day 1 - Fri 24th Apr.mov,4100,1:08:20,14:38:20,122753,1,0,8,0,0,0,0,8,9
Whole Day 1 - Fri 24th Apr.mov,4110,1:08:30,14:38:30,123052,0,0,8,0,0,1,0,9,9
Whole Day 1 - Fri 24th Apr.mov,4120,1:08:40,14:38:40,123352,0,0,3,0,2,0,0,5,5
Whole Day 1 - Fri 24th Apr.mov,4130,1:08:50,14:38:50,123651,0,0,10,0,0,3,0,13,13
Whole Day 1 - Fri 24th Apr.mov,4140,1:09:00,14:39:00,123951,0,0,10,0,0,0,0,10,10
Whole Day 1 - Fri 24th Apr.mov,4150,1:09:10,14:39:10,124250,0,0,11,0,0,0,0,11,11
Whole Day 1 - Fri 24th Apr.mov,4160,1:09:20,14:39:20,124549,0,0,6,0,0,0,0,6,6
Whole Day 1 - Fri 24th Apr.mov,4170,1:09:30,14:39:30,124849,1,0,9,0,0,0,0,9,10
Whole Day 1 - Fri 24th Apr.mov,4180,1:09:40,14:39:40,125148,0,0,8,0,0,0,0,8,8
Whole Day 1 - Fri 24th Apr.mov,4190,1:09:50,14:39:50,125448,0,0,3,0,0,0,0,3,3
Whole Day 1 - Fri 24th Apr.mov,4200,1:10:00,14:40:00,125747,1,0,3,0,0,0,0,3,4
Whole Day 1 - Fri 24th Apr.mov,4210,1:10:10,14:40:10,126046,1,0,3,0,0,0,0,3,4
Whole Day 1 - Fri 24th Apr.mov,4220,1:10:20,14:40:20,126346,3,0,3,0,0,0,0,3,6
Whole Day 1 - Fri 24th Apr.mov,4230,1:10:30,14:40:30,126645,1,0,7,0,0,0,0,7,8
Whole Day 1 - Fri 24th Apr.mov,4240,1:10:40,14:40:40,126945,3,0,6,0,0,0,0,6,9
Whole Day 1 - Fri 24th Apr.mov,4250,1:10:50,14:40:50,127244,1,0,5,0,0,0,0,5,6
Whole Day 1 - Fri 24th Apr.mov,4260,1:11:00,14:41:00,127543,0,0,7,0,0,1,0,8,8
Whole Day 1 - Fri 24th Apr.mov,4270,1:11:10,14:41:10,127843,0,0,9,0,0,1,0,10,10
Whole Day 1 - Fri 24th Apr.mov,4280,1:11:20,14:41:20,128142,0,0,9,0,0,0,0,9,9
Whole Day 1 - Fri 24th Apr.mov,4290,1:11:30,14:41:30,128442,0,0,5,0,0,0,0,5,5
Whole Day 1 - Fri 24th Apr.mov,4300,1:11:40,14:41:40,128741,0,0,9,0,0,0,0,9,9
Whole Day 1 - Fri 24th Apr.mov,4310,1:11:50,14:41:50,129040,3,0,5,0,0,1,0,6,9
Whole Day 1 - Fri 24th Apr.mov,4320,1:12:00,14:42:00,129340,0,0,1,0,1,0,0,2,2
Whole Day 1 - Fri 24th Apr.mov,4330,1:12:10,14:42:10,129639,0,0,1,0,0,0,0,1,1
Whole Day 1 - Fri 24th Apr.mov,4340,1:12:20,14:42:20,129939,0,0,4,0,0,0,0,4,4
Whole Day 1 - Fri 24th Apr.mov,4350,1:12:30,14:42:30,130238,3,0,5,0,2,0,0,7,10
Whole Day 1 - Fri 24th Apr.mov,4360,1:12:40,14:42:40,130537,0,0,6,0,1,0,0,7,7
Whole Day 1 - Fri 24th Apr.mov,4370,1:12:50,14:42:50,130837,1,0,3,0,1,0,0,4,5
Whole Day 1 - Fri 24th Apr.mov,4380,1:13:00,14:43:00,131136,0,0,10,0,0,0,0,10,10
Whole Day 1 - Fri 24th Apr.mov,4390,1:13:10,14:43:10,131436,0,0,12,0,0,0,0,12,12
Whole Day 1 - Fri 24th Apr.mov,4400,1:13:20,14:43:20,131735,0,0,8,0,1,0,0,9,9
Whole Day 1 - Fri 24th Apr.mov,4410,1:13:30,14:43:30,132034,0,0,8,0,1,0,0,9,9
Whole Day 1 - Fri 24th Apr.mov,4420,1:13:40,14:43:40,132334,0,0,14,0,1,1,0,16,16
Whole Day 1 - Fri 24th Apr.mov,4430,1:13:50,14:43:50,132633,0,0,9,0,0,0,0,9,9
Whole Day 1 - Fri 24th Apr.mov,4440,1:14:00,14:44:00,132933,0,0,5,0,1,0,0,6,6
Whole Day 1 - Fri 24th Apr.mov,4450,1:14:10,14:44:10,133232,1,0,7,0,0,0,0,7,8
Whole Day 1 - Fri 24th Apr.mov,4460,1:14:20,14:44:20,133531,0,0,3,0,0,0,0,3,3
Whole Day 1 - Fri 24th Apr.mov,4470,1:14:30,14:44:30,133831,0,0,7,0,0,0,0,7,7
Whole Day 1 - Fri 24th Apr.mov,4480,1:14:40,14:44:40,134130,0,0,3,0,0,0,0,3,3
Whole Day 1 - Fri 24th Apr.mov,4490,1:14:50,14:44:50,134430,1,0,3,0,0,0,0,3,4
Whole Day 1 - Fri 24th Apr.mov,4500,1:15:00,14:45:00,134729,0,0,9,0,0,0,0,9,9
Whole Day 1 - Fri 24th Apr.mov,4510,1:15:10,14:45:10,135028,2,0,7,0,0,0,0,7,9
Whole Day 1 - Fri 24th Apr.mov,4520,1:15:20,14:45:20,135328,0,0,5,0,1,0,0,6,6
Whole Day 1 - Fri 24th Apr.mov,4530,1:15:30,14:45:30,135627,0,0,7,0,0,0,0,7,7
Whole Day 1 - Fri 24th Apr.mov,4540,1:15:40,14:45:40,135927,0,0,6,0,0,1,0,7,7
Whole Day 1 - Fri 24th Apr.mov,4550,1:15:50,14:45:50,136226,1,0,5,0,0,1,0,6,7
Whole Day 1 - Fri 24th Apr.mov,4560,1:16:00,14:46:00,136525,0,0,11,0,0,0,0,11,11
Whole Day 1 - Fri 24th Apr.mov,4570,1:16:10,14:46:10,136825,1,0,4,0,0,0,0,4,5
Whole Day 1 - Fri 24th Apr.mov,4580,1:16:20,14:46:20,137124,0,0,4,0,0,0,0,4,4
Whole Day 1 - Fri 24th Apr.mov,4590,1:16:30,14:46:30,137424,0,0,4,0,0,0,0,4,4
Whole Day 1 - Fri 24th Apr.mov,4600,1:16:40,14:46:40,137723,0,0,3,0,0,0,0,3,3
Whole Day 1 - Fri 24th Apr.mov,4610,1:16:50,14:46:50,138022,0,0,2,0,1,1,0,4,4
Whole Day 1 - Fri 24th Apr.mov,4620,1:17:00,14:47:00,138322,0,0,4,0,1,1,0,6,6
Whole Day 1 - Fri 24th Apr.mov,4630,1:17:10,14:47:10,138621,0,0,4,0,1,1,0,6,6
Whole Day 1 - Fri 24th Apr.mov,4640,1:17:20,14:47:20,138921,0,0,4,1,1,0,0,6,6
Whole Day 1 - Fri 24th Apr.mov,4650,1:17:30,14:47:30,139220,3,0,4,1,0,0,0,5,8
Whole Day 1 - Fri 24th Apr.mov,4660,1:17:40,14:47:40,139519,0,0,12,0,0,0,0,12,12
Whole Day 1 - Fri 24th Apr.mov,4670,1:17:50,14:47:50,139819,3,0,7,0,0,1,0,8,11
Whole Day 1 - Fri 24th Apr.mov,4680,1:18:00,14:48:00,140118,0,0,6,0,0,0,0,6,6
Whole Day 1 - Fri 24th Apr.mov,4690,1:18:10,14:48:10,140418,0,0,6,0,0,0,0,6,6
Whole Day 1 - Fri 24th Apr.mov,4700,1:18:20,14:48:20,140717,1,0,8,0,0,0,0,8,9
Whole Day 1 - Fri 24th Apr.mov,4710,1:18:30,14:48:30,141016,1,0,9,0,0,0,0,9,10
Whole Day 1 - Fri 24th Apr.mov,4720,1:18:40,14:48:40,141316,0,0,3,0,0,0,0,3,3
Whole Day 1 - Fri 24th Apr.mov,4730,1:18:50,14:48:50,141615,1,0,4,0,0,0,0,4,5
Whole Day 1 - Fri 24th Apr.mov,4740,1:19:00,14:49:00,141915,0,0,1,0,0,0,0,1,1
Whole Day 1 - Fri 24th Apr.mov,4750,1:19:10,14:49:10,142214,0,0,2,0,0,0,0,2,2
Whole Day 1 - Fri 24th Apr.mov,4760,1:19:20,14:49:20,142513,2,0,6,0,0,0,0,6,8
Whole Day 1 - Fri 24th Apr.mov,4770,1:19:30,14:49:30,142813,0,0,7,0,0,0,0,7,7
Whole Day 1 - Fri 24th Apr.mov,4780,1:19:40,14:49:40,143112,0,0,7,0,0,0,0,7,7
Whole Day 1 - Fri 24th Apr.mov,4790,1:19:50,14:49:50,143412,2,0,5,0,0,0,0,5,7
Whole Day 1 - Fri 24th Apr.mov,4800,1:20:00,14:50:00,143711,0,0,6,0,0,1,1,7,7
Whole Day 1 - Fri 24th Apr.mov,4810,1:20:10,14:50:10,144010,0,0,3,0,0,0,1,3,3
Whole Day 1 - Fri 24th Apr.mov,4820,1:20:20,14:50:20,144310,0,0,1,0,0,0,1,1,1
Whole Day 1 - Fri 24th Apr.mov,4830,1:20:30,14:50:30,144609,0,0,0,0,0,0,0,0,0
Whole Day 1 - Fri 24th Apr.mov,4840,1:20:40,14:50:40,144909,0,0,3,0,0,0,0,3,3
Whole Day 1 - Fri 24th Apr.mov,4850,1:20:50,14:50:50,145208,1,0,10,1,0,0,0,11,12
Whole Day 1 - Fri 24th Apr.mov,4860,1:21:00,14:51:00,145507,1,0,9,0,0,0,1,9,10
Whole Day 1 - Fri 24th Apr.mov,4870,1:21:10,14:51:10,145807,1,0,2,0,0,0,0,2,3
Whole Day 1 - Fri 24th Apr.mov,4880,1:21:20,14:51:20,146106,2,0,0,0,0,0,0,0,2
Whole Day 1 - Fri 24th Apr.mov,4890,1:21:30,14:51:30,146406,0,0,1,0,0,0,0,1,1
Whole Day 1 - Fri 24th Apr.mov,4900,1:21:40,14:51:40,146705,0,0,5,0,0,0,0,5,5
Whole Day 1 - Fri 24th Apr.mov,4910,1:21:50,14:51:50,147004,0,0,7,0,0,0,0,7,7
Whole Day 1 - Fri 24th Apr.mov,4920,1:22:00,14:52:00,147304,0,0,7,0,0,0,0,7,7
Whole Day 1 - Fri 24th Apr.mov,4930,1:22:10,14:52:10,147603,1,0,11,0,0,0,0,11,12
Whole Day 1 - Fri 24th Apr.mov,4940,1:22:20,14:52:20,147903,1,0,10,0,0,0,0,10,11
Whole Day 1 - Fri 24th Apr.mov,4950,1:22:30,14:52:30,148202,0,0,11,0,0,0,0,11,11
Whole Day 1 - Fri 24th Apr.mov,4960,1:22:40,14:52:40,148501,0,0,7,0,0,0,0,7,7
Whole Day 1 - Fri 24th Apr.mov,4970,1:22:50,14:52:50,148801,0,0,4,0,0,1,0,5,5
Whole Day 1 - Fri 24th Apr.mov,4980,1:23:00,14:53:00,149100,0,0,7,0,0,0,0,7,7
Whole Day 1 - Fri 24th Apr.mov,4990,1:23:10,14:53:10,149400,1,0,4,0,0,0,0,4,5
Whole Day 1 - Fri 24th Apr.mov,5000,1:23:20,14:53:20,149699,1,0,1,0,0,0,0,1,2
Whole Day 1 - Fri 24th Apr.mov,5010,1:23:30,14:53:30,149998,1,0,3,0,0,0,0,3,4
Whole Day 1 - Fri 24th Apr.mov,5020,1:23:40,14:53:40,150298,2,0,2,0,0,0,0,2,4
Whole Day 1 - Fri 24th Apr.mov,5030,1:23:50,14:53:50,150597,1,0,2,0,0,0,0,2,3
Whole Day 1 - Fri 24th Apr.mov,5040,1:24:00,14:54:00,150897,1,0,4,0,0,0,0,4,5
Whole Day 1 - Fri 24th Apr.mov,5050,1:24:10,14:54:10,151196,0,0,3,0,0,0,1,3,3
Whole Day 1 - Fri 24th Apr.mov,5060,1:24:20,14:54:20,151495,0,0,3,0,0,0,0,3,3
Whole Day 1 - Fri 24th Apr.mov,5070,1:24:30,14:54:30,151795,0,0,10,0,0,0,1,10,10
Whole Day 1 - Fri 24th Apr.mov,5080,1:24:40,14:54:40,152094,0,0,2,0,0,1,0,3,3
Whole Day 1 - Fri 24th Apr.mov,5090,1:24:50,14:54:50,152394,0,0,3,0,1,1,0,5,5
Whole Day 1 - Fri 24th Apr.mov,5100,1:25:00,14:55:00,152693,0,0,5,0,1,1,0,7,7
Whole Day 1 - Fri 24th Apr.mov,5110,1:25:10,14:55:10,152992,1,0,9,0,0,0,0,9,10
Whole Day 1 - Fri 24th Apr.mov,5120,1:25:20,14:55:20,153292,0,0,5,0,0,0,0,5,5
Whole Day 1 - Fri 24th Apr.mov,5130,1:25:30,14:55:30,153591,0,0,7,0,0,0,0,7,7
Whole Day 1 - Fri 24th Apr.mov,5140,1:25:40,14:55:40,153891,0,0,7,0,0,1,0,8,8
Whole Day 1 - Fri 24th Apr.mov,5150,1:25:50,14:55:50,154190,0,0,1,0,0,0,0,1,1
Whole Day 1 - Fri 24th Apr.mov,5160,1:26:00,14:56:00,154489,0,0,2,0,0,0,0,2,2
Whole Day 1 - Fri 24th Apr.mov,5170,1:26:10,14:56:10,154789,1,0,0,0,0,0,0,0,1
Whole Day 1 - Fri 24th Apr.mov,5180,1:26:20,14:56:20,155088,2,0,1,0,0,0,0,1,3
Whole Day 1 - Fri 24th Apr.mov,5190,1:26:30,14:56:30,155388,1,0,7,0,0,0,1,7,8
Whole Day 1 - Fri 24th Apr.mov,5200,1:26:40,14:56:40,155687,0,0,4,0,0,0,1,4,4
Whole Day 1 - Fri 24th Apr.mov,5210,1:26:50,14:56:50,155986,0,0,11,0,0,0,0,11,11
Whole Day 1 - Fri 24th Apr.mov,5220,1:27:00,14:57:00,156286,0,0,8,0,0,0,0,8,8
Whole Day 1 - Fri 24th Apr.mov,5230,1:27:10,14:57:10,156585,1,0,10,0,0,1,1,11,12
Whole Day 1 - Fri 24th Apr.mov,5240,1:27:20,14:57:20,156885,1,0,7,0,0,0,0,7,8
Whole Day 1 - Fri 24th Apr.mov,5250,1:27:30,14:57:30,157184,0,0,9,0,0,0,0,9,9
Whole Day 1 - Fri 24th Apr.mov,5260,1:27:40,14:57:40,157483,0,0,8,0,0,1,1,9,9
Whole Day 1 - Fri 24th Apr.mov,5270,1:27:50,14:57:50,157783,0,0,6,0,0,2,0,8,8
Whole Day 1 - Fri 24th Apr.mov,5280,1:28:00,14:58:00,158082,1,0,3,0,0,0,1,3,4
Whole Day 1 - Fri 24th Apr.mov,5290,1:28:10,14:58:10,158382,0,0,6,0,0,0,0,6,6
Whole Day 1 - Fri 24th Apr.mov,5300,1:28:20,14:58:20,158681,1,0,9,0,0,0,0,9,10
Whole Day 1 - Fri 24th Apr.mov,5310,1:28:30,14:58:30,158980,0,0,8,0,0,0,0,8,8
Whole Day 1 - Fri 24th Apr.mov,5320,1:28:40,14:58:40,159280,0,0,6,0,0,0,0,6,6
Whole Day 1 - Fri 24th Apr.mov,5330,1:28:50,14:58:50,159579,2,0,10,0,0,0,1,10,12
Whole Day 1 - Fri 24th Apr.mov,5340,1:29:00,14:59:00,159879,0,0,8,0,0,0,0,8,8
Whole Day 1 - Fri 24th Apr.mov,5350,1:29:10,14:59:10,160178,0,0,4,0,0,0,0,4,4
Whole Day 1 - Fri 24th Apr.mov,5360,1:29:20,14:59:20,160477,1,0,1,0,0,1,0,2,3
Whole Day 1 - Fri 24th Apr.mov,5370,1:29:30,14:59:30,160777,1,0,7,0,0,0,1,7,8
Whole Day 1 - Fri 24th Apr.mov,5380,1:29:40,14:59:40,161076,1,0,9,0,0,0,0,9,10
Whole Day 1 - Fri 24th Apr.mov,5390,1:29:50,14:59:50,161376,1,0,7,0,1,1,0,9,10
Whole Day 1 - Fri 24th Apr.mov,5400,1:30:00,15:00:00,161675,2,0,5,0,1,0,0,6,8
Whole Day 1 - Fri 24th Apr.mov,5410,1:30:10,15:00:10,161974,2,0,6,0,0,0,0,6,8
Whole Day 1 - Fri 24th Apr.mov,5420,1:30:20,15:00:20,162274,1,0,3,0,0,0,0,3,4
Whole Day 1 - Fri 24th Apr.mov,5430,1:30:30,15:00:30,162573,2,0,5,0,0,0,0,5,7
Whole Day 1 - Fri 24th Apr.mov,5440,1:30:40,15:00:40,162873,2,0,3,0,0,0,1,3,5
Whole Day 1 - Fri 24th Apr.mov,5450,1:30:50,15:00:50,163172,2,0,4,0,0,0,0,4,6
Whole Day 1 - Fri 24th Apr.mov,5460,1:31:00,15:01:00,163471,1,0,6,0,0,0,0,6,7
Whole Day 1 - Fri 24th Apr.mov,5470,1:31:10,15:01:10,163771,0,0,10,0,0,0,0,10,10
Whole Day 1 - Fri 24th Apr.mov,5480,1:31:20,15:01:20,164070,0,0,8,0,0,0,0,8,8
Whole Day 1 - Fri 24th Apr.mov,5490,1:31:30,15:01:30,164370,0,0,7,0,0,0,0,7,7
Whole Day 1 - Fri 24th Apr.mov,5500,1:31:40,15:01:40,164669,0,0,4,0,0,1,0,5,5
Whole Day 1 - Fri 24th Apr.mov,5510,1:31:50,15:01:50,164968,0,0,3,0,0,0,0,3,3
Whole Day 1 - Fri 24th Apr.mov,5520,1:32:00,15:02:00,165268,0,0,2,0,0,0,0,2,2
Whole Day 1 - Fri 24th Apr.mov,5530,1:32:10,15:02:10,165567,1,0,3,0,0,0,0,3,4
Whole Day 1 - Fri 24th Apr.mov,5540,1:32:20,15:02:20,165867,0,0,7,0,0,0,0,7,7
Whole Day 1 - Fri 24th Apr.mov,5550,1:32:30,15:02:30,166166,0,0,9,0,0,1,1,10,10
Whole Day 1 - Fri 24th Apr.mov,5560,1:32:40,15:02:40,166465,0,0,6,0,0,0,0,6,6
Whole Day 1 - Fri 24th Apr.mov,5570,1:32:50,15:02:50,166765,0,0,7,0,0,0,0,7,7
Whole Day 1 - Fri 24th Apr.mov,5580,1:33:00,15:03:00,167064,0,0,8,0,0,0,0,8,8
Whole Day 1 - Fri 24th Apr.mov,5590,1:33:10,15:03:10,167364,1,0,6,0,0,0,0,6,7
Whole Day 1 - Fri 24th Apr.mov,5600,1:33:20,15:03:20,167663,0,0,6,0,0,0,0,6,6
Whole Day 1 - Fri 24th Apr.mov,5610,1:33:30,15:03:30,167962,0,0,6,0,0,1,0,7,7
Whole Day 1 - Fri 24th Apr.mov,5620,1:33:40,15:03:40,168262,0,0,4,0,0,0,0,4,4
Whole Day 1 - Fri 24th Apr.mov,5630,1:33:50,15:03:50,168561,1,0,6,0,0,0,0,6,7
Whole Day 1 - Fri 24th Apr.mov,5640,1:34:00,15:04:00,168861,0,0,1,0,0,0,0,1,1
Whole Day 1 - Fri 24th Apr.mov,5650,1:34:10,15:04:10,169160,0,0,2,0,0,0,0,2,2
Whole Day 1 - Fri 24th Apr.mov,5660,1:34:20,15:04:20,169459,1,0,4,0,0,0,0,4,5
Whole Day 1 - Fri 24th Apr.mov,5670,1:34:30,15:04:30,169759,0,0,4,0,0,0,0,4,4
Whole Day 1 - Fri 24th Apr.mov,5680,1:34:40,15:04:40,170058,0,0,7,0,0,0,0,7,7
Whole Day 1 - Fri 24th Apr.mov,5690,1:34:50,15:04:50,170358,0,0,7,0,0,0,0,7,7
Whole Day 1 - Fri 24th Apr.mov,5700,1:35:00,15:05:00,170657,1,0,8,0,0,0,0,8,9
Whole Day 1 - Fri 24th Apr.mov,5710,1:35:10,15:05:10,170956,0,0,11,0,0,2,0,13,13
Whole Day 1 - Fri 24th Apr.mov,5720,1:35:20,15:05:20,171256,1,0,3,0,0,0,0,3,4
Whole Day 1 - Fri 24th Apr.mov,5730,1:35:30,15:05:30,171555,0,0,6,0,0,0,0,6,6
Whole Day 1 - Fri 24th Apr.mov,5740,1:35:40,15:05:40,171855,0,0,5,0,0,0,0,5,5
Whole Day 1 - Fri 24th Apr.mov,5750,1:35:50,15:05:50,172154,0,0,7,0,0,0,0,7,7
Whole Day 1 - Fri 24th Apr.mov,5760,1:36:00,15:06:00,172453,1,0,6,0,0,0,0,6,7
Whole Day 1 - Fri 24th Apr.mov,5770,1:36:10,15:06:10,172753,0,0,1,0,0,0,0,1,1
Whole Day 1 - Fri 24th Apr.mov,5780,1:36:20,15:06:20,173052,0,0,1,0,0,0,0,1,1
Whole Day 1 - Fri 24th Apr.mov,5790,1:36:30,15:06:30,173352,0,0,3,0,0,0,0,3,3
Whole Day 1 - Fri 24th Apr.mov,5800,1:36:40,15:06:40,173651,1,0,4,0,0,0,0,4,5
Whole Day 1 - Fri 24th Apr.mov,5810,1:36:50,15:06:50,173950,0,0,5,0,0,0,0,5,5
Whole Day 1 - Fri 24th Apr.mov,5820,1:37:00,15:07:00,174250,0,0,8,0,1,0,0,9,9
Whole Day 1 - Fri 24th Apr.mov,5830,1:37:10,15:07:10,174549,1,0,8,0,0,0,0,8,9
Whole Day 1 - Fri 24th Apr.mov,5840,1:37:20,15:07:20,174849,0,0,12,0,0,0,0,12,12
Whole Day 1 - Fri 24th Apr.mov,5850,1:37:30,15:07:30,175148,2,0,12,0,0,0,0,12,14
Whole Day 1 - Fri 24th Apr.mov,5860,1:37:40,15:07:40,175447,0,0,4,0,1,0,0,5,5
Whole Day 1 - Fri 24th Apr.mov,5870,1:37:50,15:07:50,175747,0,0,5,0,0,0,0,5,5
Whole Day 1 - Fri 24th Apr.mov,5880,1:38:00,15:08:00,176046,0,0,5,0,0,1,0,6,6
Whole Day 1 - Fri 24th Apr.mov,5890,1:38:10,15:08:10,176346,1,0,4,0,0,0,1,4,5
Whole Day 1 - Fri 24th Apr.mov,5900,1:38:20,15:08:20,176645,0,0,1,0,0,0,0,1,1
Whole Day 1 - Fri 24th Apr.mov,5910,1:38:30,15:08:30,176944,0,0,2,0,0,0,0,2,2
Whole Day 1 - Fri 24th Apr.mov,5920,1:38:40,15:08:40,177244,0,0,4,0,0,0,0,4,4
Whole Day 1 - Fri 24th Apr.mov,5930,1:38:50,15:08:50,177543,1,0,4,0,0,0,0,4,5
Whole Day 1 - Fri 24th Apr.mov,5940,1:39:00,15:09:00,177842,1,0,3,0,0,0,0,3,4
Whole Day 1 - Fri 24th Apr.mov,5950,1:39:10,15:09:10,178142,1,0,7,0,0,0,0,7,8
Whole Day 1 - Fri 24th Apr.mov,5960,1:39:20,15:09:20,178441,0,0,8,0,0,0,0,8,8
Whole Day 1 - Fri 24th Apr.mov,5970,1:39:30,15:09:30,178741,1,0,4,0,1,1,0,6,7
Whole Day 1 - Fri 24th Apr.mov,5980,1:39:40,15:09:40,179040,0,0,6,0,0,0,0,6,6
Whole Day 1 - Fri 24th Apr.mov,5990,1:39:50,15:09:50,179339,0,0,6,0,0,0,0,6,6
Whole Day 1 - Fri 24th Apr.mov,6000,1:40:00,15:10:00,179639,2,0,5,0,0,0,1,5,7
Whole Day 1 - Fri 24th Apr.mov,6010,1:40:10,15:10:10,179938,1,0,6,0,0,0,0,6,7
Whole Day 1 - Fri 24th Apr.mov,6020,1:40:20,15:10:20,180238,1,0,7,0,0,0,0,7,8
Whole Day 1 - Fri 24th Apr.mov,6030,1:40:30,15:10:30,180537,1,0,0,0,0,0,0,0,1
Whole Day 1 - Fri 24th Apr.mov,6040,1:40:40,15:10:40,180836,1,0,2,0,0,0,0,2,3
Whole Day 1 - Fri 24th Apr.mov,6050,1:40:50,15:10:50,181136,1,0,2,0,0,0,0,2,3
Whole Day 1 - Fri 24th Apr.mov,6060,1:41:00,15:11:00,181435,3,0,3,0,0,1,0,4,7
Whole Day 1 - Fri 24th Apr.mov,6070,1:41:10,15:11:10,181735,0,0,6,0,0,0,0,6,6
Whole Day 1 - Fri 24th Apr.mov,6080,1:41:20,15:11:20,182034,1,0,1,0,0,2,0,3,4
Whole Day 1 - Fri 24th Apr.mov,6090,1:41:30,15:11:30,182333,0,0,6,0,0,0,0,6,6
Whole Day 1 - Fri 24th Apr.mov,6100,1:41:40,15:11:40,182633,0,0,8,0,0,0,0,8,8
Whole Day 1 - Fri 24th Apr.mov,6110,1:41:50,15:11:50,182932,0,0,7,0,0,0,1,7,7
Whole Day 1 - Fri 24th Apr.mov,6120,1:42:00,15:12:00,183232,0,0,9,0,0,0,0,9,9
Whole Day 1 - Fri 24th Apr.mov,6130,1:42:10,15:12:10,183531,1,0,8,0,0,0,0,8,9
Whole Day 1 - Fri 24th Apr.mov,6140,1:42:20,15:12:20,183830,1,0,6,0,0,0,0,6,7
Whole Day 1 - Fri 24th Apr.mov,6150,1:42:30,15:12:30,184130,1,0,5,0,0,0,0,5,6
Whole Day 1 - Fri 24th Apr.mov,6160,1:42:40,15:12:40,184429,2,0,5,0,0,0,0,5,7
Whole Day 1 - Fri 24th Apr.mov,6170,1:42:50,15:12:50,184729,0,0,3,0,0,0,0,3,3
Whole Day 1 - Fri 24th Apr.mov,6180,1:43:00,15:13:00,185028,1,0,8,0,0,0,0,8,9
Whole Day 1 - Fri 24th Apr.mov,6190,1:43:10,15:13:10,185327,0,0,8,0,0,0,0,8,8
Whole Day 1 - Fri 24th Apr.mov,6200,1:43:20,15:13:20,185627,0,0,5,0,1,1,0,7,7
Whole Day 1 - Fri 24th Apr.mov,6210,1:43:30,15:13:30,185926,0,0,10,0,0,0,0,10,10
Whole Day 1 - Fri 24th Apr.mov,6220,1:43:40,15:13:40,186226,0,0,8,0,0,0,0,8,8
Whole Day 1 - Fri 24th Apr.mov,6230,1:43:50,15:13:50,186525,0,0,12,0,0,0,0,12,12
Whole Day 1 - Fri 24th Apr.mov,6240,1:44:00,15:14:00,186824,0,0,7,0,1,0,0,8,8
Whole Day 1 - Fri 24th Apr.mov,6250,1:44:10,15:14:10,187124,0,0,8,0,0,0,0,8,8
Whole Day 1 - Fri 24th Apr.mov,6260,1:44:20,15:14:20,187423,0,0,5,0,0,0,0,5,5
Whole Day 1 - Fri 24th Apr.mov,6270,1:44:30,15:14:30,187723,0,0,9,0,0,0,0,9,9
Whole Day 1 - Fri 24th Apr.mov,6280,1:44:40,15:14:40,188022,0,0,8,0,0,0,0,8,8
Whole Day 1 - Fri 24th Apr.mov,6290,1:44:50,15:14:50,188321,1,0,7,0,0,0,0,7,8
Whole Day 1 - Fri 24th Apr.mov,6300,1:45:00,15:15:00,188621,1,0,7,0,0,0,0,7,8
Whole Day 1 - Fri 24th Apr.mov,6310,1:45:10,15:15:10,188920,1,0,8,0,0,0,0,8,9
Whole Day 1 - Fri 24th Apr.mov,6320,1:45:20,15:15:20,189220,0,0,6,0,0,1,0,7,7
Whole Day 1 - Fri 24th Apr.mov,6330,1:45:30,15:15:30,189519,0,0,10,0,0,0,0,10,10
Whole Day 1 - Fri 24th Apr.mov,6340,1:45:40,15:15:40,189818,2,0,8,0,0,0,0,8,10
Whole Day 1 - Fri 24th Apr.mov,6350,1:45:50,15:15:50,190118,1,0,8,0,0,0,0,8,9
Whole Day 1 - Fri 24th Apr.mov,6360,1:46:00,15:16:00,190417,1,0,7,0,0,0,0,7,8
Whole Day 1 - Fri 24th Apr.mov,6370,1:46:10,15:16:10,190717,1,0,8,0,0,0,0,8,9
Whole Day 1 - Fri 24th Apr.mov,6380,1:46:20,15:16:20,191016,2,0,7,0,0,0,0,7,9
Whole Day 1 - Fri 24th Apr.mov,6390,1:46:30,15:16:30,191315,1,0,5,0,0,0,0,5,6
Whole Day 1 - Fri 24th Apr.mov,6400,1:46:40,15:16:40,191615,1,0,1,0,0,0,0,1,2
Whole Day 1 - Fri 24th Apr.mov,6410,1:46:50,15:16:50,191914,1,0,6,0,0,0,0,6,7
Whole Day 1 - Fri 24th Apr.mov,6420,1:47:00,15:17:00,192214,1,0,4,0,0,0,1,4,5
Whole Day 1 - Fri 24th Apr.mov,6430,1:47:10,15:17:10,192513,1,0,7,0,0,0,0,7,8
Whole Day 1 - Fri 24th Apr.mov,6440,1:47:20,15:17:20,192812,2,0,5,0,0,0,0,5,7
Whole Day 1 - Fri 24th Apr.mov,6450,1:47:30,15:17:30,193112,0,0,7,0,0,0,0,7,7
Whole Day 1 - Fri 24th Apr.mov,6460,1:47:40,15:17:40,193411,0,0,2,0,0,1,2,3,3
Whole Day 1 - Fri 24th Apr.mov,6470,1:47:50,15:17:50,193711,1,0,5,0,0,0,2,5,6
Whole Day 1 - Fri 24th Apr.mov,6480,1:48:00,15:18:00,194010,2,0,2,0,0,0,0,2,4
Whole Day 1 - Fri 24th Apr.mov,6490,1:48:10,15:18:10,194309,1,0,3,0,0,0,2,3,4
Whole Day 1 - Fri 24th Apr.mov,6500,1:48:20,15:18:20,194609,0,0,4,0,0,0,1,4,4
Whole Day 1 - Fri 24th Apr.mov,6510,1:48:30,15:18:30,194908,0,0,9,0,0,0,2,9,9
Whole Day 1 - Fri 24th Apr.mov,6520,1:48:40,15:18:40,195208,1,0,7,0,0,0,2,7,8
Whole Day 1 - Fri 24th Apr.mov,6530,1:48:50,15:18:50,195507,0,0,0,0,0,0,0,0,0
Whole Day 1 - Fri 24th Apr.mov,6540,1:49:00,15:19:00,195806,0,0,10,0,0,0,0,10,10
Whole Day 1 - Fri 24th Apr.mov,6550,1:49:10,15:19:10,196106,0,0,5,0,0,0,1,5,5
Whole Day 1 - Fri 24th Apr.mov,6560,1:49:20,15:19:20,196405,0,0,8,0,0,0,1,8,8
Whole Day 1 - Fri 24th Apr.mov,6570,1:49:30,15:19:30,196705,1,0,5,0,0,0,0,5,6
Whole Day 1 - Fri 24th Apr.mov,6580,1:49:40,15:19:40,197004,0,0,8,0,0,1,1,9,9
Whole Day 1 - Fri 24th Apr.mov,6590,1:49:50,15:19:50,197303,0,0,5,0,0,0,1,5,5
Whole Day 1 - Fri 24th Apr.mov,6600,1:50:00,15:20:00,197603,0,0,3,0,0,0,0,3,3
Whole Day 1 - Fri 24th Apr.mov,6610,1:50:10,15:20:10,197902,0,0,4,0,0,0,1,4,4
Whole Day 1 - Fri 24th Apr.mov,6620,1:50:20,15:20:20,198202,0,0,0,0,0,0,0,0,0
Whole Day 1 - Fri 24th Apr.mov,6630,1:50:30,15:20:30,198501,0,0,2,0,0,0,0,2,2
Whole Day 1 - Fri 24th Apr.mov,6640,1:50:40,15:20:40,198800,1,0,2,0,0,0,0,2,3
Whole Day 1 - Fri 24th Apr.mov,6650,1:50:50,15:20:50,199100,0,0,3,0,0,0,0,3,3
Whole Day 1 - Fri 24th Apr.mov,6660,1:51:00,15:21:00,199399,0,0,10,0,0,1,0,11,11
Whole Day 1 - Fri 24th Apr.mov,6670,1:51:10,15:21:10,199699,1,0,10,0,0,0,1,10,11
Whole Day 1 - Fri 24th Apr.mov,6680,1:51:20,15:21:20,199998,1,0,10,0,0,0,0,10,11
Whole Day 1 - Fri 24th Apr.mov,6690,1:51:30,15:21:30,200297,0,0,3,0,0,1,1,4,4
Whole Day 1 - Fri 24th Apr.mov,6700,1:51:40,15:21:40,200597,0,0,2,0,0,0,1,2,2
Whole Day 1 - Fri 24th Apr.mov,6710,1:51:50,15:21:50,200896,0,0,3,0,0,0,1,3,3
Whole Day 1 - Fri 24th Apr.mov,6720,1:52:00,15:22:00,201196,0,0,5,0,0,0,1,5,5
Whole Day 1 - Fri 24th Apr.mov,6730,1:52:10,15:22:10,201495,0,0,8,0,0,0,0,8,8
Whole Day 1 - Fri 24th Apr.mov,6740,1:52:20,15:22:20,201794,0,0,7,0,0,0,1,7,7
Whole Day 1 - Fri 24th Apr.mov,6750,1:52:30,15:22:30,202094,0,0,5,0,0,1,1,6,6
Whole Day 1 - Fri 24th Apr.mov,6760,1:52:40,15:22:40,202393,0,0,2,0,0,0,0,2,2
Whole Day 1 - Fri 24th Apr.mov,6770,1:52:50,15:22:50,202693,0,0,2,0,0,0,1,2,2
Whole Day 1 - Fri 24th Apr.mov,6780,1:53:00,15:23:00,202992,0,0,7,0,0,1,0,8,8
Whole Day 1 - Fri 24th Apr.mov,6790,1:53:10,15:23:10,203291,0,0,5,0,0,0,0,5,5
Whole Day 1 - Fri 24th Apr.mov,6800,1:53:20,15:23:20,203591,2,0,9,0,0,0,0,9,11
Whole Day 1 - Fri 24th Apr.mov,6810,1:53:30,15:23:30,203890,0,0,10,0,1,0,0,11,11
Whole Day 1 - Fri 24th Apr.mov,6820,1:53:40,15:23:40,204190,1,0,10,0,0,0,1,10,11
Whole Day 1 - Fri 24th Apr.mov,6830,1:53:50,15:23:50,204489,1,0,11,0,0,1,0,12,13
Whole Day 1 - Fri 24th Apr.mov,6840,1:54:00,15:24:00,204788,0,0,3,0,0,2,0,5,5
Whole Day 1 - Fri 24th Apr.mov,6850,1:54:10,15:24:10,205088,0,0,6,0,0,1,0,7,7
Whole Day 1 - Fri 24th Apr.mov,6860,1:54:20,15:24:20,205387,0,0,10,0,0,0,0,10,10
Whole Day 1 - Fri 24th Apr.mov,6870,1:54:30,15:24:30,205687,0,0,5,0,0,0,0,5,5
Whole Day 1 - Fri 24th Apr.mov,6880,1:54:40,15:24:40,205986,0,0,6,0,2,0,1,8,8
Whole Day 1 - Fri 24th Apr.mov,6890,1:54:50,15:24:50,206285,0,0,9,0,0,0,1,9,9
Whole Day 1 - Fri 24th Apr.mov,6900,1:55:00,15:25:00,206585,1,0,0,0,0,0,0,0,1
Whole Day 1 - Fri 24th Apr.mov,6910,1:55:10,15:25:10,206884,0,0,2,0,0,0,1,2,2
Whole Day 1 - Fri 24th Apr.mov,6920,1:55:20,15:25:20,207184,0,0,6,0,0,0,0,6,6
Whole Day 1 - Fri 24th Apr.mov,6930,1:55:30,15:25:30,207483,0,0,8,0,0,0,0,8,8
Whole Day 1 - Fri 24th Apr.mov,6940,1:55:40,15:25:40,207782,0,0,9,0,0,0,0,9,9
Whole Day 1 - Fri 24th Apr.mov,6950,1:55:50,15:25:50,208082,0,0,7,0,0,2,1,9,9
Whole Day 1 - Fri 24th Apr.mov,6960,1:56:00,15:26:00,208381,0,0,5,0,0,0,0,5,5
Whole Day 1 - Fri 24th Apr.mov,6970,1:56:10,15:26:10,208681,0,0,6,0,2,0,0,8,8
Whole Day 1 - Fri 24th Apr.mov,6980,1:56:20,15:26:20,208980,0,0,6,0,0,0,1,6,6
Whole Day 1 - Fri 24th Apr.mov,6990,1:56:30,15:26:30,209279,0,0,7,0,0,1,0,8,8
Whole Day 1 - Fri 24th Apr.mov,7000,1:56:40,15:26:40,209579,0,0,10,0,0,2,0,12,12
Whole Day 1 - Fri 24th Apr.mov,7010,1:56:50,15:26:50,209878,0,0,5,0,0,0,0,5,5
Whole Day 1 - Fri 24th Apr.mov,7020,1:57:00,15:27:00,210178,0,0,6,0,0,0,1,6,6
Whole Day 1 - Fri 24th Apr.mov,7030,1:57:10,15:27:10,210477,0,0,3,0,0,0,0,3,3
Whole Day 1 - Fri 24th Apr.mov,7040,1:57:20,15:27:20,210776,0,0,0,0,0,0,0,0,0
Whole Day 1 - Fri 24th Apr.mov,7050,1:57:30,15:27:30,211076,0,0,1,0,0,0,0,1,1
Whole Day 1 - Fri 24th Apr.mov,7060,1:57:40,15:27:40,211375,0,0,6,0,0,2,0,8,8
Whole Day 1 - Fri 24th Apr.mov,7070,1:57:50,15:27:50,211675,0,0,9,0,0,3,1,12,12
Whole Day 1 - Fri 24th Apr.mov,7080,1:58:00,15:28:00,211974,5,0,7,0,0,3,0,10,15
Whole Day 1 - Fri 24th Apr.mov,7090,1:58:10,15:28:10,212273,1,0,11,0,0,0,1,11,12
Whole Day 1 - Fri 24th Apr.mov,7100,1:58:20,15:28:20,212573,1,0,7,0,0,1,0,8,9
Whole Day 1 - Fri 24th Apr.mov,7110,1:58:30,15:28:30,212872,0,0,6,0,0,1,0,7,7
Whole Day 1 - Fri 24th Apr.mov,7120,1:58:40,15:28:40,213172,0,0,7,0,0,0,1,7,7
Whole Day 1 - Fri 24th Apr.mov,7130,1:58:50,15:28:50,213471,0,0,6,0,0,1,1,7,7
Whole Day 1 - Fri 24th Apr.mov,7140,1:59:00,15:29:00,213770,0,0,5,0,0,1,0,6,6
Whole Day 1 - Fri 24th Apr.mov,7150,1:59:10,15:29:10,214070,0,0,6,0,0,0,0,6,6
Whole Day 1 - Fri 24th Apr.mov,7160,1:59:20,15:29:20,214369,0,0,6,0,0,0,1,6,6
Whole Day 1 - Fri 24th Apr.mov,7170,1:59:30,15:29:30,214669,0,0,6,0,1,0,0,7,7
Whole Day 1 - Fri 24th Apr.mov,7180,1:59:40,15:29:40,214968,0,0,7,0,0,0,1,7,7
Whole Day 1 - Fri 24th Apr.mov,7190,1:59:50,15:29:50,215267,0,0,0,0,0,0,0,0,0
Whole Day 1 - Fri 24th Apr.mov,7200,2:00:00,15:30:00,215567,0,0,6,0,0,0,0,6,6
Whole Day 1 - Fri 24th Apr.mov,7210,2:00:10,15:30:10,215866,0,0,11,0,0,0,1,11,11
Whole Day 1 - Fri 24th Apr.mov,7220,2:00:20,15:30:20,216166,0,0,12,0,0,1,0,13,13
Whole Day 1 - Fri 24th Apr.mov,7230,2:00:30,15:30:30,216465,0,0,11,0,0,0,0,11,11
Whole Day 1 - Fri 24th Apr.mov,7240,2:00:40,15:30:40,216764,0,0,12,0,0,0,0,12,12
Whole Day 1 - Fri 24th Apr.mov,7250,2:00:50,15:30:50,217064,0,0,6,0,0,0,0,6,6
Whole Day 1 - Fri 24th Apr.mov,7260,2:01:00,15:31:00,217363,0,0,4,0,0,0,0,4,4
Whole Day 1 - Fri 24th Apr.mov,7270,2:01:10,15:31:10,217663,0,0,5,1,0,0,0,6,6
Whole Day 1 - Fri 24th Apr.mov,7280,2:01:20,15:31:20,217962,0,0,9,0,0,0,1,9,9
Whole Day 1 - Fri 24th Apr.mov,7290,2:01:30,15:31:30,218261,0,0,7,0,0,0,0,7,7
Whole Day 1 - Fri 24th Apr.mov,7300,2:01:40,15:31:40,218561,1,0,9,0,1,1,0,11,12
Whole Day 1 - Fri 24th Apr.mov,7310,2:01:50,15:31:50,218860,1,0,3,0,2,0,1,5,6
Whole Day 1 - Fri 24th Apr.mov,7320,2:02:00,15:32:00,219160,1,0,8,0,1,0,0,9,10
Whole Day 1 - Fri 24th Apr.mov,7330,2:02:10,15:32:10,219459,1,0,3,0,0,0,0,3,4
Whole Day 1 - Fri 24th Apr.mov,7340,2:02:20,15:32:20,219758,1,0,2,0,0,0,1,2,3
Whole Day 1 - Fri 24th Apr.mov,7350,2:02:30,15:32:30,220058,0,0,5,0,0,0,0,5,5
Whole Day 1 - Fri 24th Apr.mov,7360,2:02:40,15:32:40,220357,0,0,8,0,0,0,0,8,8
Whole Day 1 - Fri 24th Apr.mov,7370,2:02:50,15:32:50,220657,2,0,9,0,0,0,1,9,11
Whole Day 1 - Fri 24th Apr.mov,7380,2:03:00,15:33:00,220956,0,0,9,0,1,0,0,10,10
Whole Day 1 - Fri 24th Apr.mov,7390,2:03:10,15:33:10,221255,0,0,14,0,0,1,0,15,15
Whole Day 1 - Fri 24th Apr.mov,7400,2:03:20,15:33:20,221555,0,0,3,0,0,0,1,3,3
Whole Day 1 - Fri 24th Apr.mov,7410,2:03:30,15:33:30,221854,1,0,9,0,0,0,0,9,10
Whole Day 1 - Fri 24th Apr.mov,7420,2:03:40,15:33:40,222154,0,0,9,0,0,0,0,9,9
Whole Day 1 - Fri 24th Apr.mov,7430,2:03:50,15:33:50,222453,0,0,7,0,0,1,0,8,8
Whole Day 1 - Fri 24th Apr.mov,7440,2:04:00,15:34:00,222752,0,0,5,0,1,0,0,6,6
Whole Day 1 - Fri 24th Apr.mov,7450,2:04:10,15:34:10,223052,1,0,4,0,0,0,0,4,5
Whole Day 1 - Fri 24th Apr.mov,7460,2:04:20,15:34:20,223351,0,0,3,0,0,1,0,4,4
Whole Day 1 - Fri 24th Apr.mov,7470,2:04:30,15:34:30,223651,1,0,2,0,0,0,1,2,3
Whole Day 1 - Fri 24th Apr.mov,7480,2:04:40,15:34:40,223950,2,0,3,0,0,0,0,3,5
Whole Day 1 - Fri 24th Apr.mov,7490,2:04:50,15:34:50,224249,0,0,8,0,0,0,1,8,8
Whole Day 1 - Fri 24th Apr.mov,7500,2:05:00,15:35:00,224549,0,0,5,0,0,0,0,5,5
Whole Day 1 - Fri 24th Apr.mov,7510,2:05:10,15:35:10,224848,0,0,7,0,0,0,0,7,7
Whole Day 1 - Fri 24th Apr.mov,7520,2:05:20,15:35:20,225148,1,0,5,0,0,0,0,5,6
Whole Day 1 - Fri 24th Apr.mov,7530,2:05:30,15:35:30,225447,0,0,5,0,1,0,0,6,6
Whole Day 1 - Fri 24th Apr.mov,7540,2:05:40,15:35:40,225746,0,0,5,0,0,3,0,8,8
Whole Day 1 - Fri 24th Apr.mov,7550,2:05:50,15:35:50,226046,1,0,10,0,0,0,0,10,11
Whole Day 1 - Fri 24th Apr.mov,7560,2:06:00,15:36:00,226345,4,0,8,0,0,0,0,8,12
Whole Day 1 - Fri 24th Apr.mov,7570,2:06:10,15:36:10,226645,1,0,9,0,0,0,3,9,10
Whole Day 1 - Fri 24th Apr.mov,7580,2:06:20,15:36:20,226944,1,0,7,0,0,1,0,8,9
Whole Day 1 - Fri 24th Apr.mov,7590,2:06:30,15:36:30,227243,3,1,3,0,0,0,0,3,7
Whole Day 1 - Fri 24th Apr.mov,7600,2:06:40,15:36:40,227543,0,0,4,0,0,0,0,4,4
Whole Day 1 - Fri 24th Apr.mov,7610,2:06:50,15:36:50,227842,1,0,1,0,0,0,0,1,2
Whole Day 1 - Fri 24th Apr.mov,7620,2:07:00,15:37:00,228142,2,0,3,0,0,0,0,3,5
Whole Day 1 - Fri 24th Apr.mov,7630,2:07:10,15:37:10,228441,2,0,7,0,0,0,0,7,9
Whole Day 1 - Fri 24th Apr.mov,7640,2:07:20,15:37:20,228740,0,0,10,0,0,0,0,10,10
Whole Day 1 - Fri 24th Apr.mov,7650,2:07:30,15:37:30,229040,1,0,12,0,0,1,0,13,14
Whole Day 1 - Fri 24th Apr.mov,7660,2:07:40,15:37:40,229339,0,0,9,0,0,1,0,10,10
Whole Day 1 - Fri 24th Apr.mov,7670,2:07:50,15:37:50,229639,0,0,6,0,0,0,1,6,6
Whole Day 1 - Fri 24th Apr.mov,7680,2:08:00,15:38:00,229938,0,0,1,0,0,0,0,1,1
Whole Day 1 - Fri 24th Apr.mov,7690,2:08:10,15:38:10,230237,0,0,8,0,1,0,0,9,9
Whole Day 1 - Fri 24th Apr.mov,7700,2:08:20,15:38:20,230537,0,0,4,0,0,0,0,4,4
Whole Day 1 - Fri 24th Apr.mov,7710,2:08:30,15:38:30,230836,0,0,4,0,1,0,0,5,5
Whole Day 1 - Fri 24th Apr.mov,7720,2:08:40,15:38:40,231136,0,0,5,0,0,0,0,5,5
Whole Day 1 - Fri 24th Apr.mov,7730,2:08:50,15:38:50,231435,1,0,2,0,0,0,0,2,3
Whole Day 1 - Fri 24th Apr.mov,7740,2:09:00,15:39:00,231734,0,0,4,0,0,0,0,4,4
Whole Day 1 - Fri 24th Apr.mov,7750,2:09:10,15:39:10,232034,1,0,2,0,0,0,0,2,3
Whole Day 1 - Fri 24th Apr.mov,7760,2:09:20,15:39:20,232333,0,0,11,0,0,0,0,11,11
Whole Day 1 - Fri 24th Apr.mov,7770,2:09:30,15:39:30,232633,2,0,13,0,0,1,1,14,16
Whole Day 1 - Fri 24th Apr.mov,7780,2:09:40,15:39:40,232932,1,0,12,1,0,0,0,13,14
Whole Day 1 - Fri 24th Apr.mov,7790,2:09:50,15:39:50,233231,1,0,10,0,0,0,0,10,11
Whole Day 1 - Fri 24th Apr.mov,7800,2:10:00,15:40:00,233531,0,0,7,0,0,0,0,7,7
Whole Day 1 - Fri 24th Apr.mov,7810,2:10:10,15:40:10,233830,0,0,4,0,0,0,0,4,4
Whole Day 1 - Fri 24th Apr.mov,7820,2:10:20,15:40:20,234130,2,0,7,0,0,0,0,7,9
Whole Day 1 - Fri 24th Apr.mov,7830,2:10:30,15:40:30,234429,0,0,8,0,0,0,1,8,8
Whole Day 1 - Fri 24th Apr.mov,7840,2:10:40,15:40:40,234728,0,0,6,0,1,0,1,7,7
Whole Day 1 - Fri 24th Apr.mov,7850,2:10:50,15:40:50,235028,0,0,6,0,0,0,0,6,6
Whole Day 1 - Fri 24th Apr.mov,7860,2:11:00,15:41:00,235327,0,0,5,0,0,0,1,5,5
Whole Day 1 - Fri 24th Apr.mov,7870,2:11:10,15:41:10,235627,1,0,2,0,0,0,1,2,3
Whole Day 1 - Fri 24th Apr.mov,7880,2:11:20,15:41:20,235926,1,0,1,0,0,0,1,1,2
Whole Day 1 - Fri 24th Apr.mov,7890,2:11:30,15:41:30,236225,2,0,0,0,0,0,0,0,2
Whole Day 1 - Fri 24th Apr.mov,7900,2:11:40,15:41:40,236525,3,0,6,0,0,0,1,6,9
Whole Day 1 - Fri 24th Apr.mov,7910,2:11:50,15:41:50,236824,2,0,6,0,0,0,0,6,8
Whole Day 1 - Fri 24th Apr.mov,7920,2:12:00,15:42:00,237123,2,0,5,0,0,0,0,5,7
Whole Day 1 - Fri 24th Apr.mov,7930,2:12:10,15:42:10,237423,6,0,10,0,0,0,0,10,16
Whole Day 1 - Fri 24th Apr.mov,7940,2:12:20,15:42:20,237722,2,0,6,0,0,0,1,6,8
Whole Day 1 - Fri 24th Apr.mov,7950,2:12:30,15:42:30,238022,0,0,6,0,0,0,1,6,6
Whole Day 1 - Fri 24th Apr.mov,7960,2:12:40,15:42:40,238321,0,0,3,0,0,0,1,3,3
Whole Day 1 - Fri 24th Apr.mov,7970,2:12:50,15:42:50,238620,0,0,6,0,0,0,1,6,6
Whole Day 1 - Fri 24th Apr.mov,7980,2:13:00,15:43:00,238920,0,0,12,0,1,0,0,13,13
Whole Day 1 - Fri 24th Apr.mov,7990,2:13:10,15:43:10,239219,1,0,6,0,0,0,1,6,7
Whole Day 1 - Fri 24th Apr.mov,8000,2:13:20,15:43:20,239519,2,0,6,0,0,0,1,6,8
Whole Day 1 - Fri 24th Apr.mov,8010,2:13:30,15:43:30,239818,5,0,5,0,1,0,1,6,11
Whole Day 1 - Fri 24th Apr.mov,8020,2:13:40,15:43:40,240117,7,0,3,0,0,0,1,3,10
Whole Day 1 - Fri 24th Apr.mov,8030,2:13:50,15:43:50,240417,6,0,1,0,0,0,2,1,7
Whole Day 1 - Fri 24th Apr.mov,8040,2:14:00,15:44:00,240716,3,0,1,0,1,0,1,2,5
Whole Day 1 - Fri 24th Apr.mov,8050,2:14:10,15:44:10,241016,4,0,6,0,1,0,2,7,11
Whole Day 1 - Fri 24th Apr.mov,8060,2:14:20,15:44:20,241315,3,0,4,0,1,1,0,6,9
Whole Day 1 - Fri 24th Apr.mov,8070,2:14:30,15:44:30,241614,1,0,9,0,0,0,1,9,10
Whole Day 1 - Fri 24th Apr.mov,8080,2:14:40,15:44:40,241914,0,0,9,0,0,1,0,10,10
Whole Day 1 - Fri 24th Apr.mov,8090,2:14:50,15:44:50,242213,0,0,11,0,1,1,1,13,13
Whole Day 1 - Fri 24th Apr.mov,8100,2:15:00,15:45:00,242513,0,0,10,0,0,0,1,10,10
Whole Day 1 - Fri 24th Apr.mov,8110,2:15:10,15:45:10,242812,1,0,7,0,0,0,1,7,8
Whole Day 1 - Fri 24th Apr.mov,8120,2:15:20,15:45:20,243111,1,0,8,0,0,0,1,8,9
Whole Day 1 - Fri 24th Apr.mov,8130,2:15:30,15:45:30,243411,0,0,5,0,0,0,1,5,5
Whole Day 1 - Fri 24th Apr.mov,8140,2:15:40,15:45:40,243710,1,0,7,0,0,1,1,8,9
Whole Day 1 - Fri 24th Apr.mov,8150,2:15:50,15:45:50,244010,0,0,1,0,0,0,1,1,1
Whole Day 1 - Fri 24th Apr.mov,8160,2:16:00,15:46:00,244309,0,0,0,0,0,0,1,0,0
Whole Day 1 - Fri 24th Apr.mov,8170,2:16:10,15:46:10,244608,1,1,0,0,0,0,1,0,2
Whole Day 1 - Fri 24th Apr.mov,8180,2:16:20,15:46:20,244908,0,0,6,0,0,0,1,6,6
Whole Day 1 - Fri 24th Apr.mov,8190,2:16:30,15:46:30,245207,2,0,8,0,0,0,0,8,10
Whole Day 1 - Fri 24th Apr.mov,8200,2:16:40,15:46:40,245507,4,0,7,0,0,0,1,7,11
Whole Day 1 - Fri 24th Apr.mov,8210,2:16:50,15:46:50,245806,2,0,9,0,0,0,2,9,11
Whole Day 1 - Fri 24th Apr.mov,8220,2:17:00,15:47:00,246105,0,0,7,0,0,0,1,7,7
Whole Day 1 - Fri 24th Apr.mov,8230,2:17:10,15:47:10,246405,0,0,5,0,0,0,0,5,5
Whole Day 1 - Fri 24th Apr.mov,8240,2:17:20,15:47:20,246704,0,0,6,0,0,0,2,6,6
Whole Day 1 - Fri 24th Apr.mov,8250,2:17:30,15:47:30,247004,0,0,8,0,0,0,0,8,8
Whole Day 1 - Fri 24th Apr.mov,8260,2:17:40,15:47:40,247303,0,0,12,0,0,0,0,12,12
Whole Day 1 - Fri 24th Apr.mov,8270,2:17:50,15:47:50,247602,0,0,9,0,0,0,0,9,9
Whole Day 1 - Fri 24th Apr.mov,8280,2:18:00,15:48:00,247902,0,0,6,0,0,0,1,6,6
Whole Day 1 - Fri 24th Apr.mov,8290,2:18:10,15:48:10,248201,0,0,0,0,0,0,0,0,0
Whole Day 1 - Fri 24th Apr.mov,8300,2:18:20,15:48:20,248501,0,0,0,0,0,0,0,0,0
Whole Day 1 - Fri 24th Apr.mov,8310,2:18:30,15:48:30,248800,0,0,3,0,0,0,0,3,3
Whole Day 1 - Fri 24th Apr.mov,8320,2:18:40,15:48:40,249099,0,0,7,0,0,1,0,8,8
Whole Day 1 - Fri 24th Apr.mov,8330,2:18:50,15:48:50,249399,0,0,7,0,0,2,0,9,9
Whole Day 1 - Fri 24th Apr.mov,8340,2:19:00,15:49:00,249698,1,0,10,0,0,2,0,12,13
Whole Day 1 - Fri 24th Apr.mov,8350,2:19:10,15:49:10,249998,4,0,5,0,0,0,0,5,9
Whole Day 1 - Fri 24th Apr.mov,8360,2:19:20,15:49:20,250297,1,0,7,0,0,1,0,8,9
Whole Day 1 - Fri 24th Apr.mov,8370,2:19:30,15:49:30,250596,0,0,3,0,0,0,1,3,3
Whole Day 1 - Fri 24th Apr.mov,8380,2:19:40,15:49:40,250896,0,0,4,0,0,0,1,4,4
Whole Day 1 - Fri 24th Apr.mov,8390,2:19:50,15:49:50,251195,0,0,4,0,0,0,1,4,4
Whole Day 1 - Fri 24th Apr.mov,8400,2:20:00,15:50:00,251495,0,0,8,0,0,0,0,8,8
Whole Day 1 - Fri 24th Apr.mov,8410,2:20:10,15:50:10,251794,0,0,4,0,0,2,0,6,6
Whole Day 1 - Fri 24th Apr.mov,8420,2:20:20,15:50:20,252093,0,0,3,0,0,1,0,4,4
Whole Day 1 - Fri 24th Apr.mov,8430,2:20:30,15:50:30,252393,0,0,8,0,0,1,0,9,9
Whole Day 1 - Fri 24th Apr.mov,8440,2:20:40,15:50:40,252692,0,0,2,0,0,1,0,3,3
Whole Day 1 - Fri 24th Apr.mov,8450,2:20:50,15:50:50,252992,0,0,0,0,0,0,0,0,0
Whole Day 1 - Fri 24th Apr.mov,8460,2:21:00,15:51:00,253291,1,0,10,1,0,0,0,11,12
Whole Day 1 - Fri 24th Apr.mov,8470,2:21:10,15:51:10,253590,0,0,12,1,0,0,0,13,13
Whole Day 1 - Fri 24th Apr.mov,8480,2:21:20,15:51:20,253890,0,0,14,0,0,0,0,14,14
Whole Day 1 - Fri 24th Apr.mov,8490,2:21:30,15:51:30,254189,0,0,13,0,0,0,0,13,13
Whole Day 1 - Fri 24th Apr.mov,8500,2:21:40,15:51:40,254489,0,0,9,0,0,1,1,10,10
Whole Day 1 - Fri 24th Apr.mov,8510,2:21:50,15:51:50,254788,5,0,4,0,0,0,1,4,9
Whole Day 1 - Fri 24th Apr.mov,8520,2:22:00,15:52:00,255087,0,0,6,0,1,1,1,8,8
Whole Day 1 - Fri 24th Apr.mov,8530,2:22:10,15:52:10,255387,0,0,3,0,2,1,1,6,6
Whole Day 1 - Fri 24th Apr.mov,8540,2:22:20,15:52:20,255686,2,0,9,0,0,1,0,10,12
Whole Day 1 - Fri 24th Apr.mov,8550,2:22:30,15:52:30,255986,1,0,8,0,0,0,0,8,9
Whole Day 1 - Fri 24th Apr.mov,8560,2:22:40,15:52:40,256285,0,0,5,0,0,1,0,6,6
Whole Day 1 - Fri 24th Apr.mov,8570,2:22:50,15:52:50,256584,0,0,4,0,0,0,0,4,4
Whole Day 1 - Fri 24th Apr.mov,8580,2:23:00,15:53:00,256884,1,0,2,0,0,0,0,2,3
Whole Day 1 - Fri 24th Apr.mov,8590,2:23:10,15:53:10,257183,1,0,5,0,0,0,0,5,6
Whole Day 1 - Fri 24th Apr.mov,8600,2:23:20,15:53:20,257483,0,0,10,0,0,0,0,10,10
Whole Day 1 - Fri 24th Apr.mov,8610,2:23:30,15:53:30,257782,1,0,6,0,0,0,0,6,7
Whole Day 1 - Fri 24th Apr.mov,8620,2:23:40,15:53:40,258081,0,0,6,0,0,0,0,6,6
Whole Day 1 - Fri 24th Apr.mov,8630,2:23:50,15:53:50,258381,0,0,7,0,0,1,1,8,8
Whole Day 1 - Fri 24th Apr.mov,8640,2:24:00,15:54:00,258680,1,0,5,0,0,0,1,5,6
Whole Day 1 - Fri 24th Apr.mov,8650,2:24:10,15:54:10,258980,0,0,6,0,0,0,1,6,6
Whole Day 1 - Fri 24th Apr.mov,8660,2:24:20,15:54:20,259279,3,0,3,0,1,1,1,5,8
Whole Day 1 - Fri 24th Apr.mov,8670,2:24:30,15:54:30,259578,0,0,6,0,0,0,1,6,6
Whole Day 1 - Fri 24th Apr.mov,8680,2:24:40,15:54:40,259878,0,0,6,0,1,1,0,8,8
Whole Day 1 - Fri 24th Apr.mov,8690,2:24:50,15:54:50,260177,0,0,10,0,0,0,0,10,10
Whole Day 1 - Fri 24th Apr.mov,8700,2:25:00,15:55:00,260477,0,0,3,0,0,1,0,4,4
Whole Day 1 - Fri 24th Apr.mov,8710,2:25:10,15:55:10,260776,0,0,0,0,0,0,0,0,0
Whole Day 1 - Fri 24th Apr.mov,8720,2:25:20,15:55:20,261075,0,0,3,0,0,0,0,3,3
Whole Day 1 - Fri 24th Apr.mov,8730,2:25:30,15:55:30,261375,0,0,10,0,0,0,0,10,10
Whole Day 1 - Fri 24th Apr.mov,8740,2:25:40,15:55:40,261674,1,0,6,0,0,2,1,8,9
Whole Day 1 - Fri 24th Apr.mov,8750,2:25:50,15:55:50,261974,0,0,5,0,0,0,1,5,5
Whole Day 1 - Fri 24th Apr.mov,8760,2:26:00,15:56:00,262273,0,0,7,0,1,1,1,9,9
Whole Day 1 - Fri 24th Apr.mov,8770,2:26:10,15:56:10,262572,1,0,4,0,1,0,1,5,6
Whole Day 1 - Fri 24th Apr.mov,8780,2:26:20,15:56:20,262872,0,0,2,0,0,0,0,2,2
Whole Day 1 - Fri 24th Apr.mov,8790,2:26:30,15:56:30,263171,0,0,4,0,0,0,0,4,4
Whole Day 1 - Fri 24th Apr.mov,8800,2:26:40,15:56:40,263471,0,0,5,0,0,0,0,5,5
Whole Day 1 - Fri 24th Apr.mov,8810,2:26:50,15:56:50,263770,1,0,6,1,0,1,1,8,9
Whole Day 1 - Fri 24th Apr.mov,8820,2:27:00,15:57:00,264069,0,0,8,1,0,0,0,9,9
Whole Day 1 - Fri 24th Apr.mov,8830,2:27:10,15:57:10,264369,2,0,5,0,0,1,0,6,8
Whole Day 1 - Fri 24th Apr.mov,8840,2:27:20,15:57:20,264668,3,0,7,0,0,0,0,7,10
Whole Day 1 - Fri 24th Apr.mov,8850,2:27:30,15:57:30,264968,0,0,6,0,1,0,0,7,7
Whole Day 1 - Fri 24th Apr.mov,8860,2:27:40,15:57:40,265267,0,0,4,0,0,2,1,6,6
Whole Day 1 - Fri 24th Apr.mov,8870,2:27:50,15:57:50,265566,0,0,7,0,0,1,1,8,8
Whole Day 1 - Fri 24th Apr.mov,8880,2:28:00,15:58:00,265866,0,0,10,0,0,0,1,10,10
Whole Day 1 - Fri 24th Apr.mov,8890,2:28:10,15:58:10,266165,0,0,6,1,0,0,0,7,7
Whole Day 1 - Fri 24th Apr.mov,8900,2:28:20,15:58:20,266465,0,0,2,0,0,0,1,2,2
Whole Day 1 - Fri 24th Apr.mov,8910,2:28:30,15:58:30,266764,0,0,2,0,0,0,0,2,2
Whole Day 1 - Fri 24th Apr.mov,8920,2:28:40,15:58:40,267063,0,0,5,0,0,1,0,6,6
Whole Day 1 - Fri 24th Apr.mov,8930,2:28:50,15:58:50,267363,0,0,1,0,0,0,0,1,1
Whole Day 1 - Fri 24th Apr.mov,8940,2:29:00,15:59:00,267662,0,0,5,0,0,0,1,5,5
Whole Day 1 - Fri 24th Apr.mov,8950,2:29:10,15:59:10,267962,0,0,8,0,0,1,1,9,9
Whole Day 1 - Fri 24th Apr.mov,8960,2:29:20,15:59:20,268261,0,0,10,0,0,0,1,10,10
Whole Day 1 - Fri 24th Apr.mov,8970,2:29:30,15:59:30,268560,2,0,6,0,0,0,1,6,8
Whole Day 1 - Fri 24th Apr.mov,8980,2:29:40,15:59:40,268860,1,0,11,0,0,0,1,11,12
Whole Day 1 - Fri 24th Apr.mov,8990,2:29:50,15:59:50,269159,1,0,7,0,1,1,1,9,10
Whole Day 1 - Fri 24th Apr.mov,9000,2:30:00,16:00:00,269459,1,0,4,0,0,2,1,6,7
Whole Day 1 - Fri 24th Apr.mov,9010,2:30:10,16:00:10,269758,1,0,7,0,0,0,1,7,8
Whole Day 1 - Fri 24th Apr.mov,9020,2:30:20,16:00:20,270057,0,0,5,0,0,2,1,7,7
Whole Day 1 - Fri 24th Apr.mov,9030,2:30:30,16:00:30,270357,0,0,10,0,0,0,0,10,10
Whole Day 1 - Fri 24th Apr.mov,9040,2:30:40,16:00:40,270656,1,0,8,0,0,0,1,8,9
Whole Day 1 - Fri 24th Apr.mov,9050,2:30:50,16:00:50,270956,0,0,5,0,0,0,0,5,5
Whole Day 1 - Fri 24th Apr.mov,9060,2:31:00,16:01:00,271255,1,0,1,0,0,0,0,1,2
Whole Day 1 - Fri 24th Apr.mov,9070,2:31:10,16:01:10,271554,1,0,0,0,0,0,0,0,1
Whole Day 1 - Fri 24th Apr.mov,9080,2:31:20,16:01:20,271854,1,0,3,0,0,0,1,3,4
Whole Day 1 - Fri 24th Apr.mov,9090,2:31:30,16:01:30,272153,1,0,3,0,0,0,0,3,4
Whole Day 1 - Fri 24th Apr.mov,9100,2:31:40,16:01:40,272453,1,0,7,0,0,0,1,7,8
Whole Day 1 - Fri 24th Apr.mov,9110,2:31:50,16:01:50,272752,0,0,6,0,0,0,0,6,6
Whole Day 1 - Fri 24th Apr.mov,9120,2:32:00,16:02:00,273051,0,0,9,0,0,0,1,9,9
Whole Day 1 - Fri 24th Apr.mov,9130,2:32:10,16:02:10,273351,0,0,6,0,0,2,1,8,8
Whole Day 1 - Fri 24th Apr.mov,9140,2:32:20,16:02:20,273650,0,0,6,0,0,3,0,9,9
Whole Day 1 - Fri 24th Apr.mov,9150,2:32:30,16:02:30,273950,0,0,9,0,0,1,1,10,10
Whole Day 1 - Fri 24th Apr.mov,9160,2:32:40,16:02:40,274249,0,0,7,1,0,0,1,8,8
Whole Day 1 - Fri 24th Apr.mov,9170,2:32:50,16:02:50,274548,0,0,6,0,0,0,1,6,6
Whole Day 1 - Fri 24th Apr.mov,9180,2:33:00,16:03:00,274848,0,0,4,0,0,1,1,5,5
Whole Day 1 - Fri 24th Apr.mov,9190,2:33:10,16:03:10,275147,1,0,2,1,0,2,1,5,6
Whole Day 1 - Fri 24th Apr.mov,9200,2:33:20,16:03:20,275447,0,0,4,0,0,0,1,4,4
Whole Day 1 - Fri 24th Apr.mov,9210,2:33:30,16:03:30,275746,0,0,0,1,0,0,0,1,1
Whole Day 1 - Fri 24th Apr.mov,9220,2:33:40,16:03:40,276045,0,0,2,0,0,2,3,4,4
Whole Day 1 - Fri 24th Apr.mov,9230,2:33:50,16:03:50,276345,0,0,7,0,0,4,0,11,11
Whole Day 1 - Fri 24th Apr.mov,9240,2:34:00,16:04:00,276644,3,0,8,0,0,1,0,9,12
Whole Day 1 - Fri 24th Apr.mov,9250,2:34:10,16:04:10,276944,1,0,6,0,0,0,0,6,7
Whole Day 1 - Fri 24th Apr.mov,9260,2:34:20,16:04:20,277243,2,0,9,0,0,0,1,9,11
Whole Day 1 - Fri 24th Apr.mov,9270,2:34:30,16:04:30,277542,2,0,5,0,0,0,1,5,7
Whole Day 1 - Fri 24th Apr.mov,9280,2:34:40,16:04:40,277842,4,0,3,0,0,0,1,3,7
Whole Day 1 - Fri 24th Apr.mov,9290,2:34:50,16:04:50,278141,5,0,0,0,0,0,1,0,5
Whole Day 1 - Fri 24th Apr.mov,9300,2:35:00,16:05:00,278441,2,0,4,0,0,0,1,4,6
Whole Day 1 - Fri 24th Apr.mov,9310,2:35:10,16:05:10,278740,1,0,8,0,0,0,1,8,9
Whole Day 1 - Fri 24th Apr.mov,9320,2:35:20,16:05:20,279039,2,0,5,0,0,0,1,5,7
Whole Day 1 - Fri 24th Apr.mov,9330,2:35:30,16:05:30,279339,1,0,8,0,0,1,0,9,10
Whole Day 1 - Fri 24th Apr.mov,9340,2:35:40,16:05:40,279638,1,0,8,0,2,4,0,14,15
Whole Day 1 - Fri 24th Apr.mov,9350,2:35:50,16:05:50,279938,1,0,7,0,0,0,0,7,8
Whole Day 1 - Fri 24th Apr.mov,9360,2:36:00,16:06:00,280237,0,0,8,0,0,1,1,9,9
Whole Day 1 - Fri 24th Apr.mov,9370,2:36:10,16:06:10,280536,1,0,7,1,0,0,0,8,9
Whole Day 1 - Fri 24th Apr.mov,9380,2:36:20,16:06:20,280836,0,0,5,0,0,0,1,5,5
Whole Day 1 - Fri 24th Apr.mov,9390,2:36:30,16:06:30,281135,3,0,0,0,0,1,0,1,4
Whole Day 1 - Fri 24th Apr.mov,9400,2:36:40,16:06:40,281435,1,0,2,0,0,2,1,4,5
Whole Day 1 - Fri 24th Apr.mov,9410,2:36:50,16:06:50,281734,0,0,2,0,0,2,1,4,4
Whole Day 1 - Fri 24th Apr.mov,9420,2:37:00,16:07:00,282033,0,0,4,0,0,3,1,7,7
Whole Day 1 - Fri 24th Apr.mov,9430,2:37:10,16:07:10,282333,0,0,11,0,0,0,1,11,11
Whole Day 1 - Fri 24th Apr.mov,9440,2:37:20,16:07:20,282632,1,0,5,0,0,0,0,5,6
Whole Day 1 - Fri 24th Apr.mov,9450,2:37:30,16:07:30,282932,1,0,7,0,0,0,0,7,8
Whole Day 1 - Fri 24th Apr.mov,9460,2:37:40,16:07:40,283231,1,0,4,0,0,0,1,4,5
Whole Day 1 - Fri 24th Apr.mov,9470,2:37:50,16:07:50,283530,2,0,10,0,0,0,0,10,12
Whole Day 1 - Fri 24th Apr.mov,9480,2:38:00,16:08:00,283830,0,0,8,0,0,0,1,8,8
Whole Day 1 - Fri 24th Apr.mov,9490,2:38:10,16:08:10,284129,0,0,7,0,0,1,0,8,8
Whole Day 1 - Fri 24th Apr.mov,9500,2:38:20,16:08:20,284429,0,0,4,0,0,0,1,4,4
Whole Day 1 - Fri 24th Apr.mov,9510,2:38:30,16:08:30,284728,1,0,9,1,0,0,1,10,11
Whole Day 1 - Fri 24th Apr.mov,9520,2:38:40,16:08:40,285027,0,0,8,0,0,0,1,8,8
Whole Day 1 - Fri 24th Apr.mov,9530,2:38:50,16:08:50,285327,1,0,5,0,0,1,1,6,7
Whole Day 1 - Fri 24th Apr.mov,9540,2:39:00,16:09:00,285626,2,0,9,0,0,0,0,9,11
Whole Day 1 - Fri 24th Apr.mov,9550,2:39:10,16:09:10,285926,0,0,9,0,0,0,1,9,9
Whole Day 1 - Fri 24th Apr.mov,9560,2:39:20,16:09:20,286225,0,0,6,0,0,0,1,6,6
Whole Day 1 - Fri 24th Apr.mov,9570,2:39:30,16:09:30,286524,0,0,9,0,0,0,2,9,9
Whole Day 1 - Fri 24th Apr.mov,9580,2:39:40,16:09:40,286824,1,0,5,0,0,0,0,5,6
Whole Day 1 - Fri 24th Apr.mov,9590,2:39:50,16:09:50,287123,1,0,10,0,0,0,1,10,11
Whole Day 1 - Fri 24th Apr.mov,9600,2:40:00,16:10:00,287423,0,0,3,0,0,0,1,3,3
Whole Day 1 - Fri 24th Apr.mov,9610,2:40:10,16:10:10,287722,1,0,3,0,2,0,1,5,6
Whole Day 1 - Fri 24th Apr.mov,9620,2:40:20,16:10:20,288021,0,0,5,0,0,0,1,5,5
Whole Day 1 - Fri 24th Apr.mov,9630,2:40:30,16:10:30,288321,0,0,5,0,0,1,1,6,6
Whole Day 1 - Fri 24th Apr.mov,9640,2:40:40,16:10:40,288620,0,0,1,0,0,0,1,1,1
Whole Day 1 - Fri 24th Apr.mov,9650,2:40:50,16:10:50,288920,0,0,2,1,0,0,1,3,3
Whole Day 1 - Fri 24th Apr.mov,9660,2:41:00,16:11:00,289219,0,0,6,1,0,0,0,7,7
Whole Day 1 - Fri 24th Apr.mov,9670,2:41:10,16:11:10,289518,1,0,7,1,0,1,0,9,10
Whole Day 1 - Fri 24th Apr.mov,9680,2:41:20,16:11:20,289818,1,0,10,0,0,0,1,10,11
Whole Day 1 - Fri 24th Apr.mov,9690,2:41:30,16:11:30,290117,2,0,6,0,0,0,0,6,8
Whole Day 1 - Fri 24th Apr.mov,9700,2:41:40,16:11:40,290417,1,0,6,0,1,0,1,7,8
Whole Day 1 - Fri 24th Apr.mov,9710,2:41:50,16:11:50,290716,0,0,4,0,0,1,1,5,5
Whole Day 1 - Fri 24th Apr.mov,9720,2:42:00,16:12:00,291015,0,0,9,0,0,1,1,10,10
Whole Day 1 - Fri 24th Apr.mov,9730,2:42:10,16:12:10,291315,0,0,7,0,0,1,1,8,8
Whole Day 1 - Fri 24th Apr.mov,9740,2:42:20,16:12:20,291614,0,0,5,0,0,1,0,6,6
Whole Day 1 - Fri 24th Apr.mov,9750,2:42:30,16:12:30,291914,0,0,11,0,0,0,0,11,11
Whole Day 1 - Fri 24th Apr.mov,9760,2:42:40,16:12:40,292213,0,0,7,0,0,1,1,8,8
Whole Day 1 - Fri 24th Apr.mov,9770,2:42:50,16:12:50,292512,1,0,4,0,0,0,1,4,5
Whole Day 1 - Fri 24th Apr.mov,9780,2:43:00,16:13:00,292812,2,0,4,1,0,0,1,5,7
Whole Day 1 - Fri 24th Apr.mov,9790,2:43:10,16:13:10,293111,1,0,4,0,0,0,1,4,5
Whole Day 1 - Fri 24th Apr.mov,9800,2:43:20,16:13:20,293411,1,0,6,0,0,1,2,7,8
Whole Day 1 - Fri 24th Apr.mov,9810,2:43:30,16:13:30,293710,1,0,8,0,0,1,0,9,10
Whole Day 1 - Fri 24th Apr.mov,9820,2:43:40,16:13:40,294009,1,0,11,0,0,1,1,12,13
Whole Day 1 - Fri 24th Apr.mov,9830,2:43:50,16:13:50,294309,4,0,7,3,0,0,0,10,14
Whole Day 1 - Fri 24th Apr.mov,9840,2:44:00,16:14:00,294608,0,0,8,0,0,0,0,8,8
Whole Day 1 - Fri 24th Apr.mov,9850,2:44:10,16:14:10,294908,0,0,6,0,0,0,1,6,6
Whole Day 1 - Fri 24th Apr.mov,9860,2:44:20,16:14:20,295207,0,0,5,0,0,0,0,5,5
Whole Day 1 - Fri 24th Apr.mov,9870,2:44:30,16:14:30,295506,0,0,9,0,0,0,2,9,9
Whole Day 1 - Fri 24th Apr.mov,9880,2:44:40,16:14:40,295806,0,0,7,0,0,1,1,8,8
Whole Day 1 - Fri 24th Apr.mov,9890,2:44:50,16:14:50,296105,0,0,7,0,0,0,2,7,7
Whole Day 1 - Fri 24th Apr.mov,9900,2:45:00,16:15:00,296404,1,0,7,0,0,0,0,7,8
Whole Day 1 - Fri 24th Apr.mov,9910,2:45:10,16:15:10,296704,1,0,6,0,0,0,0,6,7
Whole Day 1 - Fri 24th Apr.mov,9920,2:45:20,16:15:20,297003,2,0,2,0,0,0,0,2,4
Whole Day 1 - Fri 24th Apr.mov,9930,2:45:30,16:15:30,297303,3,0,5,0,0,1,1,6,9
Whole Day 1 - Fri 24th Apr.mov,9940,2:45:40,16:15:40,297602,0,0,14,0,0,0,1,14,14
Whole Day 1 - Fri 24th Apr.mov,9950,2:45:50,16:15:50,297901,1,0,13,0,0,3,1,16,17
Whole Day 1 - Fri 24th Apr.mov,9960,2:46:00,16:16:00,298201,0,0,11,0,0,0,1,11,11
Whole Day 1 - Fri 24th Apr.mov,9970,2:46:10,16:16:10,298500,0,0,4,0,0,1,1,5,5
Whole Day 1 - Fri 24th Apr.mov,9980,2:46:20,16:16:20,298800,0,0,8,0,0,0,0,8,8
Whole Day 1 - Fri 24th Apr.mov,9990,2:46:30,16:16:30,299099,0,0,8,0,0,0,1,8,8
Whole Day 1 - Fri 24th Apr.mov,10000,2:46:40,16:16:40,299398,0,0,6,0,0,1,1,7,7
Whole Day 1 - Fri 24th Apr.mov,10010,2:46:50,16:16:50,299698,1,0,9,0,0,0,0,9,10
Whole Day 1 - Fri 24th Apr.mov,10020,2:47:00,16:17:00,299997,1,0,9,0,0,0,1,9,10
Whole Day 1 - Fri 24th Apr.mov,10030,2:47:10,16:17:10,300297,2,1,5,0,0,0,1,5,8
Whole Day 1 - Fri 24th Apr.mov,10040,2:47:20,16:17:20,300596,0,0,3,0,1,0,1,4,4
Whole Day 1 - Fri 24th Apr.mov,10050,2:47:30,16:17:30,300895,0,0,5,0,0,0,0,5,5
Whole Day 1 - Fri 24th Apr.mov,10060,2:47:40,16:17:40,301195,0,0,2,0,0,0,0,2,2
Whole Day 1 - Fri 24th Apr.mov,10070,2:47:50,16:17:50,301494,1,0,2,1,0,1,1,4,5
Whole Day 1 - Fri 24th Apr.mov,10080,2:48:00,16:18:00,301794,0,0,7,1,0,0,0,8,8
Whole Day 1 - Fri 24th Apr.mov,10090,2:48:10,16:18:10,302093,1,0,10,1,0,0,0,11,12
Whole Day 1 - Fri 24th Apr.mov,10100,2:48:20,16:18:20,302392,1,0,9,0,0,0,1,9,10
Whole Day 1 - Fri 24th Apr.mov,10110,2:48:30,16:18:30,302692,0,0,7,0,0,0,0,7,7
Whole Day 1 - Fri 24th Apr.mov,10120,2:48:40,16:18:40,302991,0,0,5,0,0,0,1,5,5
Whole Day 1 - Fri 24th Apr.mov,10130,2:48:50,16:18:50,303291,1,0,5,0,0,1,1,6,7
Whole Day 1 - Fri 24th Apr.mov,10140,2:49:00,16:19:00,303590,0,0,6,0,0,0,1,6,6
Whole Day 1 - Fri 24th Apr.mov,10150,2:49:10,16:19:10,303889,0,0,10,0,0,1,1,11,11
Whole Day 1 - Fri 24th Apr.mov,10160,2:49:20,16:19:20,304189,0,0,8,0,0,0,0,8,8
Whole Day 1 - Fri 24th Apr.mov,10170,2:49:30,16:19:30,304488,1,0,5,0,0,0,1,5,6
Whole Day 1 - Fri 24th Apr.mov,10180,2:49:40,16:19:40,304788,1,1,4,0,0,0,0,4,6
Whole Day 1 - Fri 24th Apr.mov,10190,2:49:50,16:19:50,305087,0,0,1,0,0,0,0,1,1
Whole Day 1 - Fri 24th Apr.mov,10200,2:50:00,16:20:00,305386,2,0,0,0,0,0,0,0,2
Whole Day 1 - Fri 24th Apr.mov,10210,2:50:10,16:20:10,305686,0,0,2,0,0,0,0,2,2
Whole Day 1 - Fri 24th Apr.mov,10220,2:50:20,16:20:20,305985,0,0,5,0,0,0,1,5,5
Whole Day 1 - Fri 24th Apr.mov,10230,2:50:30,16:20:30,306285,0,0,6,0,0,0,1,6,6
Whole Day 1 - Fri 24th Apr.mov,10240,2:50:40,16:20:40,306584,0,0,5,0,0,1,0,6,6
Whole Day 1 - Fri 24th Apr.mov,10250,2:50:50,16:20:50,306883,0,0,5,0,0,1,0,6,6
Whole Day 1 - Fri 24th Apr.mov,10260,2:51:00,16:21:00,307183,0,0,10,0,0,0,0,10,10
Whole Day 1 - Fri 24th Apr.mov,10270,2:51:10,16:21:10,307482,0,0,3,0,0,1,1,4,4
Whole Day 1 - Fri 24th Apr.mov,10280,2:51:20,16:21:20,307782,0,0,5,0,0,0,0,5,5
Whole Day 1 - Fri 24th Apr.mov,10290,2:51:30,16:21:30,308081,1,0,9,0,0,1,0,10,11
Whole Day 1 - Fri 24th Apr.mov,10300,2:51:40,16:21:40,308380,1,0,7,0,0,0,0,7,8
Whole Day 1 - Fri 24th Apr.mov,10310,2:51:50,16:21:50,308680,2,0,7,2,0,0,0,9,11
Whole Day 1 - Fri 24th Apr.mov,10320,2:52:00,16:22:00,308979,1,0,7,0,0,1,0,8,9
Whole Day 1 - Fri 24th Apr.mov,10330,2:52:10,16:22:10,309279,1,0,4,0,0,0,0,4,5
Whole Day 1 - Fri 24th Apr.mov,10340,2:52:20,16:22:20,309578,1,0,0,0,0,0,0,0,1
Whole Day 1 - Fri 24th Apr.mov,10350,2:52:30,16:22:30,309877,2,1,5,1,0,0,0,6,9
Whole Day 1 - Fri 24th Apr.mov,10360,2:52:40,16:22:40,310177,1,0,7,0,0,0,2,7,8
Whole Day 1 - Fri 24th Apr.mov,10370,2:52:50,16:22:50,310476,1,0,5,0,0,0,1,5,6
Whole Day 1 - Fri 24th Apr.mov,10380,2:53:00,16:23:00,310776,1,0,5,0,0,0,1,5,6
Whole Day 1 - Fri 24th Apr.mov,10390,2:53:10,16:23:10,311075,1,0,3,0,0,0,2,3,4
Whole Day 1 - Fri 24th Apr.mov,10400,2:53:20,16:23:20,311374,1,0,1,0,1,0,1,2,3
Whole Day 1 - Fri 24th Apr.mov,10410,2:53:30,16:23:30,311674,2,0,1,0,1,0,2,2,4
Whole Day 1 - Fri 24th Apr.mov,10420,2:53:40,16:23:40,311973,3,0,3,0,0,0,3,3,6
Whole Day 1 - Fri 24th Apr.mov,10430,2:53:50,16:23:50,312273,1,0,7,0,0,0,0,7,8
Whole Day 1 - Fri 24th Apr.mov,10440,2:54:00,16:24:00,312572,1,0,7,0,0,0,0,7,8
Whole Day 1 - Fri 24th Apr.mov,10450,2:54:10,16:24:10,312871,0,0,3,0,0,0,0,3,3
Whole Day 1 - Fri 24th Apr.mov,10460,2:54:20,16:24:20,313171,2,0,11,0,0,1,1,12,14
Whole Day 1 - Fri 24th Apr.mov,10470,2:54:30,16:24:30,313470,2,0,3,0,0,0,1,3,5
Whole Day 1 - Fri 24th Apr.mov,10480,2:54:40,16:24:40,313770,0,0,10,0,0,0,0,10,10
Whole Day 1 - Fri 24th Apr.mov,10490,2:54:50,16:24:50,314069,2,0,7,0,0,0,0,7,9
Whole Day 1 - Fri 24th Apr.mov,10500,2:55:00,16:25:00,314368,0,0,10,0,0,0,0,10,10
Whole Day 1 - Fri 24th Apr.mov,10510,2:55:10,16:25:10,314668,1,0,8,0,0,0,1,8,9
Whole Day 1 - Fri 24th Apr.mov,10520,2:55:20,16:25:20,314967,1,0,6,0,0,0,1,6,7
Whole Day 1 - Fri 24th Apr.mov,10530,2:55:30,16:25:30,315267,0,0,5,0,0,1,1,6,6
Whole Day 1 - Fri 24th Apr.mov,10540,2:55:40,16:25:40,315566,0,0,1,0,0,0,0,1,1
Whole Day 1 - Fri 24th Apr.mov,10550,2:55:50,16:25:50,315865,3,0,4,0,0,0,1,4,7
Whole Day 1 - Fri 24th Apr.mov,10560,2:56:00,16:26:00,316165,0,0,9,0,0,0,0,9,9
Whole Day 1 - Fri 24th Apr.mov,10570,2:56:10,16:26:10,316464,1,0,10,0,0,1,1,11,12
Whole Day 1 - Fri 24th Apr.mov,10580,2:56:20,16:26:20,316764,0,0,13,0,0,1,0,14,14
Whole Day 1 - Fri 24th Apr.mov,10590,2:56:30,16:26:30,317063,1,0,8,0,0,0,0,8,9
Whole Day 1 - Fri 24th Apr.mov,10600,2:56:40,16:26:40,317362,2,0,7,0,0,0,0,7,9
Whole Day 1 - Fri 24th Apr.mov,10610,2:56:50,16:26:50,317662,0,0,5,0,0,0,0,5,5
Whole Day 1 - Fri 24th Apr.mov,10620,2:57:00,16:27:00,317961,0,0,6,0,0,0,0,6,6
Whole Day 1 - Fri 24th Apr.mov,10630,2:57:10,16:27:10,318261,0,0,8,0,0,1,0,9,9
Whole Day 1 - Fri 24th Apr.mov,10640,2:57:20,16:27:20,318560,0,0,6,0,0,0,0,6,6
Whole Day 1 - Fri 24th Apr.mov,10650,2:57:30,16:27:30,318859,0,0,10,0,0,0,0,10,10
Whole Day 1 - Fri 24th Apr.mov,10660,2:57:40,16:27:40,319159,1,0,8,0,0,0,0,8,9
Whole Day 1 - Fri 24th Apr.mov,10670,2:57:50,16:27:50,319458,0,0,2,0,0,0,0,2,2
Whole Day 1 - Fri 24th Apr.mov,10680,2:58:00,16:28:00,319758,0,0,1,0,0,0,0,1,1
Whole Day 1 - Fri 24th Apr.mov,10690,2:58:10,16:28:10,320057,0,0,2,0,0,0,0,2,2
Whole Day 1 - Fri 24th Apr.mov,10700,2:58:20,16:28:20,320356,0,0,2,0,0,0,1,2,2
Whole Day 1 - Fri 24th Apr.mov,10710,2:58:30,16:28:30,320656,1,0,8,0,0,0,1,8,9
Whole Day 1 - Fri 24th Apr.mov,10720,2:58:40,16:28:40,320955,3,0,7,0,0,0,1,7,10
Whole Day 1 - Fri 24th Apr.mov,10730,2:58:50,16:28:50,321255,0,0,7,0,0,0,1,7,7
Whole Day 1 - Fri 24th Apr.mov,10740,2:59:00,16:29:00,321554,1,0,9,0,0,0,0,9,10
Whole Day 1 - Fri 24th Apr.mov,10750,2:59:10,16:29:10,321853,0,0,6,0,0,0,0,6,6
Whole Day 1 - Fri 24th Apr.mov,10760,2:59:20,16:29:20,322153,0,0,8,0,0,1,0,9,9
Whole Day 1 - Fri 24th Apr.mov,10770,2:59:30,16:29:30,322452,1,0,6,1,0,1,0,8,9
Whole Day 1 - Fri 24th Apr.mov,10780,2:59:40,16:29:40,322752,0,0,6,0,2,0,0,8,8
Whole Day 1 - Fri 24th Apr.mov,10790,2:59:50,16:29:50,323051,0,0,6,0,0,0,1,6,6
Whole Day 1 - Fri 24th Apr.mov,10800,3:00:00,16:30:00,323350,0,0,8,0,0,0,0,8,8
Whole Day 1 - Fri 24th Apr.mov,10810,3:00:10,16:30:10,323650,0,0,1,0,0,1,0,2,2
Whole Day 1 - Fri 24th Apr.mov,10820,3:00:20,16:30:20,323949,0,0,1,0,0,0,0,1,1
Whole Day 1 - Fri 24th Apr.mov,10830,3:00:30,16:30:30,324249,0,0,3,0,0,0,0,3,3
Whole Day 1 - Fri 24th Apr.mov,10840,3:00:40,16:30:40,324548,1,0,9,0,0,0,3,9,10
Whole Day 1 - Fri 24th Apr.mov,10850,3:00:50,16:30:50,324847,0,0,8,0,0,1,1,9,9
Whole Day 1 - Fri 24th Apr.mov,10860,3:01:00,16:31:00,325147,0,0,8,0,0,0,2,8,8
Whole Day 1 - Fri 24th Apr.mov,10870,3:01:10,16:31:10,325446,0,0,10,0,0,1,1,11,11
Whole Day 1 - Fri 24th Apr.mov,10880,3:01:20,16:31:20,325746,0,0,9,0,0,0,1,9,9
Whole Day 1 - Fri 24th Apr.mov,10890,3:01:30,16:31:30,326045,0,0,6,0,0,0,1,6,6
Whole Day 1 - Fri 24th Apr.mov,10900,3:01:40,16:31:40,326344,0,0,7,0,0,0,0,7,7
Whole Day 1 - Fri 24th Apr.mov,10910,3:01:50,16:31:50,326644,0,0,9,0,0,0,1,9,9
Whole Day 1 - Fri 24th Apr.mov,10920,3:02:00,16:32:00,326943,0,0,5,0,0,0,0,5,5
Whole Day 1 - Fri 24th Apr.mov,10930,3:02:10,16:32:10,327243,0,0,4,0,1,1,2,6,6
Whole Day 1 - Fri 24th Apr.mov,10940,3:02:20,16:32:20,327542,3,0,6,0,0,0,0,6,9
Whole Day 1 - Fri 24th Apr.mov,10950,3:02:30,16:32:30,327841,2,0,1,0,0,1,0,2,4
Whole Day 1 - Fri 24th Apr.mov,10960,3:02:40,16:32:40,328141,0,0,0,0,0,0,0,0,0
Whole Day 1 - Fri 24th Apr.mov,10970,3:02:50,16:32:50,328440,0,0,3,0,0,0,1,3,3
Whole Day 1 - Fri 24th Apr.mov,10980,3:03:00,16:33:00,328740,1,0,4,0,0,0,4,4,5
Whole Day 1 - Fri 24th Apr.mov,10990,3:03:10,16:33:10,329039,1,0,4,0,0,0,1,4,5
Whole Day 1 - Fri 24th Apr.mov,11000,3:03:20,16:33:20,329338,0,0,9,0,0,0,0,9,9
Whole Day 1 - Fri 24th Apr.mov,11010,3:03:30,16:33:30,329638,0,0,5,0,0,0,0,5,5
Whole Day 1 - Fri 24th Apr.mov,11020,3:03:40,16:33:40,329937,2,0,5,0,0,0,1,5,7
Whole Day 1 - Fri 24th Apr.mov,11030,3:03:50,16:33:50,330237,0,0,3,0,0,0,0,3,3
Whole Day 1 - Fri 24th Apr.mov,11040,3:04:00,16:34:00,330536,0,0,7,0,0,0,0,7,7
Whole Day 1 - Fri 24th Apr.mov,11050,3:04:10,16:34:10,330835,0,0,8,0,0,0,0,8,8
Whole Day 1 - Fri 24th Apr.mov,11060,3:04:20,16:34:20,331135,0,0,9,0,0,0,0,9,9
Whole Day 1 - Fri 24th Apr.mov,11070,3:04:30,16:34:30,331434,0,0,7,0,0,0,0,7,7
Whole Day 1 - Fri 24th Apr.mov,11080,3:04:40,16:34:40,331734,3,0,1,0,0,0,2,1,4
Whole Day 1 - Fri 24th Apr.mov,11090,3:04:50,16:34:50,332033,2,0,1,0,0,1,0,2,4
Whole Day 1 - Fri 24th Apr.mov,11100,3:05:00,16:35:00,332332,1,0,2,0,0,0,0,2,3
Whole Day 1 - Fri 24th Apr.mov,11110,3:05:10,16:35:10,332632,0,0,2,0,0,0,1,2,2
Whole Day 1 - Fri 24th Apr.mov,11120,3:05:20,16:35:20,332931,0,0,4,0,1,0,1,5,5
Whole Day 1 - Fri 24th Apr.mov,11130,3:05:30,16:35:30,333231,0,0,6,0,1,0,1,7,7
Whole Day 1 - Fri 24th Apr.mov,11140,3:05:40,16:35:40,333530,0,0,4,0,1,0,0,5,5
Whole Day 1 - Fri 24th Apr.mov,11150,3:05:50,16:35:50,333829,0,0,6,0,0,0,1,6,6
Whole Day 1 - Fri 24th Apr.mov,11160,3:06:00,16:36:00,334129,1,0,7,0,0,0,0,7,8
Whole Day 1 - Fri 24th Apr.mov,11170,3:06:10,16:36:10,334428,2,0,5,0,0,0,2,5,7
Whole Day 1 - Fri 24th Apr.mov,11180,3:06:20,16:36:20,334728,0,0,4,0,0,0,1,4,4
Whole Day 1 - Fri 24th Apr.mov,11190,3:06:30,16:36:30,335027,1,0,7,0,0,0,0,7,8
Whole Day 1 - Fri 24th Apr.mov,11200,3:06:40,16:36:40,335326,0,0,9,0,0,0,1,9,9
Whole Day 1 - Fri 24th Apr.mov,11210,3:06:50,16:36:50,335626,0,0,9,0,0,0,1,9,9
Whole Day 1 - Fri 24th Apr.mov,11220,3:07:00,16:37:00,335925,0,0,0,0,0,0,0,0,0
Whole Day 1 - Fri 24th Apr.mov,11230,3:07:10,16:37:10,336225,0,0,0,0,0,0,1,0,0
Whole Day 1 - Fri 24th Apr.mov,11240,3:07:20,16:37:20,336524,0,0,2,0,0,0,0,2,2
Whole Day 1 - Fri 24th Apr.mov,11250,3:07:30,16:37:30,336823,0,0,1,0,0,0,0,1,1
Whole Day 1 - Fri 24th Apr.mov,11260,3:07:40,16:37:40,337123,0,0,4,0,0,0,1,4,4
Whole Day 1 - Fri 24th Apr.mov,11270,3:07:50,16:37:50,337422,0,0,7,0,0,0,0,7,7
Whole Day 1 - Fri 24th Apr.mov,11280,3:08:00,16:38:00,337722,1,0,8,0,0,0,2,8,9
Whole Day 1 - Fri 24th Apr.mov,11290,3:08:10,16:38:10,338021,1,0,9,0,0,1,0,10,11
Whole Day 1 - Fri 24th Apr.mov,11300,3:08:20,16:38:20,338320,0,0,9,0,2,1,0,12,12
Whole Day 1 - Fri 24th Apr.mov,11310,3:08:30,16:38:30,338620,0,0,6,0,4,0,0,10,10
Whole Day 1 - Fri 24th Apr.mov,11320,3:08:40,16:38:40,338919,0,0,6,0,1,0,1,7,7
Whole Day 1 - Fri 24th Apr.mov,11330,3:08:50,16:38:50,339219,0,0,5,0,0,0,0,5,5
Whole Day 1 - Fri 24th Apr.mov,11340,3:09:00,16:39:00,339518,3,0,2,0,0,0,0,2,5
Whole Day 1 - Fri 24th Apr.mov,11350,3:09:10,16:39:10,339817,0,0,1,0,0,0,0,1,1
Whole Day 1 - Fri 24th Apr.mov,11360,3:09:20,16:39:20,340117,1,0,1,0,0,0,0,1,2
Whole Day 1 - Fri 24th Apr.mov,11370,3:09:30,16:39:30,340416,0,0,0,0,0,0,0,0,0
Whole Day 1 - Fri 24th Apr.mov,11380,3:09:40,16:39:40,340716,1,0,3,0,0,0,0,3,4
Whole Day 1 - Fri 24th Apr.mov,11390,3:09:50,16:39:50,341015,1,0,7,0,0,0,0,7,8
Whole Day 1 - Fri 24th Apr.mov,11400,3:10:00,16:40:00,341314,1,0,11,0,0,0,1,11,12
Whole Day 1 - Fri 24th Apr.mov,11410,3:10:10,16:40:10,341614,1,0,9,0,0,0,0,9,10
Whole Day 1 - Fri 24th Apr.mov,11420,3:10:20,16:40:20,341913,2,0,8,2,0,1,0,11,13
Whole Day 1 - Fri 24th Apr.mov,11430,3:10:30,16:40:30,342213,1,0,10,0,0,1,0,11,12
Whole Day 1 - Fri 24th Apr.mov,11440,3:10:40,16:40:40,342512,1,0,4,0,0,1,0,5,6
Whole Day 1 - Fri 24th Apr.mov,11450,3:10:50,16:40:50,342811,2,0,7,0,0,0,1,7,9
Whole Day 1 - Fri 24th Apr.mov,11460,3:11:00,16:41:00,343111,4,0,8,0,0,0,0,8,12
Whole Day 1 - Fri 24th Apr.mov,11470,3:11:10,16:41:10,343410,2,0,7,0,0,0,0,7,9
Whole Day 1 - Fri 24th Apr.mov,11480,3:11:20,16:41:20,343710,3,0,5,0,0,0,0,5,8
Whole Day 1 - Fri 24th Apr.mov,11490,3:11:30,16:41:30,344009,1,0,1,0,0,0,0,1,2
Whole Day 1 - Fri 24th Apr.mov,11500,3:11:40,16:41:40,344308,2,0,1,0,0,0,2,1,3
Whole Day 1 - Fri 24th Apr.mov,11510,3:11:50,16:41:50,344608,2,0,4,0,0,0,2,4,6
Whole Day 1 - Fri 24th Apr.mov,11520,3:12:00,16:42:00,344907,2,0,5,0,0,0,2,5,7
Whole Day 2 - Mon 27th Apr.mov,0,0:00:00,13:30:00,0,0,0,1,0,0,0,0,1,1
Whole Day 2 - Mon 27th Apr.mov,10,0:00:10,13:30:10,299,1,0,2,0,0,0,0,2,3
Whole Day 2 - Mon 27th Apr.mov,20,0:00:20,13:30:20,599,1,0,4,0,1,0,0,5,6
Whole Day 2 - Mon 27th Apr.mov,30,0:00:30,13:30:30,898,3,0,3,0,1,0,0,4,7
Whole Day 2 - Mon 27th Apr.mov,40,0:00:40,13:30:40,1198,1,0,2,0,1,0,0,3,4
Whole Day 2 - Mon 27th Apr.mov,50,0:00:50,13:30:50,1498,3,0,4,0,0,0,0,4,7
Whole Day 2 - Mon 27th Apr.mov,60,0:01:00,13:31:00,1797,2,0,7,0,0,0,0,7,9
Whole Day 2 - Mon 27th Apr.mov,70,0:01:10,13:31:10,2097,1,0,7,0,1,0,0,8,9
Whole Day 2 - Mon 27th Apr.mov,80,0:01:20,13:31:20,2396,1,0,5,0,0,0,0,5,6
Whole Day 2 - Mon 27th Apr.mov,90,0:01:30,13:31:30,2696,2,0,3,0,0,0,0,3,5
Whole Day 2 - Mon 27th Apr.mov,100,0:01:40,13:31:40,2996,0,0,3,0,0,0,0,3,3
Whole Day 2 - Mon 27th Apr.mov,110,0:01:50,13:31:50,3295,0,0,4,0,0,0,0,4,4
Whole Day 2 - Mon 27th Apr.mov,120,0:02:00,13:32:00,3595,1,0,7,0,0,0,0,7,8
Whole Day 2 - Mon 27th Apr.mov,130,0:02:10,13:32:10,3894,0,0,0,0,0,0,0,0,0
Whole Day 2 - Mon 27th Apr.mov,140,0:02:20,13:32:20,4194,0,0,2,0,0,0,0,2,2
Whole Day 2 - Mon 27th Apr.mov,150,0:02:30,13:32:30,4494,1,0,1,0,0,0,0,1,2
Whole Day 2 - Mon 27th Apr.mov,160,0:02:40,13:32:40,4793,3,0,4,0,0,0,0,4,7
Whole Day 2 - Mon 27th Apr.mov,170,0:02:50,13:32:50,5093,0,0,4,0,0,0,0,4,4
Whole Day 2 - Mon 27th Apr.mov,180,0:03:00,13:33:00,5392,1,0,6,0,0,1,0,7,8
Whole Day 2 - Mon 27th Apr.mov,190,0:03:10,13:33:10,5692,0,0,3,0,0,0,0,3,3
Whole Day 2 - Mon 27th Apr.mov,200,0:03:20,13:33:20,5992,0,0,5,0,0,0,0,5,5
Whole Day 2 - Mon 27th Apr.mov,210,0:03:30,13:33:30,6291,0,0,7,0,0,0,0,7,7
Whole Day 2 - Mon 27th Apr.mov,220,0:03:40,13:33:40,6591,0,0,4,0,1,0,0,5,5
Whole Day 2 - Mon 27th Apr.mov,230,0:03:50,13:33:50,6890,0,0,8,0,0,0,0,8,8
Whole Day 2 - Mon 27th Apr.mov,240,0:04:00,13:34:00,7190,2,0,9,0,0,0,0,9,11
Whole Day 2 - Mon 27th Apr.mov,250,0:04:10,13:34:10,7490,0,0,5,0,0,0,0,5,5
Whole Day 2 - Mon 27th Apr.mov,260,0:04:20,13:34:20,7789,0,0,7,0,0,0,0,7,7
Whole Day 2 - Mon 27th Apr.mov,270,0:04:30,13:34:30,8089,1,0,4,0,0,0,0,4,5
Whole Day 2 - Mon 27th Apr.mov,280,0:04:40,13:34:40,8388,1,0,2,0,0,0,0,2,3
Whole Day 2 - Mon 27th Apr.mov,290,0:04:50,13:34:50,8688,1,0,2,0,0,0,0,2,3
Whole Day 2 - Mon 27th Apr.mov,300,0:05:00,13:35:00,8988,0,0,2,0,0,0,0,2,2
Whole Day 2 - Mon 27th Apr.mov,310,0:05:10,13:35:10,9287,0,0,5,0,0,0,0,5,5
Whole Day 2 - Mon 27th Apr.mov,320,0:05:20,13:35:20,9587,1,0,4,0,0,0,0,4,5
Whole Day 2 - Mon 27th Apr.mov,330,0:05:30,13:35:30,9886,0,0,7,0,0,0,0,7,7
Whole Day 2 - Mon 27th Apr.mov,340,0:05:40,13:35:40,10186,1,0,4,0,0,1,0,5,6
Whole Day 2 - Mon 27th Apr.mov,350,0:05:50,13:35:50,10486,0,0,9,0,0,0,0,9,9
Whole Day 2 - Mon 27th Apr.mov,360,0:06:00,13:36:00,10785,1,0,8,0,0,0,0,8,9
Whole Day 2 - Mon 27th Apr.mov,370,0:06:10,13:36:10,11085,1,0,4,0,0,0,0,4,5
Whole Day 2 - Mon 27th Apr.mov,380,0:06:20,13:36:20,11384,0,0,3,0,0,0,0,3,3
Whole Day 2 - Mon 27th Apr.mov,390,0:06:30,13:36:30,11684,0,0,3,0,0,0,0,3,3
Whole Day 2 - Mon 27th Apr.mov,400,0:06:40,13:36:40,11984,0,0,6,0,0,0,0,6,6
Whole Day 2 - Mon 27th Apr.mov,410,0:06:50,13:36:50,12283,1,0,1,0,0,0,0,1,2
Whole Day 2 - Mon 27th Apr.mov,420,0:07:00,13:37:00,12583,0,0,1,0,0,0,0,1,1
Whole Day 2 - Mon 27th Apr.mov,430,0:07:10,13:37:10,12882,0,0,2,0,0,0,0,2,2
Whole Day 2 - Mon 27th Apr.mov,440,0:07:20,13:37:20,13182,1,0,3,0,0,0,0,3,4
Whole Day 2 - Mon 27th Apr.mov,450,0:07:30,13:37:30,13482,1,0,13,0,0,0,0,13,14
Whole Day 2 - Mon 27th Apr.mov,460,0:07:40,13:37:40,13781,0,0,10,0,0,0,0,10,10
Whole Day 2 - Mon 27th Apr.mov,470,0:07:50,13:37:50,14081,1,0,2,0,0,0,0,2,3
Whole Day 2 - Mon 27th Apr.mov,480,0:08:00,13:38:00,14380,1,0,7,0,0,0,0,7,8
Whole Day 2 - Mon 27th Apr.mov,490,0:08:10,13:38:10,14680,0,0,0,0,0,0,0,0,0
Whole Day 2 - Mon 27th Apr.mov,500,0:08:20,13:38:20,14980,0,0,3,0,0,0,0,3,3
Whole Day 2 - Mon 27th Apr.mov,510,0:08:30,13:38:30,15279,0,0,1,0,0,0,0,1,1
Whole Day 2 - Mon 27th Apr.mov,520,0:08:40,13:38:40,15579,1,0,1,0,0,0,0,1,2
Whole Day 2 - Mon 27th Apr.mov,530,0:08:50,13:38:50,15878,1,0,0,0,0,0,0,0,1
Whole Day 2 - Mon 27th Apr.mov,540,0:09:00,13:39:00,16178,0,0,1,0,0,0,0,1,1
Whole Day 2 - Mon 27th Apr.mov,550,0:09:10,13:39:10,16478,1,0,1,0,0,0,0,1,2
Whole Day 2 - Mon 27th Apr.mov,560,0:09:20,13:39:20,16777,0,0,1,0,0,0,0,1,1
Whole Day 2 - Mon 27th Apr.mov,570,0:09:30,13:39:30,17077,0,0,5,0,0,0,0,5,5
Whole Day 2 - Mon 27th Apr.mov,580,0:09:40,13:39:40,17376,0,0,2,0,0,0,0,2,2
Whole Day 2 - Mon 27th Apr.mov,590,0:09:50,13:39:50,17676,0,0,6,0,0,0,0,6,6
Whole Day 2 - Mon 27th Apr.mov,600,0:10:00,13:40:00,17976,0,0,4,0,0,0,0,4,4
Whole Day 2 - Mon 27th Apr.mov,610,0:10:10,13:40:10,18275,0,0,7,0,0,0,0,7,7
Whole Day 2 - Mon 27th Apr.mov,620,0:10:20,13:40:20,18575,1,0,5,0,0,0,0,5,6
Whole Day 2 - Mon 27th Apr.mov,630,0:10:30,13:40:30,18874,0,0,5,0,0,0,0,5,5
Whole Day 2 - Mon 27th Apr.mov,640,0:10:40,13:40:40,19174,0,0,4,0,0,0,0,4,4
Whole Day 2 - Mon 27th Apr.mov,650,0:10:50,13:40:50,19474,0,0,3,0,0,0,0,3,3
Whole Day 2 - Mon 27th Apr.mov,660,0:11:00,13:41:00,19773,0,0,0,0,0,0,0,0,0
Whole Day 2 - Mon 27th Apr.mov,670,0:11:10,13:41:10,20073,0,0,0,0,0,0,0,0,0
Whole Day 2 - Mon 27th Apr.mov,680,0:11:20,13:41:20,20372,0,0,2,0,0,1,0,3,3
Whole Day 2 - Mon 27th Apr.mov,690,0:11:30,13:41:30,20672,0,0,3,0,0,0,0,3,3
Whole Day 2 - Mon 27th Apr.mov,700,0:11:40,13:41:40,20972,0,0,2,0,0,0,0,2,2
Whole Day 2 - Mon 27th Apr.mov,710,0:11:50,13:41:50,21271,0,0,5,0,0,1,0,6,6
Whole Day 2 - Mon 27th Apr.mov,720,0:12:00,13:42:00,21571,0,0,5,0,0,0,0,5,5
Whole Day 2 - Mon 27th Apr.mov,730,0:12:10,13:42:10,21870,0,0,8,0,0,1,0,9,9
Whole Day 2 - Mon 27th Apr.mov,740,0:12:20,13:42:20,22170,0,0,3,0,1,0,0,4,4
Whole Day 2 - Mon 27th Apr.mov,750,0:12:30,13:42:30,22470,0,0,5,0,0,0,0,5,5
Whole Day 2 - Mon 27th Apr.mov,760,0:12:40,13:42:40,22769,0,0,4,0,0,1,0,5,5
Whole Day 2 - Mon 27th Apr.mov,770,0:12:50,13:42:50,23069,0,0,3,0,0,0,0,3,3
Whole Day 2 - Mon 27th Apr.mov,780,0:13:00,13:43:00,23368,0,0,5,0,0,1,0,6,6
Whole Day 2 - Mon 27th Apr.mov,790,0:13:10,13:43:10,23668,0,0,0,0,0,0,0,0,0
Whole Day 2 - Mon 27th Apr.mov,800,0:13:20,13:43:20,23968,0,0,0,0,0,0,0,0,0
Whole Day 2 - Mon 27th Apr.mov,810,0:13:30,13:43:30,24267,0,0,5,0,0,1,0,6,6
Whole Day 2 - Mon 27th Apr.mov,820,0:13:40,13:43:40,24567,2,0,8,0,0,0,0,8,10
Whole Day 2 - Mon 27th Apr.mov,830,0:13:50,13:43:50,24866,0,0,5,0,0,0,0,5,5
Whole Day 2 - Mon 27th Apr.mov,840,0:14:00,13:44:00,25166,0,0,6,0,0,0,0,6,6
Whole Day 2 - Mon 27th Apr.mov,850,0:14:10,13:44:10,25466,2,0,5,0,0,0,0,5,7
Whole Day 2 - Mon 27th Apr.mov,860,0:14:20,13:44:20,25765,0,0,6,0,0,0,0,6,6
Whole Day 2 - Mon 27th Apr.mov,870,0:14:30,13:44:30,26065,0,0,6,0,0,0,0,6,6
Whole Day 2 - Mon 27th Apr.mov,880,0:14:40,13:44:40,26364,0,0,3,0,0,0,0,3,3
Whole Day 2 - Mon 27th Apr.mov,890,0:14:50,13:44:50,26664,0,0,1,0,0,0,0,1,1
Whole Day 2 - Mon 27th Apr.mov,900,0:15:00,13:45:00,26964,0,0,2,0,0,0,0,2,2
Whole Day 2 - Mon 27th Apr.mov,910,0:15:10,13:45:10,27263,1,0,4,0,0,0,0,4,5
Whole Day 2 - Mon 27th Apr.mov,920,0:15:20,13:45:20,27563,0,0,11,0,0,0,0,11,11
Whole Day 2 - Mon 27th Apr.mov,930,0:15:30,13:45:30,27862,0,0,6,0,0,0,0,6,6
Whole Day 2 - Mon 27th Apr.mov,940,0:15:40,13:45:40,28162,0,0,8,0,0,0,1,8,8
Whole Day 2 - Mon 27th Apr.mov,950,0:15:50,13:45:50,28462,0,0,7,0,0,0,0,7,7
Whole Day 2 - Mon 27th Apr.mov,960,0:16:00,13:46:00,28761,0,0,7,0,0,0,0,7,7
Whole Day 2 - Mon 27th Apr.mov,970,0:16:10,13:46:10,29061,1,0,6,0,0,0,0,6,7
Whole Day 2 - Mon 27th Apr.mov,980,0:16:20,13:46:20,29360,0,0,1,0,0,0,0,1,1
Whole Day 2 - Mon 27th Apr.mov,990,0:16:30,13:46:30,29660,0,0,1,0,0,0,0,1,1
Whole Day 2 - Mon 27th Apr.mov,1000,0:16:40,13:46:40,29960,1,0,4,0,0,0,0,4,5
Whole Day 2 - Mon 27th Apr.mov,1010,0:16:50,13:46:50,30259,0,0,3,0,0,0,0,3,3
Whole Day 2 - Mon 27th Apr.mov,1020,0:17:00,13:47:00,30559,1,0,0,0,0,0,0,0,1
Whole Day 2 - Mon 27th Apr.mov,1030,0:17:10,13:47:10,30858,0,0,2,0,0,0,0,2,2
Whole Day 2 - Mon 27th Apr.mov,1040,0:17:20,13:47:20,31158,0,0,1,0,0,0,0,1,1
Whole Day 2 - Mon 27th Apr.mov,1050,0:17:30,13:47:30,31458,0,0,1,0,0,0,0,1,1
Whole Day 2 - Mon 27th Apr.mov,1060,0:17:40,13:47:40,31757,0,0,2,0,0,0,0,2,2
Whole Day 2 - Mon 27th Apr.mov,1070,0:17:50,13:47:50,32057,0,0,3,0,0,0,0,3,3
Whole Day 2 - Mon 27th Apr.mov,1080,0:18:00,13:48:00,32356,0,0,6,0,0,0,0,6,6
Whole Day 2 - Mon 27th Apr.mov,1090,0:18:10,13:48:10,32656,0,0,6,0,0,0,0,6,6
Whole Day 2 - Mon 27th Apr.mov,1100,0:18:20,13:48:20,32956,0,0,6,0,0,0,0,6,6
Whole Day 2 - Mon 27th Apr.mov,1110,0:18:30,13:48:30,33255,0,0,5,0,0,0,0,5,5
Whole Day 2 - Mon 27th Apr.mov,1120,0:18:40,13:48:40,33555,1,0,5,0,0,0,0,5,6
Whole Day 2 - Mon 27th Apr.mov,1130,0:18:50,13:48:50,33854,0,0,0,0,0,0,0,0,0
Whole Day 2 - Mon 27th Apr.mov,1140,0:19:00,13:49:00,34154,0,0,5,0,0,0,0,5,5
Whole Day 2 - Mon 27th Apr.mov,1150,0:19:10,13:49:10,34454,0,0,4,0,0,0,0,4,4
Whole Day 2 - Mon 27th Apr.mov,1160,0:19:20,13:49:20,34753,1,0,4,0,0,0,0,4,5
Whole Day 2 - Mon 27th Apr.mov,1170,0:19:30,13:49:30,35053,0,0,0,0,0,0,0,0,0
Whole Day 2 - Mon 27th Apr.mov,1180,0:19:40,13:49:40,35352,0,0,0,0,0,0,0,0,0
Whole Day 2 - Mon 27th Apr.mov,1190,0:19:50,13:49:50,35652,0,0,1,0,0,0,0,1,1
Whole Day 2 - Mon 27th Apr.mov,1200,0:20:00,13:50:00,35952,0,0,4,0,0,1,0,5,5
Whole Day 2 - Mon 27th Apr.mov,1210,0:20:10,13:50:10,36251,0,0,4,0,0,0,0,4,4
Whole Day 2 - Mon 27th Apr.mov,1220,0:20:20,13:50:20,36551,0,0,4,0,0,0,0,4,4
Whole Day 2 - Mon 27th Apr.mov,1230,0:20:30,13:50:30,36850,0,0,4,0,0,0,0,4,4
Whole Day 2 - Mon 27th Apr.mov,1240,0:20:40,13:50:40,37150,0,0,6,0,0,0,0,6,6
Whole Day 2 - Mon 27th Apr.mov,1250,0:20:50,13:50:50,37450,0,0,2,0,0,0,0,2,2
Whole Day 2 - Mon 27th Apr.mov,1260,0:21:00,13:51:00,37749,0,0,5,0,0,0,0,5,5
Whole Day 2 - Mon 27th Apr.mov,1270,0:21:10,13:51:10,38049,0,0,5,0,0,0,0,5,5
Whole Day 2 - Mon 27th Apr.mov,1280,0:21:20,13:51:20,38348,0,0,4,0,1,0,0,5,5
Whole Day 2 - Mon 27th Apr.mov,1290,0:21:30,13:51:30,38648,1,0,5,0,0,0,0,5,6
Whole Day 2 - Mon 27th Apr.mov,1300,0:21:40,13:51:40,38948,1,0,4,0,0,0,0,4,5
Whole Day 2 - Mon 27th Apr.mov,1310,0:21:50,13:51:50,39247,0,0,0,0,0,0,0,0,0
Whole Day 2 - Mon 27th Apr.mov,1320,0:22:00,13:52:00,39547,0,0,0,0,0,0,1,0,0
Whole Day 2 - Mon 27th Apr.mov,1330,0:22:10,13:52:10,39846,0,0,2,0,0,0,0,2,2
Whole Day 2 - Mon 27th Apr.mov,1340,0:22:20,13:52:20,40146,0,0,1,0,0,0,0,1,1
Whole Day 2 - Mon 27th Apr.mov,1350,0:22:30,13:52:30,40446,0,0,5,0,0,1,0,6,6
Whole Day 2 - Mon 27th Apr.mov,1360,0:22:40,13:52:40,40745,0,0,5,0,0,0,0,5,5
Whole Day 2 - Mon 27th Apr.mov,1370,0:22:50,13:52:50,41045,0,0,5,0,0,0,0,5,5
Whole Day 2 - Mon 27th Apr.mov,1380,0:23:00,13:53:00,41344,1,0,4,0,0,0,0,4,5
Whole Day 2 - Mon 27th Apr.mov,1390,0:23:10,13:53:10,41644,1,0,3,0,0,0,0,3,4
Whole Day 2 - Mon 27th Apr.mov,1400,0:23:20,13:53:20,41944,0,0,7,0,0,0,0,7,7
Whole Day 2 - Mon 27th Apr.mov,1410,0:23:30,13:53:30,42243,0,0,3,0,0,0,0,3,3
Whole Day 2 - Mon 27th Apr.mov,1420,0:23:40,13:53:40,42543,1,0,6,0,0,0,0,6,7
Whole Day 2 - Mon 27th Apr.mov,1430,0:23:50,13:53:50,42842,0,0,4,0,0,0,1,4,4
Whole Day 2 - Mon 27th Apr.mov,1440,0:24:00,13:54:00,43142,0,0,3,0,0,0,0,3,3
Whole Day 2 - Mon 27th Apr.mov,1450,0:24:10,13:54:10,43442,0,0,1,0,0,0,0,1,1
Whole Day 2 - Mon 27th Apr.mov,1460,0:24:20,13:54:20,43741,0,0,2,0,0,0,0,2,2
Whole Day 2 - Mon 27th Apr.mov,1470,0:24:30,13:54:30,44041,0,0,2,0,0,0,0,2,2
Whole Day 2 - Mon 27th Apr.mov,1480,0:24:40,13:54:40,44340,2,0,4,0,0,0,0,4,6
Whole Day 2 - Mon 27th Apr.mov,1490,0:24:50,13:54:50,44640,1,0,4,0,0,0,0,4,5
Whole Day 2 - Mon 27th Apr.mov,1500,0:25:00,13:55:00,44940,0,0,4,0,0,0,0,4,4
Whole Day 2 - Mon 27th Apr.mov,1510,0:25:10,13:55:10,45239,2,0,2,0,0,0,0,2,4
Whole Day 2 - Mon 27th Apr.mov,1520,0:25:20,13:55:20,45539,0,0,2,0,0,0,0,2,2
Whole Day 2 - Mon 27th Apr.mov,1530,0:25:30,13:55:30,45838,0,0,6,0,0,0,0,6,6
Whole Day 2 - Mon 27th Apr.mov,1540,0:25:40,13:55:40,46138,0,0,7,0,0,0,0,7,7
Whole Day 2 - Mon 27th Apr.mov,1550,0:25:50,13:55:50,46438,1,0,2,0,0,0,0,2,3
Whole Day 2 - Mon 27th Apr.mov,1560,0:26:00,13:56:00,46737,0,0,6,0,0,0,0,6,6
Whole Day 2 - Mon 27th Apr.mov,1570,0:26:10,13:56:10,47037,0,0,4,0,0,0,0,4,4
Whole Day 2 - Mon 27th Apr.mov,1580,0:26:20,13:56:20,47336,1,0,2,0,0,0,0,2,3
Whole Day 2 - Mon 27th Apr.mov,1590,0:26:30,13:56:30,47636,0,0,1,0,0,0,0,1,1
Whole Day 2 - Mon 27th Apr.mov,1600,0:26:40,13:56:40,47936,1,0,0,0,0,0,0,0,1
Whole Day 2 - Mon 27th Apr.mov,1610,0:26:50,13:56:50,48235,1,0,1,0,0,0,0,1,2
Whole Day 2 - Mon 27th Apr.mov,1620,0:27:00,13:57:00,48535,0,0,1,0,0,0,0,1,1
Whole Day 2 - Mon 27th Apr.mov,1630,0:27:10,13:57:10,48834,1,0,5,0,0,0,0,5,6
Whole Day 2 - Mon 27th Apr.mov,1640,0:27:20,13:57:20,49134,1,0,6,0,1,2,0,9,10
Whole Day 2 - Mon 27th Apr.mov,1650,0:27:30,13:57:30,49434,0,0,5,0,0,0,0,5,5
Whole Day 2 - Mon 27th Apr.mov,1660,0:27:40,13:57:40,49733,2,0,10,0,0,0,0,10,12
Whole Day 2 - Mon 27th Apr.mov,1670,0:27:50,13:57:50,50033,0,0,7,0,0,0,0,7,7
Whole Day 2 - Mon 27th Apr.mov,1680,0:28:00,13:58:00,50332,1,0,3,0,0,1,0,4,5
Whole Day 2 - Mon 27th Apr.mov,1690,0:28:10,13:58:10,50632,1,0,9,0,0,0,0,9,10
Whole Day 2 - Mon 27th Apr.mov,1700,0:28:20,13:58:20,50932,4,0,11,0,0,0,1,11,15
Whole Day 2 - Mon 27th Apr.mov,1710,0:28:30,13:58:30,51231,0,0,8,0,0,0,0,8,8
Whole Day 2 - Mon 27th Apr.mov,1720,0:28:40,13:58:40,51531,2,0,3,0,0,0,0,3,5
Whole Day 2 - Mon 27th Apr.mov,1730,0:28:50,13:58:50,51830,0,0,1,0,0,0,0,1,1
Whole Day 2 - Mon 27th Apr.mov,1740,0:29:00,13:59:00,52130,0,0,1,0,0,0,0,1,1
Whole Day 2 - Mon 27th Apr.mov,1750,0:29:10,13:59:10,52430,0,0,4,0,0,0,1,4,4
Whole Day 2 - Mon 27th Apr.mov,1760,0:29:20,13:59:20,52729,2,0,6,0,0,0,0,6,8
Whole Day 2 - Mon 27th Apr.mov,1770,0:29:30,13:59:30,53029,2,0,4,0,0,1,0,5,7
Whole Day 2 - Mon 27th Apr.mov,1780,0:29:40,13:59:40,53328,0,0,9,0,0,0,0,9,9
Whole Day 2 - Mon 27th Apr.mov,1790,0:29:50,13:59:50,53628,0,0,7,0,0,0,0,7,7
Whole Day 2 - Mon 27th Apr.mov,1800,0:30:00,14:00:00,53928,1,0,10,0,0,0,0,10,11
Whole Day 2 - Mon 27th Apr.mov,1810,0:30:10,14:00:10,54227,0,0,8,0,0,0,0,8,8
Whole Day 2 - Mon 27th Apr.mov,1820,0:30:20,14:00:20,54527,0,0,6,0,0,0,0,6,6
Whole Day 2 - Mon 27th Apr.mov,1830,0:30:30,14:00:30,54826,0,0,5,0,0,0,0,5,5
Whole Day 2 - Mon 27th Apr.mov,1840,0:30:40,14:00:40,55126,1,0,6,0,0,0,0,6,7
Whole Day 2 - Mon 27th Apr.mov,1850,0:30:50,14:00:50,55426,0,0,6,0,0,0,0,6,6
Whole Day 2 - Mon 27th Apr.mov,1860,0:31:00,14:01:00,55725,0,0,3,0,0,0,0,3,3
Whole Day 2 - Mon 27th Apr.mov,1870,0:31:10,14:01:10,56025,0,0,2,0,0,0,0,2,2
Whole Day 2 - Mon 27th Apr.mov,1880,0:31:20,14:01:20,56324,0,0,1,0,0,0,0,1,1
Whole Day 2 - Mon 27th Apr.mov,1890,0:31:30,14:01:30,56624,0,0,2,0,0,0,0,2,2
Whole Day 2 - Mon 27th Apr.mov,1900,0:31:40,14:01:40,56924,0,0,9,0,0,0,0,9,9
Whole Day 2 - Mon 27th Apr.mov,1910,0:31:50,14:01:50,57223,0,0,9,1,0,0,0,10,10
Whole Day 2 - Mon 27th Apr.mov,1920,0:32:00,14:02:00,57523,0,0,7,0,0,0,0,7,7
Whole Day 2 - Mon 27th Apr.mov,1930,0:32:10,14:02:10,57822,2,0,6,0,0,0,1,6,8
Whole Day 2 - Mon 27th Apr.mov,1940,0:32:20,14:02:20,58122,0,0,6,0,0,0,0,6,6
Whole Day 2 - Mon 27th Apr.mov,1950,0:32:30,14:02:30,58422,0,0,3,0,1,0,0,4,4
Whole Day 2 - Mon 27th Apr.mov,1960,0:32:40,14:02:40,58721,2,0,6,0,0,0,1,6,8
Whole Day 2 - Mon 27th Apr.mov,1970,0:32:50,14:02:50,59021,1,0,9,0,0,0,0,9,10
Whole Day 2 - Mon 27th Apr.mov,1980,0:33:00,14:03:00,59320,1,0,6,0,0,0,1,6,7
Whole Day 2 - Mon 27th Apr.mov,1990,0:33:10,14:03:10,59620,1,0,7,0,0,0,1,7,8
Whole Day 2 - Mon 27th Apr.mov,2000,0:33:20,14:03:20,59920,0,0,1,0,0,0,0,1,1
Whole Day 2 - Mon 27th Apr.mov,2010,0:33:30,14:03:30,60219,1,0,2,0,0,0,0,2,3
Whole Day 2 - Mon 27th Apr.mov,2020,0:33:40,14:03:40,60519,1,0,3,0,0,0,1,3,4
Whole Day 2 - Mon 27th Apr.mov,2030,0:33:50,14:03:50,60818,0,0,3,0,1,0,0,4,4
Whole Day 2 - Mon 27th Apr.mov,2040,0:34:00,14:04:00,61118,0,0,1,0,0,0,0,1,1
Whole Day 2 - Mon 27th Apr.mov,2050,0:34:10,14:04:10,61418,0,0,4,0,0,0,1,4,4
Whole Day 2 - Mon 27th Apr.mov,2060,0:34:20,14:04:20,61717,1,0,4,0,0,0,0,4,5
Whole Day 2 - Mon 27th Apr.mov,2070,0:34:30,14:04:30,62017,0,0,12,0,0,0,0,12,12
Whole Day 2 - Mon 27th Apr.mov,2080,0:34:40,14:04:40,62316,0,0,3,0,0,0,1,3,3
Whole Day 2 - Mon 27th Apr.mov,2090,0:34:50,14:04:50,62616,0,0,4,0,0,0,0,4,4
Whole Day 2 - Mon 27th Apr.mov,2100,0:35:00,14:05:00,62916,0,0,5,0,0,0,1,5,5
Whole Day 2 - Mon 27th Apr.mov,2110,0:35:10,14:05:10,63215,1,0,6,0,0,0,0,6,7
Whole Day 2 - Mon 27th Apr.mov,2120,0:35:20,14:05:20,63515,0,0,2,0,0,0,0,2,2
Whole Day 2 - Mon 27th Apr.mov,2130,0:35:30,14:05:30,63814,0,0,0,0,0,0,0,0,0
Whole Day 2 - Mon 27th Apr.mov,2140,0:35:40,14:05:40,64114,0,0,1,0,0,0,0,1,1
Whole Day 2 - Mon 27th Apr.mov,2150,0:35:50,14:05:50,64414,1,0,5,0,0,0,1,5,6
Whole Day 2 - Mon 27th Apr.mov,2160,0:36:00,14:06:00,64713,0,0,1,0,0,0,0,1,1
Whole Day 2 - Mon 27th Apr.mov,2170,0:36:10,14:06:10,65013,0,0,2,0,0,0,0,2,2
Whole Day 2 - Mon 27th Apr.mov,2180,0:36:20,14:06:20,65312,0,0,3,0,0,0,0,3,3
Whole Day 2 - Mon 27th Apr.mov,2190,0:36:30,14:06:30,65612,0,0,3,0,0,0,0,3,3
Whole Day 2 - Mon 27th Apr.mov,2200,0:36:40,14:06:40,65912,0,0,4,0,0,0,1,4,4
Whole Day 2 - Mon 27th Apr.mov,2210,0:36:50,14:06:50,66211,1,0,7,0,0,0,1,7,8
Whole Day 2 - Mon 27th Apr.mov,2220,0:37:00,14:07:00,66511,1,0,4,0,0,0,0,4,5
Whole Day 2 - Mon 27th Apr.mov,2230,0:37:10,14:07:10,66810,1,0,5,0,0,0,0,5,6
Whole Day 2 - Mon 27th Apr.mov,2240,0:37:20,14:07:20,67110,0,0,4,0,0,0,0,4,4
Whole Day 2 - Mon 27th Apr.mov,2250,0:37:30,14:07:30,67410,0,0,1,0,0,0,0,1,1
Whole Day 2 - Mon 27th Apr.mov,2260,0:37:40,14:07:40,67709,0,0,2,0,0,0,0,2,2
Whole Day 2 - Mon 27th Apr.mov,2270,0:37:50,14:07:50,68009,0,0,1,0,0,0,0,1,1
Whole Day 2 - Mon 27th Apr.mov,2280,0:38:00,14:08:00,68308,1,0,1,0,1,1,0,3,4
Whole Day 2 - Mon 27th Apr.mov,2290,0:38:10,14:08:10,68608,1,0,3,0,0,0,0,3,4
Whole Day 2 - Mon 27th Apr.mov,2300,0:38:20,14:08:20,68908,1,0,4,0,0,0,0,4,5
Whole Day 2 - Mon 27th Apr.mov,2310,0:38:30,14:08:30,69207,0,0,2,0,0,0,0,2,2
Whole Day 2 - Mon 27th Apr.mov,2320,0:38:40,14:08:40,69507,2,0,6,0,0,0,0,6,8
Whole Day 2 - Mon 27th Apr.mov,2330,0:38:50,14:08:50,69806,1,0,8,0,0,0,0,8,9
Whole Day 2 - Mon 27th Apr.mov,2340,0:39:00,14:09:00,70106,0,0,6,0,0,0,0,6,6
Whole Day 2 - Mon 27th Apr.mov,2350,0:39:10,14:09:10,70406,0,0,4,0,0,0,0,4,4
Whole Day 2 - Mon 27th Apr.mov,2360,0:39:20,14:09:20,70705,0,0,1,0,0,0,0,1,1
Whole Day 2 - Mon 27th Apr.mov,2370,0:39:30,14:09:30,71005,1,0,2,0,0,0,0,2,3
Whole Day 2 - Mon 27th Apr.mov,2380,0:39:40,14:09:40,71304,0,0,1,0,0,0,0,1,1
Whole Day 2 - Mon 27th Apr.mov,2390,0:39:50,14:09:50,71604,1,0,3,0,0,0,1,3,4
Whole Day 2 - Mon 27th Apr.mov,2400,0:40:00,14:10:00,71904,0,0,2,0,0,0,0,2,2
Whole Day 2 - Mon 27th Apr.mov,2410,0:40:10,14:10:10,72203,0,0,2,0,0,0,0,2,2
Whole Day 2 - Mon 27th Apr.mov,2420,0:40:20,14:10:20,72503,0,0,3,0,0,0,0,3,3
Whole Day 2 - Mon 27th Apr.mov,2430,0:40:30,14:10:30,72802,0,0,5,0,0,0,1,5,5
Whole Day 2 - Mon 27th Apr.mov,2440,0:40:40,14:10:40,73102,0,0,5,0,0,0,0,5,5
Whole Day 2 - Mon 27th Apr.mov,2450,0:40:50,14:10:50,73402,0,0,5,0,0,0,0,5,5
Whole Day 2 - Mon 27th Apr.mov,2460,0:41:00,14:11:00,73701,0,0,6,0,0,0,0,6,6
Whole Day 2 - Mon 27th Apr.mov,2470,0:41:10,14:11:10,74001,0,0,3,0,0,0,0,3,3
Whole Day 2 - Mon 27th Apr.mov,2480,0:41:20,14:11:20,74300,0,0,1,0,0,0,0,1,1
Whole Day 2 - Mon 27th Apr.mov,2490,0:41:30,14:11:30,74600,0,0,2,0,0,0,0,2,2
Whole Day 2 - Mon 27th Apr.mov,2500,0:41:40,14:11:40,74900,0,0,4,0,0,0,0,4,4
Whole Day 2 - Mon 27th Apr.mov,2510,0:41:50,14:11:50,75199,0,0,6,0,0,0,0,6,6
Whole Day 2 - Mon 27th Apr.mov,2520,0:42:00,14:12:00,75499,0,0,3,0,0,0,1,3,3
Whole Day 2 - Mon 27th Apr.mov,2530,0:42:10,14:12:10,75798,1,0,3,0,0,0,0,3,4
Whole Day 2 - Mon 27th Apr.mov,2540,0:42:20,14:12:20,76098,0,0,6,0,0,0,0,6,6
Whole Day 2 - Mon 27th Apr.mov,2550,0:42:30,14:12:30,76398,1,0,1,0,0,0,0,1,2
Whole Day 2 - Mon 27th Apr.mov,2560,0:42:40,14:12:40,76697,0,0,1,0,0,0,0,1,1
Whole Day 2 - Mon 27th Apr.mov,2570,0:42:50,14:12:50,76997,0,0,1,0,0,0,0,1,1
Whole Day 2 - Mon 27th Apr.mov,2580,0:43:00,14:13:00,77296,2,0,3,0,0,0,0,3,5
Whole Day 2 - Mon 27th Apr.mov,2590,0:43:10,14:13:10,77596,0,0,0,0,0,0,0,0,0
Whole Day 2 - Mon 27th Apr.mov,2600,0:43:20,14:13:20,77896,1,0,2,0,0,0,1,2,3
Whole Day 2 - Mon 27th Apr.mov,2610,0:43:30,14:13:30,78195,1,0,4,0,0,2,1,6,7
Whole Day 2 - Mon 27th Apr.mov,2620,0:43:40,14:13:40,78495,1,0,4,0,0,0,1,4,5
Whole Day 2 - Mon 27th Apr.mov,2630,0:43:50,14:13:50,78794,1,0,6,0,0,0,0,6,7
Whole Day 2 - Mon 27th Apr.mov,2640,0:44:00,14:14:00,79094,2,0,8,0,0,2,1,10,12
Whole Day 2 - Mon 27th Apr.mov,2650,0:44:10,14:14:10,79394,0,0,5,0,0,0,0,5,5
Whole Day 2 - Mon 27th Apr.mov,2660,0:44:20,14:14:20,79693,0,0,6,0,0,0,1,6,6
Whole Day 2 - Mon 27th Apr.mov,2670,0:44:30,14:14:30,79993,0,0,4,0,0,1,0,5,5
Whole Day 2 - Mon 27th Apr.mov,2680,0:44:40,14:14:40,80292,0,0,4,0,0,0,1,4,4
Whole Day 2 - Mon 27th Apr.mov,2690,0:44:50,14:14:50,80592,0,0,6,0,0,0,0,6,6
Whole Day 2 - Mon 27th Apr.mov,2700,0:45:00,14:15:00,80892,0,0,5,0,0,0,0,5,5
Whole Day 2 - Mon 27th Apr.mov,2710,0:45:10,14:15:10,81191,0,0,2,0,0,1,0,3,3
Whole Day 2 - Mon 27th Apr.mov,2720,0:45:20,14:15:20,81491,1,0,1,0,0,0,0,1,2
Whole Day 2 - Mon 27th Apr.mov,2730,0:45:30,14:15:30,81790,1,0,3,0,0,0,0,3,4
Whole Day 2 - Mon 27th Apr.mov,2740,0:45:40,14:15:40,82090,1,0,0,0,0,0,0,0,1
Whole Day 2 - Mon 27th Apr.mov,2750,0:45:50,14:15:50,82390,1,0,3,0,0,0,0,3,4
Whole Day 2 - Mon 27th Apr.mov,2760,0:46:00,14:16:00,82689,1,0,6,0,0,0,0,6,7
Whole Day 2 - Mon 27th Apr.mov,2770,0:46:10,14:16:10,82989,0,0,4,0,1,0,0,5,5
Whole Day 2 - Mon 27th Apr.mov,2780,0:46:20,14:16:20,83288,0,0,8,0,0,2,0,10,10
Whole Day 2 - Mon 27th Apr.mov,2790,0:46:30,14:16:30,83588,0,0,9,0,1,0,0,10,10
Whole Day 2 - Mon 27th Apr.mov,2800,0:46:40,14:16:40,83888,0,0,6,0,0,1,0,7,7
Whole Day 2 - Mon 27th Apr.mov,2810,0:46:50,14:16:50,84187,0,0,6,0,0,0,0,6,6
Whole Day 2 - Mon 27th Apr.mov,2820,0:47:00,14:17:00,84487,0,0,5,0,0,0,0,5,5
Whole Day 2 - Mon 27th Apr.mov,2830,0:47:10,14:17:10,84786,0,0,1,0,0,0,0,1,1
Whole Day 2 - Mon 27th Apr.mov,2840,0:47:20,14:17:20,85086,1,0,3,0,0,0,0,3,4
Whole Day 2 - Mon 27th Apr.mov,2850,0:47:30,14:17:30,85386,0,0,5,0,0,0,0,5,5
Whole Day 2 - Mon 27th Apr.mov,2860,0:47:40,14:17:40,85685,0,0,2,0,0,0,0,2,2
Whole Day 2 - Mon 27th Apr.mov,2870,0:47:50,14:17:50,85985,0,0,3,0,0,0,0,3,3
Whole Day 2 - Mon 27th Apr.mov,2880,0:48:00,14:18:00,86284,1,0,6,0,0,0,0,6,7
Whole Day 2 - Mon 27th Apr.mov,2890,0:48:10,14:18:10,86584,0,0,6,0,0,0,0,6,6
Whole Day 2 - Mon 27th Apr.mov,2900,0:48:20,14:18:20,86884,1,0,9,0,0,0,0,9,10
Whole Day 2 - Mon 27th Apr.mov,2910,0:48:30,14:18:30,87183,0,0,4,0,0,0,0,4,4
Whole Day 2 - Mon 27th Apr.mov,2920,0:48:40,14:18:40,87483,0,0,5,0,0,0,0,5,5
Whole Day 2 - Mon 27th Apr.mov,2930,0:48:50,14:18:50,87782,1,0,4,0,0,0,0,4,5
Whole Day 2 - Mon 27th Apr.mov,2940,0:49:00,14:19:00,88082,1,0,1,0,0,0,0,1,2
Whole Day 2 - Mon 27th Apr.mov,2950,0:49:10,14:19:10,88382,2,0,1,0,0,0,0,1,3
Whole Day 2 - Mon 27th Apr.mov,2960,0:49:20,14:19:20,88681,2,0,0,0,0,0,0,0,2
Whole Day 2 - Mon 27th Apr.mov,2970,0:49:30,14:19:30,88981,3,0,1,0,0,0,0,1,4
Whole Day 2 - Mon 27th Apr.mov,2980,0:49:40,14:19:40,89280,3,0,0,0,0,0,0,0,3
Whole Day 2 - Mon 27th Apr.mov,2990,0:49:50,14:19:50,89580,0,0,2,0,0,0,0,2,2
Whole Day 2 - Mon 27th Apr.mov,3000,0:50:00,14:20:00,89880,1,0,6,0,0,0,0,6,7
Whole Day 2 - Mon 27th Apr.mov,3010,0:50:10,14:20:10,90179,0,0,4,0,0,0,0,4,4
Whole Day 2 - Mon 27th Apr.mov,3020,0:50:20,14:20:20,90479,2,0,7,0,0,0,0,7,9
Whole Day 2 - Mon 27th Apr.mov,3030,0:50:30,14:20:30,90778,2,0,1,0,1,0,0,2,4
Whole Day 2 - Mon 27th Apr.mov,3040,0:50:40,14:20:40,91078,0,0,2,0,0,0,0,2,2
Whole Day 2 - Mon 27th Apr.mov,3050,0:50:50,14:20:50,91378,1,0,8,0,0,0,0,8,9
Whole Day 2 - Mon 27th Apr.mov,3060,0:51:00,14:21:00,91677,0,0,3,0,0,0,0,3,3
Whole Day 2 - Mon 27th Apr.mov,3070,0:51:10,14:21:10,91977,1,1,8,1,0,0,0,9,11
Whole Day 2 - Mon 27th Apr.mov,3080,0:51:20,14:21:20,92276,0,0,1,0,0,0,0,1,1
Whole Day 2 - Mon 27th Apr.mov,3090,0:51:30,14:21:30,92576,1,0,1,0,0,0,0,1,2
Whole Day 2 - Mon 27th Apr.mov,3100,0:51:40,14:21:40,92876,0,0,1,0,0,0,0,1,1
Whole Day 2 - Mon 27th Apr.mov,3110,0:51:50,14:21:50,93175,7,0,3,0,0,0,0,3,10
Whole Day 2 - Mon 27th Apr.mov,3120,0:52:00,14:22:00,93475,0,0,2,0,0,0,0,2,2
Whole Day 2 - Mon 27th Apr.mov,3130,0:52:10,14:22:10,93774,1,0,4,0,0,0,0,4,5
Whole Day 2 - Mon 27th Apr.mov,3140,0:52:20,14:22:20,94074,1,0,2,0,0,0,0,2,3
Whole Day 2 - Mon 27th Apr.mov,3150,0:52:30,14:22:30,94374,0,0,7,0,0,0,0,7,7
Whole Day 2 - Mon 27th Apr.mov,3160,0:52:40,14:22:40,94673,1,0,7,0,0,0,0,7,8
Whole Day 2 - Mon 27th Apr.mov,3170,0:52:50,14:22:50,94973,2,0,5,0,0,1,0,6,8
Whole Day 2 - Mon 27th Apr.mov,3180,0:53:00,14:23:00,95272,3,0,6,0,0,0,0,6,9
Whole Day 2 - Mon 27th Apr.mov,3190,0:53:10,14:23:10,95572,1,0,3,0,0,0,0,3,4
Whole Day 2 - Mon 27th Apr.mov,3200,0:53:20,14:23:20,95872,0,0,1,0,0,0,0,1,1
Whole Day 2 - Mon 27th Apr.mov,3210,0:53:30,14:23:30,96171,1,0,0,0,0,0,0,0,1
Whole Day 2 - Mon 27th Apr.mov,3220,0:53:40,14:23:40,96471,2,0,4,0,0,1,0,5,7
Whole Day 2 - Mon 27th Apr.mov,3230,0:53:50,14:23:50,96770,2,0,2,0,0,0,0,2,4
Whole Day 2 - Mon 27th Apr.mov,3240,0:54:00,14:24:00,97070,1,0,0,0,0,0,0,0,1
Whole Day 2 - Mon 27th Apr.mov,3250,0:54:10,14:24:10,97370,1,0,1,0,0,0,0,1,2
Whole Day 2 - Mon 27th Apr.mov,3260,0:54:20,14:24:20,97669,0,0,8,0,0,0,0,8,8
Whole Day 2 - Mon 27th Apr.mov,3270,0:54:30,14:24:30,97969,2,0,8,0,0,0,0,8,10
Whole Day 2 - Mon 27th Apr.mov,3280,0:54:40,14:24:40,98268,0,0,4,0,0,0,0,4,4
Whole Day 2 - Mon 27th Apr.mov,3290,0:54:50,14:24:50,98568,1,0,7,0,0,0,0,7,8
Whole Day 2 - Mon 27th Apr.mov,3300,0:55:00,14:25:00,98868,1,0,4,0,0,1,0,5,6
Whole Day 2 - Mon 27th Apr.mov,3310,0:55:10,14:25:10,99167,0,0,8,0,0,0,0,8,8
Whole Day 2 - Mon 27th Apr.mov,3320,0:55:20,14:25:20,99467,0,0,5,0,0,0,0,5,5
Whole Day 2 - Mon 27th Apr.mov,3330,0:55:30,14:25:30,99766,1,0,2,0,0,0,0,2,3
Whole Day 2 - Mon 27th Apr.mov,3340,0:55:40,14:25:40,100066,0,0,2,0,0,0,0,2,2
Whole Day 2 - Mon 27th Apr.mov,3350,0:55:50,14:25:50,100366,1,0,1,0,0,0,0,1,2
Whole Day 2 - Mon 27th Apr.mov,3360,0:56:00,14:26:00,100665,0,0,8,0,0,0,0,8,8
Whole Day 2 - Mon 27th Apr.mov,3370,0:56:10,14:26:10,100965,0,0,3,0,0,0,0,3,3
Whole Day 2 - Mon 27th Apr.mov,3380,0:56:20,14:26:20,101264,0,0,5,0,0,0,0,5,5
Whole Day 2 - Mon 27th Apr.mov,3390,0:56:30,14:26:30,101564,0,0,11,0,0,0,1,11,11
Whole Day 2 - Mon 27th Apr.mov,3400,0:56:40,14:26:40,101864,1,0,6,0,0,0,1,6,7
Whole Day 2 - Mon 27th Apr.mov,3410,0:56:50,14:26:50,102163,0,0,3,0,0,0,0,3,3
Whole Day 2 - Mon 27th Apr.mov,3420,0:57:00,14:27:00,102463,0,0,1,0,0,0,0,1,1
Whole Day 2 - Mon 27th Apr.mov,3430,0:57:10,14:27:10,102762,0,0,2,0,0,0,1,2,2
Whole Day 2 - Mon 27th Apr.mov,3440,0:57:20,14:27:20,103062,0,0,3,0,0,0,1,3,3
Whole Day 2 - Mon 27th Apr.mov,3450,0:57:30,14:27:30,103362,0,0,1,0,0,0,1,1,1
Whole Day 2 - Mon 27th Apr.mov,3460,0:57:40,14:27:40,103661,0,0,5,0,0,0,1,5,5
Whole Day 2 - Mon 27th Apr.mov,3470,0:57:50,14:27:50,103961,0,0,0,0,0,0,0,0,0
Whole Day 2 - Mon 27th Apr.mov,3480,0:58:00,14:28:00,104260,1,0,5,0,0,0,0,5,6
Whole Day 2 - Mon 27th Apr.mov,3490,0:58:10,14:28:10,104560,0,0,7,0,0,0,0,7,7
Whole Day 2 - Mon 27th Apr.mov,3500,0:58:20,14:28:20,104860,0,0,4,0,0,0,0,4,4
Whole Day 2 - Mon 27th Apr.mov,3510,0:58:30,14:28:30,105159,0,0,8,0,0,0,0,8,8
Whole Day 2 - Mon 27th Apr.mov,3520,0:58:40,14:28:40,105459,1,0,5,0,0,0,0,5,6
Whole Day 2 - Mon 27th Apr.mov,3530,0:58:50,14:28:50,105758,1,0,6,0,0,0,0,6,7
Whole Day 2 - Mon 27th Apr.mov,3540,0:59:00,14:29:00,106058,1,0,3,0,0,0,0,3,4
Whole Day 2 - Mon 27th Apr.mov,3550,0:59:10,14:29:10,106358,1,0,1,0,0,0,0,1,2
Whole Day 2 - Mon 27th Apr.mov,3560,0:59:20,14:29:20,106657,1,0,2,0,0,0,0,2,3
Whole Day 2 - Mon 27th Apr.mov,3570,0:59:30,14:29:30,106957,1,0,2,0,0,0,0,2,3
Whole Day 2 - Mon 27th Apr.mov,3580,0:59:40,14:29:40,107256,1,0,1,0,0,0,0,1,2
Whole Day 2 - Mon 27th Apr.mov,3590,0:59:50,14:29:50,107556,0,0,6,0,0,0,0,6,6
Whole Day 2 - Mon 27th Apr.mov,3600,1:00:00,14:30:00,107856,0,0,4,0,0,0,0,4,4
Whole Day 2 - Mon 27th Apr.mov,3610,1:00:10,14:30:10,108155,0,0,5,0,0,0,0,5,5
Whole Day 2 - Mon 27th Apr.mov,3620,1:00:20,14:30:20,108455,0,0,7,0,0,0,0,7,7
Whole Day 2 - Mon 27th Apr.mov,3630,1:00:30,14:30:30,108754,2,0,5,0,0,0,0,5,7
Whole Day 2 - Mon 27th Apr.mov,3640,1:00:40,14:30:40,109054,0,0,3,0,0,1,0,4,4
Whole Day 2 - Mon 27th Apr.mov,3650,1:00:50,14:30:50,109354,1,0,3,0,0,0,0,3,4
Whole Day 2 - Mon 27th Apr.mov,3660,1:01:00,14:31:00,109653,0,0,5,0,0,0,0,5,5
Whole Day 2 - Mon 27th Apr.mov,3670,1:01:10,14:31:10,109953,1,0,5,0,0,0,0,5,6
Whole Day 2 - Mon 27th Apr.mov,3680,1:01:20,14:31:20,110252,1,0,5,0,0,0,0,5,6
Whole Day 2 - Mon 27th Apr.mov,3690,1:01:30,14:31:30,110552,2,0,3,0,0,0,0,3,5
Whole Day 2 - Mon 27th Apr.mov,3700,1:01:40,14:31:40,110852,2,0,1,0,0,0,0,1,3
Whole Day 2 - Mon 27th Apr.mov,3710,1:01:50,14:31:50,111151,1,0,2,0,0,0,0,2,3
Whole Day 2 - Mon 27th Apr.mov,3720,1:02:00,14:32:00,111451,1,0,1,0,0,0,0,1,2
Whole Day 2 - Mon 27th Apr.mov,3730,1:02:10,14:32:10,111750,0,0,6,0,0,0,0,6,6
Whole Day 2 - Mon 27th Apr.mov,3740,1:02:20,14:32:20,112050,0,0,4,0,1,1,0,6,6
Whole Day 2 - Mon 27th Apr.mov,3750,1:02:30,14:32:30,112350,2,0,1,0,0,0,0,1,3
Whole Day 2 - Mon 27th Apr.mov,3760,1:02:40,14:32:40,112649,0,0,2,0,0,0,0,2,2
Whole Day 2 - Mon 27th Apr.mov,3770,1:02:50,14:32:50,112949,2,0,7,0,0,1,0,8,10
Whole Day 2 - Mon 27th Apr.mov,3780,1:03:00,14:33:00,113249,0,0,3,0,0,0,0,3,3
Whole Day 2 - Mon 27th Apr.mov,3790,1:03:10,14:33:10,113548,0,0,4,0,0,0,0,4,4
Whole Day 2 - Mon 27th Apr.mov,3800,1:03:20,14:33:20,113848,0,0,7,0,0,0,0,7,7
Whole Day 2 - Mon 27th Apr.mov,3810,1:03:30,14:33:30,114147,0,0,11,0,0,0,2,11,11
Whole Day 2 - Mon 27th Apr.mov,3820,1:03:40,14:33:40,114447,1,0,7,0,0,1,0,8,9
Whole Day 2 - Mon 27th Apr.mov,3830,1:03:50,14:33:50,114747,1,0,3,0,0,0,0,3,4
Whole Day 2 - Mon 27th Apr.mov,3840,1:04:00,14:34:00,115046,2,0,1,0,0,0,0,1,3
Whole Day 2 - Mon 27th Apr.mov,3850,1:04:10,14:34:10,115346,0,0,2,0,0,0,0,2,2
Whole Day 2 - Mon 27th Apr.mov,3860,1:04:20,14:34:20,115645,1,0,3,0,0,0,0,3,4
Whole Day 2 - Mon 27th Apr.mov,3870,1:04:30,14:34:30,115945,0,0,6,0,0,0,0,6,6
Whole Day 2 - Mon 27th Apr.mov,3880,1:04:40,14:34:40,116245,1,0,7,0,0,1,0,8,9
Whole Day 2 - Mon 27th Apr.mov,3890,1:04:50,14:34:50,116544,3,0,4,0,0,0,1,4,7
Whole Day 2 - Mon 27th Apr.mov,3900,1:05:00,14:35:00,116844,0,0,3,0,0,1,1,4,4
Whole Day 2 - Mon 27th Apr.mov,3910,1:05:10,14:35:10,117143,1,0,6,0,0,0,0,6,7
Whole Day 2 - Mon 27th Apr.mov,3920,1:05:20,14:35:20,117443,1,0,4,0,0,0,0,4,5
Whole Day 2 - Mon 27th Apr.mov,3930,1:05:30,14:35:30,117743,1,0,6,0,0,1,0,7,8
Whole Day 2 - Mon 27th Apr.mov,3940,1:05:40,14:35:40,118042,1,0,2,0,0,1,0,3,4
Whole Day 2 - Mon 27th Apr.mov,3950,1:05:50,14:35:50,118342,1,0,2,0,0,1,0,3,4
Whole Day 2 - Mon 27th Apr.mov,3960,1:06:00,14:36:00,118641,2,0,5,0,0,0,0,5,7
Whole Day 2 - Mon 27th Apr.mov,3970,1:06:10,14:36:10,118941,3,1,4,0,0,0,0,4,8
Whole Day 2 - Mon 27th Apr.mov,3980,1:06:20,14:36:20,119241,0,0,1,0,0,0,0,1,1
Whole Day 2 - Mon 27th Apr.mov,3990,1:06:30,14:36:30,119540,0,0,3,0,0,0,0,3,3
Whole Day 2 - Mon 27th Apr.mov,4000,1:06:40,14:36:40,119840,0,0,2,0,0,0,0,2,2
Whole Day 2 - Mon 27th Apr.mov,4010,1:06:50,14:36:50,120139,1,0,5,0,0,0,0,5,6
Whole Day 2 - Mon 27th Apr.mov,4020,1:07:00,14:37:00,120439,0,0,5,0,0,0,1,5,5
Whole Day 2 - Mon 27th Apr.mov,4030,1:07:10,14:37:10,120739,0,0,3,0,0,0,0,3,3
Whole Day 2 - Mon 27th Apr.mov,4040,1:07:20,14:37:20,121038,1,0,6,0,0,0,1,6,7
Whole Day 2 - Mon 27th Apr.mov,4050,1:07:30,14:37:30,121338,0,0,5,0,0,0,0,5,5
Whole Day 2 - Mon 27th Apr.mov,4060,1:07:40,14:37:40,121637,0,0,4,0,0,0,0,4,4
Whole Day 2 - Mon 27th Apr.mov,4070,1:07:50,14:37:50,121937,0,0,5,0,0,0,0,5,5
Whole Day 2 - Mon 27th Apr.mov,4080,1:08:00,14:38:00,122237,0,0,3,0,0,0,1,3,3
Whole Day 2 - Mon 27th Apr.mov,4090,1:08:10,14:38:10,122536,2,0,2,0,0,0,0,2,4
Whole Day 2 - Mon 27th Apr.mov,4100,1:08:20,14:38:20,122836,3,0,5,0,0,0,0,5,8
Whole Day 2 - Mon 27th Apr.mov,4110,1:08:30,14:38:30,123135,1,0,2,0,0,0,1,2,3
Whole Day 2 - Mon 27th Apr.mov,4120,1:08:40,14:38:40,123435,0,0,2,0,0,0,0,2,2
Whole Day 2 - Mon 27th Apr.mov,4130,1:08:50,14:38:50,123735,0,0,0,0,0,0,0,0,0
Whole Day 2 - Mon 27th Apr.mov,4140,1:09:00,14:39:00,124034,2,0,2,0,0,0,0,2,4
Whole Day 2 - Mon 27th Apr.mov,4150,1:09:10,14:39:10,124334,1,0,2,0,0,0,0,2,3
Whole Day 2 - Mon 27th Apr.mov,4160,1:09:20,14:39:20,124633,1,0,4,0,0,0,0,4,5
Whole Day 2 - Mon 27th Apr.mov,4170,1:09:30,14:39:30,124933,1,0,3,0,0,0,0,3,4
Whole Day 2 - Mon 27th Apr.mov,4180,1:09:40,14:39:40,125233,0,0,4,0,0,1,0,5,5
Whole Day 2 - Mon 27th Apr.mov,4190,1:09:50,14:39:50,125532,0,0,6,0,1,0,0,7,7
Whole Day 2 - Mon 27th Apr.mov,4200,1:10:00,14:40:00,125832,1,0,5,0,1,0,0,6,7
Whole Day 2 - Mon 27th Apr.mov,4210,1:10:10,14:40:10,126131,1,0,3,0,0,1,0,4,5
Whole Day 2 - Mon 27th Apr.mov,4220,1:10:20,14:40:20,126431,2,0,5,0,0,0,0,5,7
Whole Day 2 - Mon 27th Apr.mov,4230,1:10:30,14:40:30,126731,1,0,6,0,0,0,0,6,7
Whole Day 2 - Mon 27th Apr.mov,4240,1:10:40,14:40:40,127030,2,0,6,0,0,0,0,6,8
Whole Day 2 - Mon 27th Apr.mov,4250,1:10:50,14:40:50,127330,0,0,4,0,0,1,1,5,5
Whole Day 2 - Mon 27th Apr.mov,4260,1:11:00,14:41:00,127629,0,0,4,0,0,0,1,4,4
Whole Day 2 - Mon 27th Apr.mov,4270,1:11:10,14:41:10,127929,1,0,2,0,0,0,0,2,3
Whole Day 2 - Mon 27th Apr.mov,4280,1:11:20,14:41:20,128229,0,0,5,0,0,0,0,5,5
Whole Day 2 - Mon 27th Apr.mov,4290,1:11:30,14:41:30,128528,0,0,4,0,0,1,0,5,5
Whole Day 2 - Mon 27th Apr.mov,4300,1:11:40,14:41:40,128828,0,0,4,0,0,0,0,4,4
Whole Day 2 - Mon 27th Apr.mov,4310,1:11:50,14:41:50,129127,0,0,5,0,0,1,0,6,6
Whole Day 2 - Mon 27th Apr.mov,4320,1:12:00,14:42:00,129427,1,0,7,0,0,0,1,7,8
Whole Day 2 - Mon 27th Apr.mov,4330,1:12:10,14:42:10,129727,0,0,6,0,0,0,0,6,6
Whole Day 2 - Mon 27th Apr.mov,4340,1:12:20,14:42:20,130026,1,0,7,0,0,0,0,7,8
Whole Day 2 - Mon 27th Apr.mov,4350,1:12:30,14:42:30,130326,0,0,3,0,0,1,1,4,4
Whole Day 2 - Mon 27th Apr.mov,4360,1:12:40,14:42:40,130625,0,0,5,0,0,0,0,5,5
Whole Day 2 - Mon 27th Apr.mov,4370,1:12:50,14:42:50,130925,1,0,5,0,0,0,0,5,6
Whole Day 2 - Mon 27th Apr.mov,4380,1:13:00,14:43:00,131225,2,0,0,0,0,1,0,1,3
Whole Day 2 - Mon 27th Apr.mov,4390,1:13:10,14:43:10,131524,1,0,0,0,0,0,0,0,1
Whole Day 2 - Mon 27th Apr.mov,4400,1:13:20,14:43:20,131824,0,0,2,0,0,0,0,2,2
Whole Day 2 - Mon 27th Apr.mov,4410,1:13:30,14:43:30,132123,3,0,2,0,0,0,0,2,5
Whole Day 2 - Mon 27th Apr.mov,4420,1:13:40,14:43:40,132423,0,0,3,0,0,0,0,3,3
Whole Day 2 - Mon 27th Apr.mov,4430,1:13:50,14:43:50,132723,1,0,2,0,0,0,0,2,3
Whole Day 2 - Mon 27th Apr.mov,4440,1:14:00,14:44:00,133022,0,0,5,0,0,0,0,5,5
Whole Day 2 - Mon 27th Apr.mov,4450,1:14:10,14:44:10,133322,1,0,4,0,1,1,0,6,7
Whole Day 2 - Mon 27th Apr.mov,4460,1:14:20,14:44:20,133621,1,0,2,0,0,1,0,3,4
Whole Day 2 - Mon 27th Apr.mov,4470,1:14:30,14:44:30,133921,1,0,0,0,0,0,0,0,1
Whole Day 2 - Mon 27th Apr.mov,4480,1:14:40,14:44:40,134221,1,0,3,0,0,0,0,3,4
Whole Day 2 - Mon 27th Apr.mov,4490,1:14:50,14:44:50,134520,1,0,5,0,0,0,0,5,6
Whole Day 2 - Mon 27th Apr.mov,4500,1:15:00,14:45:00,134820,1,0,8,0,0,0,0,8,9
Whole Day 2 - Mon 27th Apr.mov,4510,1:15:10,14:45:10,135119,0,0,3,0,0,0,0,3,3
Whole Day 2 - Mon 27th Apr.mov,4520,1:15:20,14:45:20,135419,1,0,2,0,0,0,0,2,3
Whole Day 2 - Mon 27th Apr.mov,4530,1:15:30,14:45:30,135719,0,0,3,0,0,0,0,3,3
Whole Day 2 - Mon 27th Apr.mov,4540,1:15:40,14:45:40,136018,0,0,4,0,0,0,0,4,4
Whole Day 2 - Mon 27th Apr.mov,4550,1:15:50,14:45:50,136318,1,0,3,0,0,0,0,3,4
Whole Day 2 - Mon 27th Apr.mov,4560,1:16:00,14:46:00,136617,2,0,5,0,0,0,0,5,7
Whole Day 2 - Mon 27th Apr.mov,4570,1:16:10,14:46:10,136917,0,0,8,0,0,0,0,8,8
Whole Day 2 - Mon 27th Apr.mov,4580,1:16:20,14:46:20,137217,1,0,2,0,0,0,0,2,3
Whole Day 2 - Mon 27th Apr.mov,4590,1:16:30,14:46:30,137516,0,0,4,0,0,0,0,4,4
Whole Day 2 - Mon 27th Apr.mov,4600,1:16:40,14:46:40,137816,1,0,1,0,0,0,0,1,2
Whole Day 2 - Mon 27th Apr.mov,4610,1:16:50,14:46:50,138115,0,0,2,0,0,0,0,2,2
Whole Day 2 - Mon 27th Apr.mov,4620,1:17:00,14:47:00,138415,0,0,3,0,1,0,0,4,4
Whole Day 2 - Mon 27th Apr.mov,4630,1:17:10,14:47:10,138715,0,0,3,0,0,0,0,3,3
Whole Day 2 - Mon 27th Apr.mov,4640,1:17:20,14:47:20,139014,0,0,4,0,0,0,0,4,4
Whole Day 2 - Mon 27th Apr.mov,4650,1:17:30,14:47:30,139314,1,0,7,0,0,0,0,7,8
Whole Day 2 - Mon 27th Apr.mov,4660,1:17:40,14:47:40,139613,0,0,5,0,0,0,0,5,5
Whole Day 2 - Mon 27th Apr.mov,4670,1:17:50,14:47:50,139913,3,0,8,0,0,0,0,8,11
Whole Day 2 - Mon 27th Apr.mov,4680,1:18:00,14:48:00,140213,1,0,2,0,0,0,0,2,3
Whole Day 2 - Mon 27th Apr.mov,4690,1:18:10,14:48:10,140512,0,0,1,0,1,0,0,2,2
Whole Day 2 - Mon 27th Apr.mov,4700,1:18:20,14:48:20,140812,1,0,4,0,0,0,0,4,5
Whole Day 2 - Mon 27th Apr.mov,4710,1:18:30,14:48:30,141111,1,0,8,0,0,0,0,8,9
Whole Day 2 - Mon 27th Apr.mov,4720,1:18:40,14:48:40,141411,1,0,7,0,0,0,0,7,8
Whole Day 2 - Mon 27th Apr.mov,4730,1:18:50,14:48:50,141711,2,0,2,0,0,0,0,2,4
Whole Day 2 - Mon 27th Apr.mov,4740,1:19:00,14:49:00,142010,0,0,3,0,0,0,1,3,3
Whole Day 2 - Mon 27th Apr.mov,4750,1:19:10,14:49:10,142310,0,0,4,0,0,0,0,4,4
Whole Day 2 - Mon 27th Apr.mov,4760,1:19:20,14:49:20,142609,0,0,5,0,0,1,0,6,6
Whole Day 2 - Mon 27th Apr.mov,4770,1:19:30,14:49:30,142909,0,0,5,0,0,1,0,6,6
Whole Day 2 - Mon 27th Apr.mov,4780,1:19:40,14:49:40,143209,0,0,2,0,0,0,0,2,2
Whole Day 2 - Mon 27th Apr.mov,4790,1:19:50,14:49:50,143508,0,0,4,0,0,0,0,4,4
Whole Day 2 - Mon 27th Apr.mov,4800,1:20:00,14:50:00,143808,0,0,6,0,0,0,0,6,6
Whole Day 2 - Mon 27th Apr.mov,4810,1:20:10,14:50:10,144107,1,0,8,0,0,2,0,10,11
Whole Day 2 - Mon 27th Apr.mov,4820,1:20:20,14:50:20,144407,0,0,5,0,0,1,0,6,6
Whole Day 2 - Mon 27th Apr.mov,4830,1:20:30,14:50:30,144707,0,0,2,0,0,1,0,3,3
Whole Day 2 - Mon 27th Apr.mov,4840,1:20:40,14:50:40,145006,0,0,10,0,0,0,0,10,10
Whole Day 2 - Mon 27th Apr.mov,4850,1:20:50,14:50:50,145306,6,0,5,0,0,0,0,5,11
Whole Day 2 - Mon 27th Apr.mov,4860,1:21:00,14:51:00,145605,0,0,9,0,0,0,0,9,9
Whole Day 2 - Mon 27th Apr.mov,4870,1:21:10,14:51:10,145905,2,0,7,0,0,0,0,7,9
Whole Day 2 - Mon 27th Apr.mov,4880,1:21:20,14:51:20,146205,1,0,2,0,0,0,0,2,3
Whole Day 2 - Mon 27th Apr.mov,4890,1:21:30,14:51:30,146504,0,0,4,0,0,0,0,4,4
Whole Day 2 - Mon 27th Apr.mov,4900,1:21:40,14:51:40,146804,0,0,5,0,0,0,0,5,5
Whole Day 2 - Mon 27th Apr.mov,4910,1:21:50,14:51:50,147103,1,0,3,0,0,0,0,3,4
Whole Day 2 - Mon 27th Apr.mov,4920,1:22:00,14:52:00,147403,1,0,2,0,0,0,0,2,3
Whole Day 2 - Mon 27th Apr.mov,4930,1:22:10,14:52:10,147703,0,0,6,0,0,0,1,6,6
Whole Day 2 - Mon 27th Apr.mov,4940,1:22:20,14:52:20,148002,0,0,6,0,0,0,0,6,6
Whole Day 2 - Mon 27th Apr.mov,4950,1:22:30,14:52:30,148302,2,0,2,0,0,0,0,2,4
Whole Day 2 - Mon 27th Apr.mov,4960,1:22:40,14:52:40,148601,0,0,2,0,0,0,0,2,2
Whole Day 2 - Mon 27th Apr.mov,4970,1:22:50,14:52:50,148901,1,0,4,0,0,0,1,4,5
Whole Day 2 - Mon 27th Apr.mov,4980,1:23:00,14:53:00,149201,0,0,4,0,0,0,0,4,4
Whole Day 2 - Mon 27th Apr.mov,4990,1:23:10,14:53:10,149500,2,0,1,0,0,0,0,1,3
Whole Day 2 - Mon 27th Apr.mov,5000,1:23:20,14:53:20,149800,0,0,2,0,0,0,0,2,2
Whole Day 2 - Mon 27th Apr.mov,5010,1:23:30,14:53:30,150099,0,0,1,0,0,0,0,1,1
Whole Day 2 - Mon 27th Apr.mov,5020,1:23:40,14:53:40,150399,2,0,1,0,0,0,0,1,3
Whole Day 2 - Mon 27th Apr.mov,5030,1:23:50,14:53:50,150699,3,0,4,0,0,0,1,4,7
Whole Day 2 - Mon 27th Apr.mov,5040,1:24:00,14:54:00,150998,2,0,1,0,0,0,1,1,3
Whole Day 2 - Mon 27th Apr.mov,5050,1:24:10,14:54:10,151298,0,0,5,0,0,0,0,5,5
Whole Day 2 - Mon 27th Apr.mov,5060,1:24:20,14:54:20,151597,0,0,10,0,0,0,0,10,10
Whole Day 2 - Mon 27th Apr.mov,5070,1:24:30,14:54:30,151897,0,0,4,0,0,0,0,4,4
Whole Day 2 - Mon 27th Apr.mov,5080,1:24:40,14:54:40,152197,1,0,4,0,0,0,0,4,5
Whole Day 2 - Mon 27th Apr.mov,5090,1:24:50,14:54:50,152496,1,0,2,0,0,0,0,2,3
Whole Day 2 - Mon 27th Apr.mov,5100,1:25:00,14:55:00,152796,0,0,2,0,0,0,0,2,2
Whole Day 2 - Mon 27th Apr.mov,5110,1:25:10,14:55:10,153095,1,0,4,0,0,0,0,4,5
Whole Day 2 - Mon 27th Apr.mov,5120,1:25:20,14:55:20,153395,0,0,1,0,0,0,0,1,1
Whole Day 2 - Mon 27th Apr.mov,5130,1:25:30,14:55:30,153695,0,0,1,0,0,0,0,1,1
Whole Day 2 - Mon 27th Apr.mov,5140,1:25:40,14:55:40,153994,0,0,1,0,0,0,0,1,1
Whole Day 2 - Mon 27th Apr.mov,5150,1:25:50,14:55:50,154294,0,0,2,0,0,0,0,2,2
Whole Day 2 - Mon 27th Apr.mov,5160,1:26:00,14:56:00,154593,1,0,2,0,0,1,0,3,4
Whole Day 2 - Mon 27th Apr.mov,5170,1:26:10,14:56:10,154893,0,0,3,0,0,1,0,4,4
Whole Day 2 - Mon 27th Apr.mov,5180,1:26:20,14:56:20,155193,0,0,8,0,0,1,0,9,9
Whole Day 2 - Mon 27th Apr.mov,5190,1:26:30,14:56:30,155492,0,0,5,0,0,0,0,5,5
Whole Day 2 - Mon 27th Apr.mov,5200,1:26:40,14:56:40,155792,1,0,5,0,1,1,0,7,8
Whole Day 2 - Mon 27th Apr.mov,5210,1:26:50,14:56:50,156091,1,0,2,0,0,0,0,2,3
Whole Day 2 - Mon 27th Apr.mov,5220,1:27:00,14:57:00,156391,0,0,3,0,0,0,0,3,3
Whole Day 2 - Mon 27th Apr.mov,5230,1:27:10,14:57:10,156691,0,0,5,0,0,0,0,5,5
Whole Day 2 - Mon 27th Apr.mov,5240,1:27:20,14:57:20,156990,0,0,5,0,0,0,1,5,5
Whole Day 2 - Mon 27th Apr.mov,5250,1:27:30,14:57:30,157290,0,0,4,0,0,0,0,4,4
Whole Day 2 - Mon 27th Apr.mov,5260,1:27:40,14:57:40,157589,0,0,3,0,0,0,0,3,3
Whole Day 2 - Mon 27th Apr.mov,5270,1:27:50,14:57:50,157889,1,0,1,0,0,0,0,1,2
Whole Day 2 - Mon 27th Apr.mov,5280,1:28:00,14:58:00,158189,1,0,1,0,0,0,0,1,2
Whole Day 2 - Mon 27th Apr.mov,5290,1:28:10,14:58:10,158488,1,0,2,0,0,0,0,2,3
Whole Day 2 - Mon 27th Apr.mov,5300,1:28:20,14:58:20,158788,0,0,1,0,0,0,0,1,1
Whole Day 2 - Mon 27th Apr.mov,5310,1:28:30,14:58:30,159087,0,0,6,0,0,0,0,6,6
Whole Day 2 - Mon 27th Apr.mov,5320,1:28:40,14:58:40,159387,1,0,4,0,0,0,0,4,5
Whole Day 2 - Mon 27th Apr.mov,5330,1:28:50,14:58:50,159687,1,0,6,0,1,0,0,7,8
Whole Day 2 - Mon 27th Apr.mov,5340,1:29:00,14:59:00,159986,0,0,3,0,0,0,0,3,3
Whole Day 2 - Mon 27th Apr.mov,5350,1:29:10,14:59:10,160286,1,0,5,0,0,0,0,5,6
Whole Day 2 - Mon 27th Apr.mov,5360,1:29:20,14:59:20,160585,1,0,8,0,0,0,0,8,9
Whole Day 2 - Mon 27th Apr.mov,5370,1:29:30,14:59:30,160885,0,0,4,0,0,0,0,4,4
Whole Day 2 - Mon 27th Apr.mov,5380,1:29:40,14:59:40,161185,0,0,7,0,0,0,0,7,7
Whole Day 2 - Mon 27th Apr.mov,5390,1:29:50,14:59:50,161484,1,0,5,0,0,0,0,5,6
Whole Day 2 - Mon 27th Apr.mov,5400,1:30:00,15:00:00,161784,1,0,1,0,0,0,0,1,2
Whole Day 2 - Mon 27th Apr.mov,5410,1:30:10,15:00:10,162083,0,0,1,0,0,0,0,1,1
Whole Day 2 - Mon 27th Apr.mov,5420,1:30:20,15:00:20,162383,2,0,4,0,0,0,0,4,6
Whole Day 2 - Mon 27th Apr.mov,5430,1:30:30,15:00:30,162683,2,0,2,0,0,0,0,2,4
Whole Day 2 - Mon 27th Apr.mov,5440,1:30:40,15:00:40,162982,0,0,8,0,0,0,0,8,8
Whole Day 2 - Mon 27th Apr.mov,5450,1:30:50,15:00:50,163282,1,0,3,0,0,0,0,3,4
Whole Day 2 - Mon 27th Apr.mov,5460,1:31:00,15:01:00,163581,0,0,7,0,2,0,0,9,9
Whole Day 2 - Mon 27th Apr.mov,5470,1:31:10,15:01:10,163881,0,0,5,0,0,1,0,6,6
Whole Day 2 - Mon 27th Apr.mov,5480,1:31:20,15:01:20,164181,1,0,0,0,0,1,0,1,2
Whole Day 2 - Mon 27th Apr.mov,5490,1:31:30,15:01:30,164480,1,0,0,0,0,0,0,0,1
Whole Day 2 - Mon 27th Apr.mov,5500,1:31:40,15:01:40,164780,1,0,4,0,0,0,0,4,5
Whole Day 2 - Mon 27th Apr.mov,5510,1:31:50,15:01:50,165079,3,0,6,0,0,0,0,6,9
Whole Day 2 - Mon 27th Apr.mov,5520,1:32:00,15:02:00,165379,1,0,2,0,0,0,0,2,3
Whole Day 2 - Mon 27th Apr.mov,5530,1:32:10,15:02:10,165679,0,0,2,0,0,0,0,2,2
Whole Day 2 - Mon 27th Apr.mov,5540,1:32:20,15:02:20,165978,1,0,5,0,0,0,1,5,6
Whole Day 2 - Mon 27th Apr.mov,5550,1:32:30,15:02:30,166278,0,0,6,0,0,0,1,6,6
Whole Day 2 - Mon 27th Apr.mov,5560,1:32:40,15:02:40,166577,0,0,5,0,0,0,1,5,5
Whole Day 2 - Mon 27th Apr.mov,5570,1:32:50,15:02:50,166877,0,0,2,0,0,0,1,2,2
Whole Day 2 - Mon 27th Apr.mov,5580,1:33:00,15:03:00,167177,0,0,4,0,1,1,0,6,6
Whole Day 2 - Mon 27th Apr.mov,5590,1:33:10,15:03:10,167476,1,0,5,0,0,0,1,5,6
Whole Day 2 - Mon 27th Apr.mov,5600,1:33:20,15:03:20,167776,1,0,0,0,0,0,0,0,1
Whole Day 2 - Mon 27th Apr.mov,5610,1:33:30,15:03:30,168075,1,0,4,0,0,0,1,4,5
Whole Day 2 - Mon 27th Apr.mov,5620,1:33:40,15:03:40,168375,0,0,2,0,0,0,1,2,2
Whole Day 2 - Mon 27th Apr.mov,5630,1:33:50,15:03:50,168675,0,0,3,0,0,0,1,3,3
Whole Day 2 - Mon 27th Apr.mov,5640,1:34:00,15:04:00,168974,1,0,1,0,0,0,1,1,2
Whole Day 2 - Mon 27th Apr.mov,5650,1:34:10,15:04:10,169274,2,0,4,0,0,0,0,4,6
Whole Day 2 - Mon 27th Apr.mov,5660,1:34:20,15:04:20,169573,1,0,2,0,0,0,0,2,3
Whole Day 2 - Mon 27th Apr.mov,5670,1:34:30,15:04:30,169873,0,0,2,0,0,0,1,2,2
Whole Day 2 - Mon 27th Apr.mov,5680,1:34:40,15:04:40,170173,1,0,3,0,0,0,1,3,4
Whole Day 2 - Mon 27th Apr.mov,5690,1:34:50,15:04:50,170472,1,0,6,0,0,0,1,6,7
Whole Day 2 - Mon 27th Apr.mov,5700,1:35:00,15:05:00,170772,1,0,3,0,0,1,0,4,5
Whole Day 2 - Mon 27th Apr.mov,5710,1:35:10,15:05:10,171071,1,0,6,0,0,0,1,6,7
Whole Day 2 - Mon 27th Apr.mov,5720,1:35:20,15:05:20,171371,0,0,5,0,0,1,0,6,6
Whole Day 2 - Mon 27th Apr.mov,5730,1:35:30,15:05:30,171671,1,0,7,0,0,0,0,7,8
Whole Day 2 - Mon 27th Apr.mov,5740,1:35:40,15:05:40,171970,1,0,3,0,0,0,1,3,4
Whole Day 2 - Mon 27th Apr.mov,5750,1:35:50,15:05:50,172270,0,0,7,0,0,0,0,7,7
Whole Day 2 - Mon 27th Apr.mov,5760,1:36:00,15:06:00,172569,1,0,2,0,0,0,1,2,3
Whole Day 2 - Mon 27th Apr.mov,5770,1:36:10,15:06:10,172869,0,0,2,0,0,0,1,2,2
Whole Day 2 - Mon 27th Apr.mov,5780,1:36:20,15:06:20,173169,1,0,2,0,0,0,0,2,3
Whole Day 2 - Mon 27th Apr.mov,5790,1:36:30,15:06:30,173468,1,0,5,0,0,1,0,6,7
Whole Day 2 - Mon 27th Apr.mov,5800,1:36:40,15:06:40,173768,1,0,2,0,0,1,1,3,4
Whole Day 2 - Mon 27th Apr.mov,5810,1:36:50,15:06:50,174067,0,0,1,0,1,0,1,2,2
Whole Day 2 - Mon 27th Apr.mov,5820,1:37:00,15:07:00,174367,1,0,10,0,0,0,0,10,11
Whole Day 2 - Mon 27th Apr.mov,5830,1:37:10,15:07:10,174667,0,0,5,0,0,0,1,5,5
Whole Day 2 - Mon 27th Apr.mov,5840,1:37:20,15:07:20,174966,1,0,4,0,0,0,0,4,5
Whole Day 2 - Mon 27th Apr.mov,5850,1:37:30,15:07:30,175266,1,0,3,0,0,0,0,3,4
Whole Day 2 - Mon 27th Apr.mov,5860,1:37:40,15:07:40,175565,0,0,9,0,0,1,0,10,10
Whole Day 2 - Mon 27th Apr.mov,5870,1:37:50,15:07:50,175865,0,0,7,0,0,0,0,7,7
Whole Day 2 - Mon 27th Apr.mov,5880,1:38:00,15:08:00,176165,0,0,6,0,0,0,1,6,6
Whole Day 2 - Mon 27th Apr.mov,5890,1:38:10,15:08:10,176464,1,0,3,0,1,0,0,4,5
Whole Day 2 - Mon 27th Apr.mov,5900,1:38:20,15:08:20,176764,1,0,4,0,0,0,1,4,5
Whole Day 2 - Mon 27th Apr.mov,5910,1:38:30,15:08:30,177063,1,0,1,0,0,0,1,1,2
Whole Day 2 - Mon 27th Apr.mov,5920,1:38:40,15:08:40,177363,0,0,2,0,0,0,0,2,2
Whole Day 2 - Mon 27th Apr.mov,5930,1:38:50,15:08:50,177663,1,0,5,0,0,1,1,6,7
Whole Day 2 - Mon 27th Apr.mov,5940,1:39:00,15:09:00,177962,0,0,5,0,0,0,0,5,5
Whole Day 2 - Mon 27th Apr.mov,5950,1:39:10,15:09:10,178262,0,0,3,0,0,0,1,3,3
Whole Day 2 - Mon 27th Apr.mov,5960,1:39:20,15:09:20,178561,1,0,4,0,0,0,2,4,5
Whole Day 2 - Mon 27th Apr.mov,5970,1:39:30,15:09:30,178861,0,0,4,0,0,1,0,5,5
Whole Day 2 - Mon 27th Apr.mov,5980,1:39:40,15:09:40,179161,0,0,10,0,0,0,0,10,10
Whole Day 2 - Mon 27th Apr.mov,5990,1:39:50,15:09:50,179460,1,0,4,0,0,0,0,4,5
Whole Day 2 - Mon 27th Apr.mov,6000,1:40:00,15:10:00,179760,1,0,2,0,0,0,0,2,3
Whole Day 2 - Mon 27th Apr.mov,6010,1:40:10,15:10:10,180059,0,0,6,0,0,1,0,7,7
Whole Day 2 - Mon 27th Apr.mov,6020,1:40:20,15:10:20,180359,0,0,8,0,0,0,0,8,8
Whole Day 2 - Mon 27th Apr.mov,6030,1:40:30,15:10:30,180659,0,0,4,0,0,0,0,4,4
Whole Day 2 - Mon 27th Apr.mov,6040,1:40:40,15:10:40,180958,1,0,3,0,0,0,0,3,4
Whole Day 2 - Mon 27th Apr.mov,6050,1:40:50,15:10:50,181258,1,0,1,0,0,0,0,1,2
Whole Day 2 - Mon 27th Apr.mov,6060,1:41:00,15:11:00,181557,0,0,1,0,0,0,0,1,1
Whole Day 2 - Mon 27th Apr.mov,6070,1:41:10,15:11:10,181857,1,0,3,0,0,0,0,3,4
Whole Day 2 - Mon 27th Apr.mov,6080,1:41:20,15:11:20,182157,1,0,5,0,0,0,0,5,6
Whole Day 2 - Mon 27th Apr.mov,6090,1:41:30,15:11:30,182456,0,0,3,0,0,0,0,3,3
Whole Day 2 - Mon 27th Apr.mov,6100,1:41:40,15:11:40,182756,0,0,6,0,0,0,0,6,6
Whole Day 2 - Mon 27th Apr.mov,6110,1:41:50,15:11:50,183055,0,0,2,0,0,2,0,4,4
Whole Day 2 - Mon 27th Apr.mov,6120,1:42:00,15:12:00,183355,0,0,2,0,1,0,0,3,3
Whole Day 2 - Mon 27th Apr.mov,6130,1:42:10,15:12:10,183655,0,0,1,0,1,0,0,2,2
Whole Day 2 - Mon 27th Apr.mov,6140,1:42:20,15:12:20,183954,0,0,4,0,0,0,0,4,4
Whole Day 2 - Mon 27th Apr.mov,6150,1:42:30,15:12:30,184254,1,0,6,0,0,0,0,6,7
Whole Day 2 - Mon 27th Apr.mov,6160,1:42:40,15:12:40,184553,1,0,6,0,0,0,0,6,7
Whole Day 2 - Mon 27th Apr.mov,6170,1:42:50,15:12:50,184853,0,0,3,0,0,0,0,3,3
Whole Day 2 - Mon 27th Apr.mov,6180,1:43:00,15:13:00,185153,0,0,2,0,0,0,0,2,2
Whole Day 2 - Mon 27th Apr.mov,6190,1:43:10,15:13:10,185452,1,0,1,0,0,0,0,1,2
Whole Day 2 - Mon 27th Apr.mov,6200,1:43:20,15:13:20,185752,0,0,2,0,0,0,0,2,2
Whole Day 2 - Mon 27th Apr.mov,6210,1:43:30,15:13:30,186051,0,0,4,0,0,0,0,4,4
Whole Day 2 - Mon 27th Apr.mov,6220,1:43:40,15:13:40,186351,0,0,2,0,0,0,0,2,2
Whole Day 2 - Mon 27th Apr.mov,6230,1:43:50,15:13:50,186651,0,0,1,0,0,0,0,1,1
Whole Day 2 - Mon 27th Apr.mov,6240,1:44:00,15:14:00,186950,1,0,5,0,0,0,0,5,6
Whole Day 2 - Mon 27th Apr.mov,6250,1:44:10,15:14:10,187250,0,0,9,0,0,0,0,9,9
Whole Day 2 - Mon 27th Apr.mov,6260,1:44:20,15:14:20,187549,1,0,6,0,0,0,0,6,7
Whole Day 2 - Mon 27th Apr.mov,6270,1:44:30,15:14:30,187849,1,0,8,0,0,0,0,8,9
Whole Day 2 - Mon 27th Apr.mov,6280,1:44:40,15:14:40,188149,0,0,5,0,0,0,0,5,5
Whole Day 2 - Mon 27th Apr.mov,6290,1:44:50,15:14:50,188448,0,0,8,0,0,0,1,8,8
Whole Day 2 - Mon 27th Apr.mov,6300,1:45:00,15:15:00,188748,0,0,10,0,0,0,0,10,10
Whole Day 2 - Mon 27th Apr.mov,6310,1:45:10,15:15:10,189047,1,0,5,0,0,0,0,5,6
Whole Day 2 - Mon 27th Apr.mov,6320,1:45:20,15:15:20,189347,3,0,10,0,0,0,0,10,13
Whole Day 2 - Mon 27th Apr.mov,6330,1:45:30,15:15:30,189647,1,0,7,0,0,0,0,7,8
Whole Day 2 - Mon 27th Apr.mov,6340,1:45:40,15:15:40,189946,0,0,7,0,0,0,0,7,7
Whole Day 2 - Mon 27th Apr.mov,6350,1:45:50,15:15:50,190246,1,0,4,0,0,1,0,5,6
Whole Day 2 - Mon 27th Apr.mov,6360,1:46:00,15:16:00,190545,0,0,3,0,1,0,0,4,4
Whole Day 2 - Mon 27th Apr.mov,6370,1:46:10,15:16:10,190845,1,0,3,0,0,0,0,3,4
Whole Day 2 - Mon 27th Apr.mov,6380,1:46:20,15:16:20,191145,0,0,5,0,0,0,0,5,5
Whole Day 2 - Mon 27th Apr.mov,6390,1:46:30,15:16:30,191444,0,0,4,0,0,0,0,4,4
Whole Day 2 - Mon 27th Apr.mov,6400,1:46:40,15:16:40,191744,1,0,4,0,0,0,0,4,5
Whole Day 2 - Mon 27th Apr.mov,6410,1:46:50,15:16:50,192043,1,0,7,0,0,0,0,7,8
Whole Day 2 - Mon 27th Apr.mov,6420,1:47:00,15:17:00,192343,1,0,4,0,0,3,0,7,8
Whole Day 2 - Mon 27th Apr.mov,6430,1:47:10,15:17:10,192643,1,0,3,0,1,0,0,4,5
Whole Day 2 - Mon 27th Apr.mov,6440,1:47:20,15:17:20,192942,0,0,5,0,0,0,1,5,5
Whole Day 2 - Mon 27th Apr.mov,6450,1:47:30,15:17:30,193242,2,0,2,0,0,0,1,2,4
Whole Day 2 - Mon 27th Apr.mov,6460,1:47:40,15:17:40,193541,1,0,6,0,0,1,1,7,8
Whole Day 2 - Mon 27th Apr.mov,6470,1:47:50,15:17:50,193841,1,0,10,0,0,0,1,10,11
Whole Day 2 - Mon 27th Apr.mov,6480,1:48:00,15:18:00,194141,1,0,5,0,1,1,1,7,8
Whole Day 2 - Mon 27th Apr.mov,6490,1:48:10,15:18:10,194440,1,0,7,0,0,0,1,7,8
Whole Day 2 - Mon 27th Apr.mov,6500,1:48:20,15:18:20,194740,1,0,3,0,0,0,1,3,4
Whole Day 2 - Mon 27th Apr.mov,6510,1:48:30,15:18:30,195039,2,0,1,0,0,0,1,1,3
Whole Day 2 - Mon 27th Apr.mov,6520,1:48:40,15:18:40,195339,1,0,7,1,0,0,1,8,9
Whole Day 2 - Mon 27th Apr.mov,6530,1:48:50,15:18:50,195639,1,0,11,0,0,0,0,11,12
Whole Day 2 - Mon 27th Apr.mov,6540,1:49:00,15:19:00,195938,1,0,6,0,0,0,1,6,7
Whole Day 2 - Mon 27th Apr.mov,6550,1:49:10,15:19:10,196238,0,0,7,0,0,0,0,7,7
Whole Day 2 - Mon 27th Apr.mov,6560,1:49:20,15:19:20,196537,0,0,10,0,0,0,0,10,10
Whole Day 2 - Mon 27th Apr.mov,6570,1:49:30,15:19:30,196837,1,0,5,0,0,0,1,5,6
Whole Day 2 - Mon 27th Apr.mov,6580,1:49:40,15:19:40,197137,1,0,6,0,0,0,0,6,7
Whole Day 2 - Mon 27th Apr.mov,6590,1:49:50,15:19:50,197436,1,0,6,0,0,0,0,6,7
Whole Day 2 - Mon 27th Apr.mov,6600,1:50:00,15:20:00,197736,1,0,10,0,0,0,0,10,11
Whole Day 2 - Mon 27th Apr.mov,6610,1:50:10,15:20:10,198035,1,0,5,0,0,0,0,5,6
Whole Day 2 - Mon 27th Apr.mov,6620,1:50:20,15:20:20,198335,2,0,2,0,0,0,0,2,4
Whole Day 2 - Mon 27th Apr.mov,6630,1:50:30,15:20:30,198635,1,0,1,0,0,0,0,1,2
Whole Day 2 - Mon 27th Apr.mov,6640,1:50:40,15:20:40,198934,1,0,2,0,0,0,0,2,3
Whole Day 2 - Mon 27th Apr.mov,6650,1:50:50,15:20:50,199234,1,0,0,0,0,0,0,0,1
Whole Day 2 - Mon 27th Apr.mov,6660,1:51:00,15:21:00,199533,2,0,6,0,0,0,0,6,8
Whole Day 2 - Mon 27th Apr.mov,6670,1:51:10,15:21:10,199833,0,0,6,0,0,0,0,6,6
Whole Day 2 - Mon 27th Apr.mov,6680,1:51:20,15:21:20,200133,0,0,11,0,0,1,0,12,12
Whole Day 2 - Mon 27th Apr.mov,6690,1:51:30,15:21:30,200432,1,0,8,0,0,1,0,9,10
Whole Day 2 - Mon 27th Apr.mov,6700,1:51:40,15:21:40,200732,0,0,4,0,0,0,0,4,4
Whole Day 2 - Mon 27th Apr.mov,6710,1:51:50,15:21:50,201031,0,0,9,0,0,0,0,9,9
Whole Day 2 - Mon 27th Apr.mov,6720,1:52:00,15:22:00,201331,0,0,9,0,0,0,0,9,9
Whole Day 2 - Mon 27th Apr.mov,6730,1:52:10,15:22:10,201631,0,0,7,0,0,0,0,7,7
Whole Day 2 - Mon 27th Apr.mov,6740,1:52:20,15:22:20,201930,0,0,9,0,0,0,0,9,9
Whole Day 2 - Mon 27th Apr.mov,6750,1:52:30,15:22:30,202230,0,0,10,0,0,0,0,10,10
Whole Day 2 - Mon 27th Apr.mov,6760,1:52:40,15:22:40,202529,1,0,12,0,0,0,0,12,13
Whole Day 2 - Mon 27th Apr.mov,6770,1:52:50,15:22:50,202829,1,0,9,0,0,0,0,9,10
Whole Day 2 - Mon 27th Apr.mov,6780,1:53:00,15:23:00,203129,2,0,3,0,0,0,0,3,5
Whole Day 2 - Mon 27th Apr.mov,6790,1:53:10,15:23:10,203428,2,0,3,0,0,0,0,3,5
Whole Day 2 - Mon 27th Apr.mov,6800,1:53:20,15:23:20,203728,0,0,7,0,0,0,0,7,7
Whole Day 2 - Mon 27th Apr.mov,6810,1:53:30,15:23:30,204027,2,0,3,0,0,0,0,3,5
Whole Day 2 - Mon 27th Apr.mov,6820,1:53:40,15:23:40,204327,1,0,5,0,0,0,0,5,6
Whole Day 2 - Mon 27th Apr.mov,6830,1:53:50,15:23:50,204627,3,0,9,0,0,0,1,9,12
Whole Day 2 - Mon 27th Apr.mov,6840,1:54:00,15:24:00,204926,0,0,5,0,0,1,0,6,6
Whole Day 2 - Mon 27th Apr.mov,6850,1:54:10,15:24:10,205226,0,0,6,0,0,1,0,7,7
Whole Day 2 - Mon 27th Apr.mov,6860,1:54:20,15:24:20,205525,1,0,3,0,0,0,0,3,4
Whole Day 2 - Mon 27th Apr.mov,6870,1:54:30,15:24:30,205825,1,0,0,0,0,0,0,0,1
Whole Day 2 - Mon 27th Apr.mov,6880,1:54:40,15:24:40,206125,1,0,7,0,0,0,0,7,8
Whole Day 2 - Mon 27th Apr.mov,6890,1:54:50,15:24:50,206424,0,0,7,0,0,0,0,7,7
Whole Day 2 - Mon 27th Apr.mov,6900,1:55:00,15:25:00,206724,0,0,6,0,0,1,1,7,7
Whole Day 2 - Mon 27th Apr.mov,6910,1:55:10,15:25:10,207023,0,0,6,0,0,0,0,6,6
Whole Day 2 - Mon 27th Apr.mov,6920,1:55:20,15:25:20,207323,1,0,3,0,0,0,0,3,4
Whole Day 2 - Mon 27th Apr.mov,6930,1:55:30,15:25:30,207623,0,0,1,0,1,0,0,2,2
Whole Day 2 - Mon 27th Apr.mov,6940,1:55:40,15:25:40,207922,0,0,10,0,0,0,1,10,10
Whole Day 2 - Mon 27th Apr.mov,6950,1:55:50,15:25:50,208222,1,0,9,0,0,0,0,9,10
Whole Day 2 - Mon 27th Apr.mov,6960,1:56:00,15:26:00,208521,0,0,3,0,0,0,0,3,3
Whole Day 2 - Mon 27th Apr.mov,6970,1:56:10,15:26:10,208821,4,0,11,0,0,0,1,11,15
Whole Day 2 - Mon 27th Apr.mov,6980,1:56:20,15:26:20,209121,0,0,8,0,0,0,0,8,8
Whole Day 2 - Mon 27th Apr.mov,6990,1:56:30,15:26:30,209420,0,0,7,0,0,0,0,7,7
Whole Day 2 - Mon 27th Apr.mov,7000,1:56:40,15:26:40,209720,0,0,9,0,0,0,0,9,9
Whole Day 2 - Mon 27th Apr.mov,7010,1:56:50,15:26:50,210019,0,0,8,0,0,0,0,8,8
Whole Day 2 - Mon 27th Apr.mov,7020,1:57:00,15:27:00,210319,0,0,4,0,0,1,0,5,5
Whole Day 2 - Mon 27th Apr.mov,7030,1:57:10,15:27:10,210619,0,0,3,0,0,0,0,3,3
Whole Day 2 - Mon 27th Apr.mov,7040,1:57:20,15:27:20,210918,1,0,2,0,0,0,0,2,3
Whole Day 2 - Mon 27th Apr.mov,7050,1:57:30,15:27:30,211218,0,0,3,0,0,0,0,3,3
Whole Day 2 - Mon 27th Apr.mov,7060,1:57:40,15:27:40,211517,0,0,1,0,0,0,0,1,1
Whole Day 2 - Mon 27th Apr.mov,7070,1:57:50,15:27:50,211817,0,0,1,1,0,0,0,2,2
Whole Day 2 - Mon 27th Apr.mov,7080,1:58:00,15:28:00,212117,2,0,7,0,0,0,0,7,9
Whole Day 2 - Mon 27th Apr.mov,7090,1:58:10,15:28:10,212416,0,0,6,0,0,0,0,6,6
Whole Day 2 - Mon 27th Apr.mov,7100,1:58:20,15:28:20,212716,0,0,6,0,0,0,0,6,6
Whole Day 2 - Mon 27th Apr.mov,7110,1:58:30,15:28:30,213015,0,0,10,0,0,0,0,10,10
Whole Day 2 - Mon 27th Apr.mov,7120,1:58:40,15:28:40,213315,0,0,9,0,0,1,0,10,10
Whole Day 2 - Mon 27th Apr.mov,7130,1:58:50,15:28:50,213615,0,0,7,0,1,1,0,9,9
Whole Day 2 - Mon 27th Apr.mov,7140,1:59:00,15:29:00,213914,1,0,5,0,0,0,0,5,6
Whole Day 2 - Mon 27th Apr.mov,7150,1:59:10,15:29:10,214214,1,0,6,0,0,0,0,6,7
Whole Day 2 - Mon 27th Apr.mov,7160,1:59:20,15:29:20,214513,1,0,4,0,0,1,0,5,6
Whole Day 2 - Mon 27th Apr.mov,7170,1:59:30,15:29:30,214813,1,0,8,0,0,0,0,8,9
Whole Day 2 - Mon 27th Apr.mov,7180,1:59:40,15:29:40,215113,1,0,5,0,0,0,0,5,6
Whole Day 2 - Mon 27th Apr.mov,7190,1:59:50,15:29:50,215412,1,0,6,0,0,0,0,6,7
Whole Day 2 - Mon 27th Apr.mov,7200,2:00:00,15:30:00,215712,1,0,10,0,0,0,0,10,11
Whole Day 2 - Mon 27th Apr.mov,7210,2:00:10,15:30:10,216011,2,0,3,0,0,0,0,3,5
Whole Day 2 - Mon 27th Apr.mov,7220,2:00:20,15:30:20,216311,1,0,2,0,0,0,0,2,3
Whole Day 2 - Mon 27th Apr.mov,7230,2:00:30,15:30:30,216611,1,0,1,0,0,0,0,1,2
Whole Day 2 - Mon 27th Apr.mov,7240,2:00:40,15:30:40,216910,1,0,1,0,0,0,0,1,2
Whole Day 2 - Mon 27th Apr.mov,7250,2:00:50,15:30:50,217210,0,0,4,0,0,0,0,4,4
Whole Day 2 - Mon 27th Apr.mov,7260,2:01:00,15:31:00,217509,0,0,7,0,0,0,0,7,7
Whole Day 2 - Mon 27th Apr.mov,7270,2:01:10,15:31:10,217809,1,0,8,0,0,0,0,8,9
Whole Day 2 - Mon 27th Apr.mov,7280,2:01:20,15:31:20,218109,1,0,4,0,0,0,0,4,5
Whole Day 2 - Mon 27th Apr.mov,7290,2:01:30,15:31:30,218408,1,0,5,0,0,0,0,5,6
Whole Day 2 - Mon 27th Apr.mov,7300,2:01:40,15:31:40,218708,1,0,7,0,0,1,0,8,9
Whole Day 2 - Mon 27th Apr.mov,7310,2:01:50,15:31:50,219007,1,0,8,0,0,0,0,8,9
Whole Day 2 - Mon 27th Apr.mov,7320,2:02:00,15:32:00,219307,1,0,3,0,0,0,0,3,4
Whole Day 2 - Mon 27th Apr.mov,7330,2:02:10,15:32:10,219607,0,0,7,0,0,0,0,7,7
Whole Day 2 - Mon 27th Apr.mov,7340,2:02:20,15:32:20,219906,1,0,1,0,0,0,0,1,2
Whole Day 2 - Mon 27th Apr.mov,7350,2:02:30,15:32:30,220206,1,0,1,0,0,0,0,1,2
Whole Day 2 - Mon 27th Apr.mov,7360,2:02:40,15:32:40,220505,1,0,7,0,0,0,0,7,8
Whole Day 2 - Mon 27th Apr.mov,7370,2:02:50,15:32:50,220805,1,0,5,0,0,0,0,5,6
Whole Day 2 - Mon 27th Apr.mov,7380,2:03:00,15:33:00,221105,1,0,3,0,0,0,0,3,4
Whole Day 2 - Mon 27th Apr.mov,7390,2:03:10,15:33:10,221404,5,0,6,0,0,0,1,6,11
Whole Day 2 - Mon 27th Apr.mov,7400,2:03:20,15:33:20,221704,1,0,5,0,0,0,0,5,6
Whole Day 2 - Mon 27th Apr.mov,7410,2:03:30,15:33:30,222003,0,0,6,0,0,2,0,8,8
Whole Day 2 - Mon 27th Apr.mov,7420,2:03:40,15:33:40,222303,1,0,4,0,0,0,0,4,5
Whole Day 2 - Mon 27th Apr.mov,7430,2:03:50,15:33:50,222603,1,0,6,0,0,0,0,6,7
Whole Day 2 - Mon 27th Apr.mov,7440,2:04:00,15:34:00,222902,1,0,9,0,0,0,0,9,10
Whole Day 2 - Mon 27th Apr.mov,7450,2:04:10,15:34:10,223202,1,0,3,0,0,0,0,3,4
Whole Day 2 - Mon 27th Apr.mov,7460,2:04:20,15:34:20,223501,1,0,3,0,0,0,0,3,4
Whole Day 2 - Mon 27th Apr.mov,7470,2:04:30,15:34:30,223801,1,0,4,0,0,0,0,4,5
Whole Day 2 - Mon 27th Apr.mov,7480,2:04:40,15:34:40,224101,1,0,4,0,0,0,1,4,5
Whole Day 2 - Mon 27th Apr.mov,7490,2:04:50,15:34:50,224400,2,0,2,0,0,0,1,2,4
Whole Day 2 - Mon 27th Apr.mov,7500,2:05:00,15:35:00,224700,1,0,9,0,0,0,0,9,10
Whole Day 2 - Mon 27th Apr.mov,7510,2:05:10,15:35:10,225000,1,0,7,0,0,0,0,7,8
Whole Day 2 - Mon 27th Apr.mov,7520,2:05:20,15:35:20,225299,1,0,4,0,0,0,1,4,5
Whole Day 2 - Mon 27th Apr.mov,7530,2:05:30,15:35:30,225599,2,0,10,0,0,0,0,10,12
Whole Day 2 - Mon 27th Apr.mov,7540,2:05:40,15:35:40,225898,2,0,7,0,0,0,0,7,9
Whole Day 2 - Mon 27th Apr.mov,7550,2:05:50,15:35:50,226198,1,0,2,0,0,0,0,2,3
Whole Day 2 - Mon 27th Apr.mov,7560,2:06:00,15:36:00,226498,1,0,5,0,0,0,0,5,6
Whole Day 2 - Mon 27th Apr.mov,7570,2:06:10,15:36:10,226797,0,0,9,0,0,0,0,9,9
Whole Day 2 - Mon 27th Apr.mov,7580,2:06:20,15:36:20,227097,0,0,10,0,0,0,0,10,10
Whole Day 2 - Mon 27th Apr.mov,7590,2:06:30,15:36:30,227396,0,0,9,0,0,1,0,10,10
Whole Day 2 - Mon 27th Apr.mov,7600,2:06:40,15:36:40,227696,1,0,5,0,0,0,0,5,6
Whole Day 2 - Mon 27th Apr.mov,7610,2:06:50,15:36:50,227996,1,0,4,0,0,0,0,4,5
Whole Day 2 - Mon 27th Apr.mov,7620,2:07:00,15:37:00,228295,0,0,2,0,0,0,0,2,2
Whole Day 2 - Mon 27th Apr.mov,7630,2:07:10,15:37:10,228595,0,0,2,0,0,0,0,2,2
Whole Day 2 - Mon 27th Apr.mov,7640,2:07:20,15:37:20,228894,0,0,11,0,0,0,0,11,11
Whole Day 2 - Mon 27th Apr.mov,7650,2:07:30,15:37:30,229194,0,0,6,0,0,0,0,6,6
Whole Day 2 - Mon 27th Apr.mov,7660,2:07:40,15:37:40,229494,1,0,3,0,0,0,0,3,4
Whole Day 2 - Mon 27th Apr.mov,7670,2:07:50,15:37:50,229793,1,0,2,0,0,0,0,2,3
Whole Day 2 - Mon 27th Apr.mov,7680,2:08:00,15:38:00,230093,0,0,5,0,0,0,0,5,5
Whole Day 2 - Mon 27th Apr.mov,7690,2:08:10,15:38:10,230392,1,0,5,0,0,0,0,5,6
Whole Day 2 - Mon 27th Apr.mov,7700,2:08:20,15:38:20,230692,0,0,2,0,0,0,0,2,2
Whole Day 2 - Mon 27th Apr.mov,7710,2:08:30,15:38:30,230992,1,0,2,0,0,0,0,2,3
Whole Day 2 - Mon 27th Apr.mov,7720,2:08:40,15:38:40,231291,1,0,6,0,0,0,0,6,7
Whole Day 2 - Mon 27th Apr.mov,7730,2:08:50,15:38:50,231591,1,0,7,0,0,0,0,7,8
Whole Day 2 - Mon 27th Apr.mov,7740,2:09:00,15:39:00,231890,0,0,4,0,0,0,0,4,4
Whole Day 2 - Mon 27th Apr.mov,7750,2:09:10,15:39:10,232190,0,0,4,0,0,0,0,4,4
Whole Day 2 - Mon 27th Apr.mov,7760,2:09:20,15:39:20,232490,0,0,2,0,0,0,0,2,2
Whole Day 2 - Mon 27th Apr.mov,7770,2:09:30,15:39:30,232789,1,0,2,0,0,0,1,2,3
Whole Day 2 - Mon 27th Apr.mov,7780,2:09:40,15:39:40,233089,1,0,7,0,0,0,0,7,8
Whole Day 2 - Mon 27th Apr.mov,7790,2:09:50,15:39:50,233388,1,0,5,0,0,0,0,5,6
Whole Day 2 - Mon 27th Apr.mov,7800,2:10:00,15:40:00,233688,1,0,6,0,0,0,0,6,7
Whole Day 2 - Mon 27th Apr.mov,7810,2:10:10,15:40:10,233988,0,0,12,0,0,0,0,12,12
Whole Day 2 - Mon 27th Apr.mov,7820,2:10:20,15:40:20,234287,0,0,3,0,0,1,0,4,4
Whole Day 2 - Mon 27th Apr.mov,7830,2:10:30,15:40:30,234587,0,0,11,0,0,0,0,11,11
Whole Day 2 - Mon 27th Apr.mov,7840,2:10:40,15:40:40,234886,0,0,4,0,0,0,1,4,4
Whole Day 2 - Mon 27th Apr.mov,7850,2:10:50,15:40:50,235186,0,0,6,0,0,0,0,6,6
Whole Day 2 - Mon 27th Apr.mov,7860,2:11:00,15:41:00,235486,0,0,12,0,0,0,0,12,12
Whole Day 2 - Mon 27th Apr.mov,7870,2:11:10,15:41:10,235785,0,0,6,0,0,0,0,6,6
Whole Day 2 - Mon 27th Apr.mov,7880,2:11:20,15:41:20,236085,1,0,3,0,1,0,0,4,5
Whole Day 2 - Mon 27th Apr.mov,7890,2:11:30,15:41:30,236384,0,0,6,0,0,0,0,6,6
Whole Day 2 - Mon 27th Apr.mov,7900,2:11:40,15:41:40,236684,0,0,2,0,0,0,1,2,2
Whole Day 2 - Mon 27th Apr.mov,7910,2:11:50,15:41:50,236984,0,0,5,0,0,0,0,5,5
Whole Day 2 - Mon 27th Apr.mov,7920,2:12:00,15:42:00,237283,0,0,4,0,0,0,1,4,4
Whole Day 2 - Mon 27th Apr.mov,7930,2:12:10,15:42:10,237583,0,0,6,0,0,0,0,6,6
Whole Day 2 - Mon 27th Apr.mov,7940,2:12:20,15:42:20,237882,0,0,2,0,0,0,0,2,2
Whole Day 2 - Mon 27th Apr.mov,7950,2:12:30,15:42:30,238182,0,0,8,0,0,0,0,8,8
Whole Day 2 - Mon 27th Apr.mov,7960,2:12:40,15:42:40,238482,1,0,4,0,0,0,0,4,5
Whole Day 2 - Mon 27th Apr.mov,7970,2:12:50,15:42:50,238781,0,0,7,0,0,0,0,7,7
Whole Day 2 - Mon 27th Apr.mov,7980,2:13:00,15:43:00,239081,1,0,5,0,0,0,1,5,6
Whole Day 2 - Mon 27th Apr.mov,7990,2:13:10,15:43:10,239380,1,0,6,0,0,1,1,7,8
Whole Day 2 - Mon 27th Apr.mov,8000,2:13:20,15:43:20,239680,1,0,9,0,0,0,0,9,10
Whole Day 2 - Mon 27th Apr.mov,8010,2:13:30,15:43:30,239980,0,0,10,0,0,0,0,10,10
Whole Day 2 - Mon 27th Apr.mov,8020,2:13:40,15:43:40,240279,0,0,6,0,0,0,0,6,6
Whole Day 2 - Mon 27th Apr.mov,8030,2:13:50,15:43:50,240579,0,0,4,0,0,0,0,4,4
Whole Day 2 - Mon 27th Apr.mov,8040,2:14:00,15:44:00,240878,1,0,3,0,0,0,1,3,4
Whole Day 2 - Mon 27th Apr.mov,8050,2:14:10,15:44:10,241178,0,0,3,1,0,0,0,4,4
Whole Day 2 - Mon 27th Apr.mov,8060,2:14:20,15:44:20,241478,0,0,5,0,0,0,0,5,5
Whole Day 2 - Mon 27th Apr.mov,8070,2:14:30,15:44:30,241777,0,0,6,0,0,0,0,6,6
Whole Day 2 - Mon 27th Apr.mov,8080,2:14:40,15:44:40,242077,0,0,3,0,0,0,1,3,3
Whole Day 2 - Mon 27th Apr.mov,8090,2:14:50,15:44:50,242376,1,0,3,1,0,0,0,4,5
Whole Day 2 - Mon 27th Apr.mov,8100,2:15:00,15:45:00,242676,0,0,8,0,0,0,0,8,8
Whole Day 2 - Mon 27th Apr.mov,8110,2:15:10,15:45:10,242976,1,0,8,0,0,0,0,8,9
Whole Day 2 - Mon 27th Apr.mov,8120,2:15:20,15:45:20,243275,1,0,5,0,0,0,0,5,6
Whole Day 2 - Mon 27th Apr.mov,8130,2:15:30,15:45:30,243575,0,0,5,0,0,1,0,6,6
Whole Day 2 - Mon 27th Apr.mov,8140,2:15:40,15:45:40,243874,1,0,4,0,0,1,0,5,6
Whole Day 2 - Mon 27th Apr.mov,8150,2:15:50,15:45:50,244174,2,0,6,0,1,0,0,7,9
Whole Day 2 - Mon 27th Apr.mov,8160,2:16:00,15:46:00,244474,0,0,5,0,0,0,0,5,5
Whole Day 2 - Mon 27th Apr.mov,8170,2:16:10,15:46:10,244773,1,0,5,0,0,0,0,5,6
Whole Day 2 - Mon 27th Apr.mov,8180,2:16:20,15:46:20,245073,1,0,2,0,0,0,0,2,3
Whole Day 2 - Mon 27th Apr.mov,8190,2:16:30,15:46:30,245372,1,0,0,0,0,0,0,0,1
Whole Day 2 - Mon 27th Apr.mov,8200,2:16:40,15:46:40,245672,0,0,6,0,0,0,0,6,6
Whole Day 2 - Mon 27th Apr.mov,8210,2:16:50,15:46:50,245972,0,0,4,0,0,0,0,4,4
Whole Day 2 - Mon 27th Apr.mov,8220,2:17:00,15:47:00,246271,2,0,5,0,0,1,0,6,8
Whole Day 2 - Mon 27th Apr.mov,8230,2:17:10,15:47:10,246571,0,0,4,0,1,0,0,5,5
Whole Day 2 - Mon 27th Apr.mov,8240,2:17:20,15:47:20,246870,0,0,5,0,0,0,0,5,5
Whole Day 2 - Mon 27th Apr.mov,8250,2:17:30,15:47:30,247170,0,0,8,0,0,1,0,9,9
Whole Day 2 - Mon 27th Apr.mov,8260,2:17:40,15:47:40,247470,1,0,4,0,0,0,0,4,5
Whole Day 2 - Mon 27th Apr.mov,8270,2:17:50,15:47:50,247769,1,0,6,0,0,0,0,6,7
Whole Day 2 - Mon 27th Apr.mov,8280,2:18:00,15:48:00,248069,1,0,6,0,0,0,0,6,7
Whole Day 2 - Mon 27th Apr.mov,8290,2:18:10,15:48:10,248368,0,0,9,0,0,0,0,9,9
Whole Day 2 - Mon 27th Apr.mov,8300,2:18:20,15:48:20,248668,1,0,3,0,0,0,1,3,4
Whole Day 2 - Mon 27th Apr.mov,8310,2:18:30,15:48:30,248968,1,0,5,0,0,0,1,5,6
Whole Day 2 - Mon 27th Apr.mov,8320,2:18:40,15:48:40,249267,1,0,1,0,0,0,1,1,2
Whole Day 2 - Mon 27th Apr.mov,8330,2:18:50,15:48:50,249567,1,0,3,0,0,0,0,3,4
Whole Day 2 - Mon 27th Apr.mov,8340,2:19:00,15:49:00,249866,1,0,2,0,0,0,0,2,3
Whole Day 2 - Mon 27th Apr.mov,8350,2:19:10,15:49:10,250166,1,0,7,0,0,0,0,7,8
Whole Day 2 - Mon 27th Apr.mov,8360,2:19:20,15:49:20,250466,0,0,4,0,0,0,0,4,4
Whole Day 2 - Mon 27th Apr.mov,8370,2:19:30,15:49:30,250765,1,0,10,0,0,0,0,10,11
Whole Day 2 - Mon 27th Apr.mov,8380,2:19:40,15:49:40,251065,0,0,10,0,0,0,0,10,10
Whole Day 2 - Mon 27th Apr.mov,8390,2:19:50,15:49:50,251364,0,0,11,0,0,0,0,11,11
Whole Day 2 - Mon 27th Apr.mov,8400,2:20:00,15:50:00,251664,3,0,3,0,0,0,0,3,6
Whole Day 2 - Mon 27th Apr.mov,8410,2:20:10,15:50:10,251964,1,0,4,0,0,0,0,4,5
Whole Day 2 - Mon 27th Apr.mov,8420,2:20:20,15:50:20,252263,1,0,8,0,0,0,0,8,9
Whole Day 2 - Mon 27th Apr.mov,8430,2:20:30,15:50:30,252563,1,0,6,0,0,0,0,6,7
Whole Day 2 - Mon 27th Apr.mov,8440,2:20:40,15:50:40,252862,0,0,8,0,0,0,0,8,8
Whole Day 2 - Mon 27th Apr.mov,8450,2:20:50,15:50:50,253162,1,0,5,0,0,0,0,5,6
Whole Day 2 - Mon 27th Apr.mov,8460,2:21:00,15:51:00,253462,0,0,3,0,1,0,0,4,4
Whole Day 2 - Mon 27th Apr.mov,8470,2:21:10,15:51:10,253761,0,0,4,0,0,0,0,4,4
Whole Day 2 - Mon 27th Apr.mov,8480,2:21:20,15:51:20,254061,0,0,5,0,0,0,0,5,5
Whole Day 2 - Mon 27th Apr.mov,8490,2:21:30,15:51:30,254360,0,0,7,0,0,0,0,7,7
Whole Day 2 - Mon 27th Apr.mov,8500,2:21:40,15:51:40,254660,1,0,5,0,0,1,0,6,7
Whole Day 2 - Mon 27th Apr.mov,8510,2:21:50,15:51:50,254960,0,0,9,0,0,0,0,9,9
Whole Day 2 - Mon 27th Apr.mov,8520,2:22:00,15:52:00,255259,0,0,6,0,0,1,0,7,7
Whole Day 2 - Mon 27th Apr.mov,8530,2:22:10,15:52:10,255559,1,0,3,0,0,0,2,3,4
Whole Day 2 - Mon 27th Apr.mov,8540,2:22:20,15:52:20,255858,0,0,3,0,0,0,1,3,3
Whole Day 2 - Mon 27th Apr.mov,8550,2:22:30,15:52:30,256158,0,0,5,0,0,1,1,6,6
Whole Day 2 - Mon 27th Apr.mov,8560,2:22:40,15:52:40,256458,0,0,6,0,0,0,1,6,6
Whole Day 2 - Mon 27th Apr.mov,8570,2:22:50,15:52:50,256757,0,0,3,0,0,0,1,3,3
Whole Day 2 - Mon 27th Apr.mov,8580,2:23:00,15:53:00,257057,0,0,5,0,0,0,1,5,5
Whole Day 2 - Mon 27th Apr.mov,8590,2:23:10,15:53:10,257356,0,0,7,0,0,1,0,8,8
Whole Day 2 - Mon 27th Apr.mov,8600,2:23:20,15:53:20,257656,0,0,9,0,0,0,1,9,9
Whole Day 2 - Mon 27th Apr.mov,8610,2:23:30,15:53:30,257956,0,0,8,0,0,0,0,8,8
Whole Day 2 - Mon 27th Apr.mov,8620,2:23:40,15:53:40,258255,0,0,5,0,0,0,0,5,5
Whole Day 2 - Mon 27th Apr.mov,8630,2:23:50,15:53:50,258555,0,0,4,0,0,1,0,5,5
Whole Day 2 - Mon 27th Apr.mov,8640,2:24:00,15:54:00,258854,0,0,1,0,0,0,0,1,1
Whole Day 2 - Mon 27th Apr.mov,8650,2:24:10,15:54:10,259154,0,0,5,0,0,0,1,5,5
Whole Day 2 - Mon 27th Apr.mov,8660,2:24:20,15:54:20,259454,0,0,5,0,0,0,1,5,5
Whole Day 2 - Mon 27th Apr.mov,8670,2:24:30,15:54:30,259753,0,0,4,0,0,0,1,4,4
Whole Day 2 - Mon 27th Apr.mov,8680,2:24:40,15:54:40,260053,0,0,5,1,0,0,0,6,6
Whole Day 2 - Mon 27th Apr.mov,8690,2:24:50,15:54:50,260352,0,0,8,0,0,1,0,9,9
Whole Day 2 - Mon 27th Apr.mov,8700,2:25:00,15:55:00,260652,0,0,4,0,0,1,0,5,5
Whole Day 2 - Mon 27th Apr.mov,8710,2:25:10,15:55:10,260952,0,0,1,0,1,0,1,2,2
Whole Day 2 - Mon 27th Apr.mov,8720,2:25:20,15:55:20,261251,1,0,10,0,0,0,0,10,11
Whole Day 2 - Mon 27th Apr.mov,8730,2:25:30,15:55:30,261551,0,0,6,0,0,1,0,7,7
Whole Day 2 - Mon 27th Apr.mov,8740,2:25:40,15:55:40,261850,0,0,7,0,0,0,1,7,7
Whole Day 2 - Mon 27th Apr.mov,8750,2:25:50,15:55:50,262150,0,0,5,0,0,0,0,5,5
Whole Day 2 - Mon 27th Apr.mov,8760,2:26:00,15:56:00,262450,0,0,6,0,0,0,1,6,6
Whole Day 2 - Mon 27th Apr.mov,8770,2:26:10,15:56:10,262749,0,0,7,0,0,0,0,7,7
Whole Day 2 - Mon 27th Apr.mov,8780,2:26:20,15:56:20,263049,1,0,2,0,0,0,0,2,3
Whole Day 2 - Mon 27th Apr.mov,8790,2:26:30,15:56:30,263348,2,0,2,2,0,0,0,4,6
Whole Day 2 - Mon 27th Apr.mov,8800,2:26:40,15:56:40,263648,0,0,4,0,0,0,0,4,4
Whole Day 2 - Mon 27th Apr.mov,8810,2:26:50,15:56:50,263948,0,0,1,0,0,0,1,1,1
Whole Day 2 - Mon 27th Apr.mov,8820,2:27:00,15:57:00,264247,1,0,5,0,0,0,1,5,6
Whole Day 2 - Mon 27th Apr.mov,8830,2:27:10,15:57:10,264547,1,0,8,0,0,0,0,8,9
Whole Day 2 - Mon 27th Apr.mov,8840,2:27:20,15:57:20,264846,1,0,6,0,0,0,0,6,7
Whole Day 2 - Mon 27th Apr.mov,8850,2:27:30,15:57:30,265146,1,0,5,0,0,0,0,5,6
Whole Day 2 - Mon 27th Apr.mov,8860,2:27:40,15:57:40,265446,0,0,5,0,0,0,0,5,5
Whole Day 2 - Mon 27th Apr.mov,8870,2:27:50,15:57:50,265745,1,0,6,0,0,0,0,6,7
Whole Day 2 - Mon 27th Apr.mov,8880,2:28:00,15:58:00,266045,0,0,8,0,1,1,0,10,10
Whole Day 2 - Mon 27th Apr.mov,8890,2:28:10,15:58:10,266344,0,0,5,0,0,0,1,5,5
Whole Day 2 - Mon 27th Apr.mov,8900,2:28:20,15:58:20,266644,0,0,5,0,0,0,1,5,5
Whole Day 2 - Mon 27th Apr.mov,8910,2:28:30,15:58:30,266944,0,0,3,0,0,0,0,3,3
Whole Day 2 - Mon 27th Apr.mov,8920,2:28:40,15:58:40,267243,0,0,3,0,0,0,1,3,3
Whole Day 2 - Mon 27th Apr.mov,8930,2:28:50,15:58:50,267543,2,0,6,0,0,0,0,6,8
Whole Day 2 - Mon 27th Apr.mov,8940,2:29:00,15:59:00,267842,1,0,7,0,0,0,0,7,8
Whole Day 2 - Mon 27th Apr.mov,8950,2:29:10,15:59:10,268142,0,0,4,0,0,0,1,4,4
Whole Day 2 - Mon 27th Apr.mov,8960,2:29:20,15:59:20,268442,1,0,10,0,0,0,0,10,11
Whole Day 2 - Mon 27th Apr.mov,8970,2:29:30,15:59:30,268741,0,0,5,0,0,0,1,5,5
Whole Day 2 - Mon 27th Apr.mov,8980,2:29:40,15:59:40,269041,1,0,9,0,0,0,0,9,10
Whole Day 2 - Mon 27th Apr.mov,8990,2:29:50,15:59:50,269340,1,0,4,0,0,1,1,5,6
Whole Day 2 - Mon 27th Apr.mov,9000,2:30:00,16:00:00,269640,0,0,8,0,0,0,0,8,8
Whole Day 2 - Mon 27th Apr.mov,9010,2:30:10,16:00:10,269940,1,0,7,0,0,0,0,7,8
Whole Day 2 - Mon 27th Apr.mov,9020,2:30:20,16:00:20,270239,0,0,3,0,0,1,0,4,4
Whole Day 2 - Mon 27th Apr.mov,9030,2:30:30,16:00:30,270539,0,0,4,0,0,1,0,5,5
Whole Day 2 - Mon 27th Apr.mov,9040,2:30:40,16:00:40,270838,0,0,2,0,0,1,0,3,3
Whole Day 2 - Mon 27th Apr.mov,9050,2:30:50,16:00:50,271138,1,0,3,0,1,0,1,4,5
Whole Day 2 - Mon 27th Apr.mov,9060,2:31:00,16:01:00,271438,1,0,1,0,0,0,0,1,2
Whole Day 2 - Mon 27th Apr.mov,9070,2:31:10,16:01:10,271737,1,0,5,0,0,0,0,5,6
Whole Day 2 - Mon 27th Apr.mov,9080,2:31:20,16:01:20,272037,0,0,2,0,0,0,0,2,2
Whole Day 2 - Mon 27th Apr.mov,9090,2:31:30,16:01:30,272336,0,0,4,0,0,1,0,5,5
Whole Day 2 - Mon 27th Apr.mov,9100,2:31:40,16:01:40,272636,0,0,1,0,0,0,0,1,1
Whole Day 2 - Mon 27th Apr.mov,9110,2:31:50,16:01:50,272936,0,0,7,0,0,0,0,7,7
Whole Day 2 - Mon 27th Apr.mov,9120,2:32:00,16:02:00,273235,0,0,3,0,0,0,1,3,3
Whole Day 2 - Mon 27th Apr.mov,9130,2:32:10,16:02:10,273535,1,0,6,0,0,0,1,6,7
Whole Day 2 - Mon 27th Apr.mov,9140,2:32:20,16:02:20,273834,1,0,5,0,0,0,0,5,6
Whole Day 2 - Mon 27th Apr.mov,9150,2:32:30,16:02:30,274134,0,0,6,0,0,1,0,7,7
Whole Day 2 - Mon 27th Apr.mov,9160,2:32:40,16:02:40,274434,0,0,4,0,0,0,0,4,4
Whole Day 2 - Mon 27th Apr.mov,9170,2:32:50,16:02:50,274733,0,0,6,0,0,0,0,6,6
Whole Day 2 - Mon 27th Apr.mov,9180,2:33:00,16:03:00,275033,1,0,2,0,0,0,0,2,3
Whole Day 2 - Mon 27th Apr.mov,9190,2:33:10,16:03:10,275332,0,0,4,0,0,0,0,4,4
Whole Day 2 - Mon 27th Apr.mov,9200,2:33:20,16:03:20,275632,1,0,2,0,0,0,0,2,3
Whole Day 2 - Mon 27th Apr.mov,9210,2:33:30,16:03:30,275932,1,0,5,0,0,0,0,5,6
Whole Day 2 - Mon 27th Apr.mov,9220,2:33:40,16:03:40,276231,1,0,5,0,0,0,1,5,6
Whole Day 2 - Mon 27th Apr.mov,9230,2:33:50,16:03:50,276531,0,0,6,0,0,0,0,6,6
Whole Day 2 - Mon 27th Apr.mov,9240,2:34:00,16:04:00,276830,1,0,7,0,0,0,1,7,8
Whole Day 2 - Mon 27th Apr.mov,9250,2:34:10,16:04:10,277130,0,0,3,0,0,0,0,3,3
Whole Day 2 - Mon 27th Apr.mov,9260,2:34:20,16:04:20,277430,0,0,6,0,0,0,0,6,6
Whole Day 2 - Mon 27th Apr.mov,9270,2:34:30,16:04:30,277729,0,0,7,0,0,0,1,7,7
Whole Day 2 - Mon 27th Apr.mov,9280,2:34:40,16:04:40,278029,0,0,6,0,0,0,1,6,6
Whole Day 2 - Mon 27th Apr.mov,9290,2:34:50,16:04:50,278328,0,0,8,0,0,0,1,8,8
Whole Day 2 - Mon 27th Apr.mov,9300,2:35:00,16:05:00,278628,0,0,4,0,0,0,0,4,4
Whole Day 2 - Mon 27th Apr.mov,9310,2:35:10,16:05:10,278928,0,0,5,0,1,0,0,6,6
Whole Day 2 - Mon 27th Apr.mov,9320,2:35:20,16:05:20,279227,1,0,3,0,0,0,1,3,4
Whole Day 2 - Mon 27th Apr.mov,9330,2:35:30,16:05:30,279527,0,0,3,0,0,0,0,3,3
Whole Day 2 - Mon 27th Apr.mov,9340,2:35:40,16:05:40,279826,0,0,1,0,0,0,1,1,1
Whole Day 2 - Mon 27th Apr.mov,9350,2:35:50,16:05:50,280126,0,0,3,0,0,0,1,3,3
Whole Day 2 - Mon 27th Apr.mov,9360,2:36:00,16:06:00,280426,0,0,4,0,0,0,0,4,4
Whole Day 2 - Mon 27th Apr.mov,9370,2:36:10,16:06:10,280725,0,0,4,0,0,0,1,4,4
Whole Day 2 - Mon 27th Apr.mov,9380,2:36:20,16:06:20,281025,1,0,3,0,0,1,1,4,5
Whole Day 2 - Mon 27th Apr.mov,9390,2:36:30,16:06:30,281324,0,0,8,0,0,0,0,8,8
Whole Day 2 - Mon 27th Apr.mov,9400,2:36:40,16:06:40,281624,2,0,9,0,0,0,0,9,11
Whole Day 2 - Mon 27th Apr.mov,9410,2:36:50,16:06:50,281924,0,0,4,0,0,0,0,4,4
Whole Day 2 - Mon 27th Apr.mov,9420,2:37:00,16:07:00,282223,0,0,6,0,0,0,1,6,6
Whole Day 2 - Mon 27th Apr.mov,9430,2:37:10,16:07:10,282523,0,0,5,0,0,0,0,5,5
Whole Day 2 - Mon 27th Apr.mov,9440,2:37:20,16:07:20,282822,0,0,5,0,0,1,0,6,6
Whole Day 2 - Mon 27th Apr.mov,9450,2:37:30,16:07:30,283122,1,0,6,0,0,0,1,6,7
Whole Day 2 - Mon 27th Apr.mov,9460,2:37:40,16:07:40,283422,0,0,8,0,0,0,1,8,8
Whole Day 2 - Mon 27th Apr.mov,9470,2:37:50,16:07:50,283721,1,0,4,0,0,0,1,4,5
Whole Day 2 - Mon 27th Apr.mov,9480,2:38:00,16:08:00,284021,1,0,5,0,0,0,0,5,6
Whole Day 2 - Mon 27th Apr.mov,9490,2:38:10,16:08:10,284320,2,1,6,0,0,0,0,6,9
Whole Day 2 - Mon 27th Apr.mov,9500,2:38:20,16:08:20,284620,0,0,7,0,0,1,0,8,8
Whole Day 2 - Mon 27th Apr.mov,9510,2:38:30,16:08:30,284920,0,0,4,0,0,0,1,4,4
Whole Day 2 - Mon 27th Apr.mov,9520,2:38:40,16:08:40,285219,0,0,6,0,0,0,1,6,6
Whole Day 2 - Mon 27th Apr.mov,9530,2:38:50,16:08:50,285519,0,0,6,0,0,0,0,6,6
Whole Day 2 - Mon 27th Apr.mov,9540,2:39:00,16:09:00,285818,1,0,3,0,0,0,1,3,4
Whole Day 2 - Mon 27th Apr.mov,9550,2:39:10,16:09:10,286118,0,0,4,0,0,0,0,4,4
Whole Day 2 - Mon 27th Apr.mov,9560,2:39:20,16:09:20,286418,1,0,7,0,0,0,0,7,8
Whole Day 2 - Mon 27th Apr.mov,9570,2:39:30,16:09:30,286717,0,0,8,0,0,0,0,8,8
Whole Day 2 - Mon 27th Apr.mov,9580,2:39:40,16:09:40,287017,0,0,9,0,0,0,1,9,9
Whole Day 2 - Mon 27th Apr.mov,9590,2:39:50,16:09:50,287316,0,0,7,0,0,0,0,7,7
Whole Day 2 - Mon 27th Apr.mov,9600,2:40:00,16:10:00,287616,0,0,6,0,0,1,1,7,7
Whole Day 2 - Mon 27th Apr.mov,9610,2:40:10,16:10:10,287916,2,0,1,0,0,0,1,1,3
Whole Day 2 - Mon 27th Apr.mov,9620,2:40:20,16:10:20,288215,0,0,1,0,0,0,1,1,1
Whole Day 2 - Mon 27th Apr.mov,9630,2:40:30,16:10:30,288515,2,0,4,0,0,0,1,4,6
Whole Day 2 - Mon 27th Apr.mov,9640,2:40:40,16:10:40,288814,0,0,12,0,0,0,0,12,12
Whole Day 2 - Mon 27th Apr.mov,9650,2:40:50,16:10:50,289114,0,0,8,0,0,0,0,8,8
Whole Day 2 - Mon 27th Apr.mov,9660,2:41:00,16:11:00,289414,0,0,9,0,0,0,2,9,9
Whole Day 2 - Mon 27th Apr.mov,9670,2:41:10,16:11:10,289713,0,0,6,0,0,0,0,6,6
Whole Day 2 - Mon 27th Apr.mov,9680,2:41:20,16:11:20,290013,0,0,5,0,1,0,0,6,6
Whole Day 2 - Mon 27th Apr.mov,9690,2:41:30,16:11:30,290312,1,0,5,0,0,0,1,5,6
Whole Day 2 - Mon 27th Apr.mov,9700,2:41:40,16:11:40,290612,1,0,4,0,0,0,0,4,5
Whole Day 2 - Mon 27th Apr.mov,9710,2:41:50,16:11:50,290912,0,0,8,0,0,0,0,8,8
Whole Day 2 - Mon 27th Apr.mov,9720,2:42:00,16:12:00,291211,0,0,8,0,0,0,0,8,8
Whole Day 2 - Mon 27th Apr.mov,9730,2:42:10,16:12:10,291511,0,0,9,0,0,0,1,9,9
Whole Day 2 - Mon 27th Apr.mov,9740,2:42:20,16:12:20,291810,0,0,4,0,0,0,1,4,4
Whole Day 2 - Mon 27th Apr.mov,9750,2:42:30,16:12:30,292110,0,0,2,0,0,0,0,2,2
Whole Day 2 - Mon 27th Apr.mov,9760,2:42:40,16:12:40,292410,1,0,2,0,0,0,0,2,3
Whole Day 2 - Mon 27th Apr.mov,9770,2:42:50,16:12:50,292709,0,0,6,0,0,0,0,6,6
Whole Day 2 - Mon 27th Apr.mov,9780,2:43:00,16:13:00,293009,0,0,5,0,0,0,1,5,5
Whole Day 2 - Mon 27th Apr.mov,9790,2:43:10,16:13:10,293308,0,0,4,0,0,0,1,4,4
Whole Day 2 - Mon 27th Apr.mov,9800,2:43:20,16:13:20,293608,0,0,6,0,0,0,0,6,6
Whole Day 2 - Mon 27th Apr.mov,9810,2:43:30,16:13:30,293908,0,0,2,0,0,0,0,2,2
Whole Day 2 - Mon 27th Apr.mov,9820,2:43:40,16:13:40,294207,0,0,9,0,0,0,0,9,9
Whole Day 2 - Mon 27th Apr.mov,9830,2:43:50,16:13:50,294507,0,0,5,0,0,0,0,5,5
Whole Day 2 - Mon 27th Apr.mov,9840,2:44:00,16:14:00,294806,1,0,6,0,0,0,0,6,7
Whole Day 2 - Mon 27th Apr.mov,9850,2:44:10,16:14:10,295106,0,0,7,0,0,0,1,7,7
Whole Day 2 - Mon 27th Apr.mov,9860,2:44:20,16:14:20,295406,0,0,6,0,0,0,0,6,6
Whole Day 2 - Mon 27th Apr.mov,9870,2:44:30,16:14:30,295705,0,0,7,0,0,1,0,8,8
Whole Day 2 - Mon 27th Apr.mov,9880,2:44:40,16:14:40,296005,0,0,5,0,0,0,1,5,5
Whole Day 2 - Mon 27th Apr.mov,9890,2:44:50,16:14:50,296304,0,0,1,0,0,0,0,1,1
Whole Day 2 - Mon 27th Apr.mov,9900,2:45:00,16:15:00,296604,0,0,1,0,0,0,0,1,1
Whole Day 2 - Mon 27th Apr.mov,9910,2:45:10,16:15:10,296904,0,0,6,0,0,0,0,6,6
Whole Day 2 - Mon 27th Apr.mov,9920,2:45:20,16:15:20,297203,1,0,6,0,0,0,0,6,7
Whole Day 2 - Mon 27th Apr.mov,9930,2:45:30,16:15:30,297503,2,0,3,0,0,0,1,3,5
Whole Day 2 - Mon 27th Apr.mov,9940,2:45:40,16:15:40,297802,0,0,9,0,0,0,0,9,9
Whole Day 2 - Mon 27th Apr.mov,9950,2:45:50,16:15:50,298102,0,0,4,0,0,1,0,5,5
Whole Day 2 - Mon 27th Apr.mov,9960,2:46:00,16:16:00,298402,0,0,7,0,0,0,0,7,7
Whole Day 2 - Mon 27th Apr.mov,9970,2:46:10,16:16:10,298701,1,0,5,0,0,0,0,5,6
Whole Day 2 - Mon 27th Apr.mov,9980,2:46:20,16:16:20,299001,0,0,4,0,0,0,1,4,4
Whole Day 2 - Mon 27th Apr.mov,9990,2:46:30,16:16:30,299300,0,0,6,0,0,0,0,6,6
Whole Day 2 - Mon 27th Apr.mov,10000,2:46:40,16:16:40,299600,0,0,14,0,0,0,0,14,14
Whole Day 2 - Mon 27th Apr.mov,10010,2:46:50,16:16:50,299900,1,0,10,0,0,0,0,10,11
Whole Day 2 - Mon 27th Apr.mov,10020,2:47:00,16:17:00,300199,0,0,8,0,0,0,0,8,8
Whole Day 2 - Mon 27th Apr.mov,10030,2:47:10,16:17:10,300499,3,0,2,0,0,0,0,2,5
Whole Day 2 - Mon 27th Apr.mov,10040,2:47:20,16:17:20,300798,0,0,3,0,0,0,1,3,3
Whole Day 2 - Mon 27th Apr.mov,10050,2:47:30,16:17:30,301098,3,0,4,0,0,0,0,4,7
Whole Day 2 - Mon 27th Apr.mov,10060,2:47:40,16:17:40,301398,0,0,7,0,0,0,1,7,7
Whole Day 2 - Mon 27th Apr.mov,10070,2:47:50,16:17:50,301697,0,0,6,0,0,0,1,6,6
Whole Day 2 - Mon 27th Apr.mov,10080,2:48:00,16:18:00,301997,0,0,8,0,0,0,1,8,8
Whole Day 2 - Mon 27th Apr.mov,10090,2:48:10,16:18:10,302296,0,0,10,0,0,1,1,11,11
Whole Day 2 - Mon 27th Apr.mov,10100,2:48:20,16:18:20,302596,0,0,9,0,0,0,0,9,9
Whole Day 2 - Mon 27th Apr.mov,10110,2:48:30,16:18:30,302896,1,0,6,0,1,0,1,7,8
Whole Day 2 - Mon 27th Apr.mov,10120,2:48:40,16:18:40,303195,1,0,7,0,0,0,0,7,8
Whole Day 2 - Mon 27th Apr.mov,10130,2:48:50,16:18:50,303495,0,0,8,0,0,0,0,8,8
Whole Day 2 - Mon 27th Apr.mov,10140,2:49:00,16:19:00,303794,1,0,6,0,0,0,1,6,7
Whole Day 2 - Mon 27th Apr.mov,10150,2:49:10,16:19:10,304094,0,0,10,0,1,0,0,11,11
Whole Day 2 - Mon 27th Apr.mov,10160,2:49:20,16:19:20,304394,0,0,7,0,0,0,0,7,7
Whole Day 2 - Mon 27th Apr.mov,10170,2:49:30,16:19:30,304693,0,0,5,0,0,0,0,5,5
Whole Day 2 - Mon 27th Apr.mov,10180,2:49:40,16:19:40,304993,1,0,2,0,0,0,0,2,3
Whole Day 2 - Mon 27th Apr.mov,10190,2:49:50,16:19:50,305292,2,0,4,3,0,0,1,7,9
Whole Day 2 - Mon 27th Apr.mov,10200,2:50:00,16:20:00,305592,0,0,4,0,0,0,1,4,4
Whole Day 2 - Mon 27th Apr.mov,10210,2:50:10,16:20:10,305892,0,0,5,0,0,0,1,5,5
Whole Day 2 - Mon 27th Apr.mov,10220,2:50:20,16:20:20,306191,1,0,9,0,0,0,0,9,10
Whole Day 3 - Tues 28th Apr.mov,0,0:00:00,13:30:00,0,0,0,11,0,0,0,0,11,11
Whole Day 3 - Tues 28th Apr.mov,10,0:00:10,13:30:10,299,0,0,8,0,0,1,2,9,9
Whole Day 3 - Tues 28th Apr.mov,20,0:00:20,13:30:20,599,1,0,4,0,0,0,2,4,5
Whole Day 3 - Tues 28th Apr.mov,30,0:00:30,13:30:30,899,2,0,2,0,0,0,2,2,4
Whole Day 3 - Tues 28th Apr.mov,40,0:00:40,13:30:40,1199,1,0,1,0,0,0,2,1,2
Whole Day 3 - Tues 28th Apr.mov,50,0:00:50,13:30:50,1499,0,0,4,0,0,0,2,4,4
Whole Day 3 - Tues 28th Apr.mov,60,0:01:00,13:31:00,1798,1,0,5,1,0,0,2,6,7
Whole Day 3 - Tues 28th Apr.mov,70,0:01:10,13:31:10,2098,0,0,4,0,0,0,2,4,4
Whole Day 3 - Tues 28th Apr.mov,80,0:01:20,13:31:20,2398,0,0,8,0,0,0,2,8,8
Whole Day 3 - Tues 28th Apr.mov,90,0:01:30,13:31:30,2698,1,0,5,0,2,0,1,7,8
Whole Day 3 - Tues 28th Apr.mov,100,0:01:40,13:31:40,2998,1,0,6,0,0,0,2,6,7
Whole Day 3 - Tues 28th Apr.mov,110,0:01:50,13:31:50,3297,0,0,3,0,0,0,2,3,3
Whole Day 3 - Tues 28th Apr.mov,120,0:02:00,13:32:00,3597,0,0,2,0,0,1,0,3,3
Whole Day 3 - Tues 28th Apr.mov,130,0:02:10,13:32:10,3897,1,0,2,0,0,0,2,2,3
Whole Day 3 - Tues 28th Apr.mov,140,0:02:20,13:32:20,4197,0,0,4,0,0,0,2,4,4
Whole Day 3 - Tues 28th Apr.mov,150,0:02:30,13:32:30,4497,1,0,5,0,0,0,2,5,6
Whole Day 3 - Tues 28th Apr.mov,160,0:02:40,13:32:40,4796,1,0,5,0,0,0,2,5,6
Whole Day 3 - Tues 28th Apr.mov,170,0:02:50,13:32:50,5096,1,0,3,0,0,0,2,3,4
Whole Day 3 - Tues 28th Apr.mov,180,0:03:00,13:33:00,5396,0,0,8,0,0,0,2,8,8
Whole Day 3 - Tues 28th Apr.mov,190,0:03:10,13:33:10,5696,0,0,5,0,0,0,2,5,5
Whole Day 3 - Tues 28th Apr.mov,200,0:03:20,13:33:20,5996,0,0,2,0,0,0,2,2,2
Whole Day 3 - Tues 28th Apr.mov,210,0:03:30,13:33:30,6295,0,0,3,0,0,0,2,3,3
Whole Day 3 - Tues 28th Apr.mov,220,0:03:40,13:33:40,6595,0,0,3,0,0,0,2,3,3
Whole Day 3 - Tues 28th Apr.mov,230,0:03:50,13:33:50,6895,0,0,4,0,0,0,2,4,4
Whole Day 3 - Tues 28th Apr.mov,240,0:04:00,13:34:00,7195,0,0,6,0,0,0,2,6,6
Whole Day 3 - Tues 28th Apr.mov,250,0:04:10,13:34:10,7495,0,0,6,0,0,0,2,6,6
Whole Day 3 - Tues 28th Apr.mov,260,0:04:20,13:34:20,7794,1,0,6,0,0,0,2,6,7
Whole Day 3 - Tues 28th Apr.mov,270,0:04:30,13:34:30,8094,0,0,8,0,0,0,2,8,8
Whole Day 3 - Tues 28th Apr.mov,280,0:04:40,13:34:40,8394,0,0,7,0,0,0,1,7,7
Whole Day 3 - Tues 28th Apr.mov,290,0:04:50,13:34:50,8694,1,0,7,0,0,0,2,7,8
Whole Day 3 - Tues 28th Apr.mov,300,0:05:00,13:35:00,8994,0,0,7,0,0,0,2,7,7
Whole Day 3 - Tues 28th Apr.mov,310,0:05:10,13:35:10,9293,0,0,9,0,0,0,2,9,9
Whole Day 3 - Tues 28th Apr.mov,320,0:05:20,13:35:20,9593,0,0,10,0,0,0,2,10,10
Whole Day 3 - Tues 28th Apr.mov,330,0:05:30,13:35:30,9893,0,0,2,0,0,0,2,2,2
Whole Day 3 - Tues 28th Apr.mov,340,0:05:40,13:35:40,10193,0,0,4,0,0,0,2,4,4
Whole Day 3 - Tues 28th Apr.mov,350,0:05:50,13:35:50,10493,2,0,8,2,0,0,2,10,12
Whole Day 3 - Tues 28th Apr.mov,360,0:06:00,13:36:00,10792,0,0,11,0,0,1,2,12,12
Whole Day 3 - Tues 28th Apr.mov,370,0:06:10,13:36:10,11092,0,0,10,0,0,0,2,10,10
Whole Day 3 - Tues 28th Apr.mov,380,0:06:20,13:36:20,11392,0,0,11,0,0,0,2,11,11
Whole Day 3 - Tues 28th Apr.mov,390,0:06:30,13:36:30,11692,0,0,13,0,0,0,2,13,13
Whole Day 3 - Tues 28th Apr.mov,400,0:06:40,13:36:40,11992,0,0,3,0,0,0,2,3,3
Whole Day 3 - Tues 28th Apr.mov,410,0:06:50,13:36:50,12291,0,0,3,0,0,1,1,4,4
Whole Day 3 - Tues 28th Apr.mov,420,0:07:00,13:37:00,12591,0,0,4,0,0,0,2,4,4
Whole Day 3 - Tues 28th Apr.mov,430,0:07:10,13:37:10,12891,0,0,3,0,1,0,2,4,4
Whole Day 3 - Tues 28th Apr.mov,440,0:07:20,13:37:20,13191,1,0,2,0,2,0,2,4,5
Whole Day 3 - Tues 28th Apr.mov,450,0:07:30,13:37:30,13491,0,0,3,0,1,0,2,4,4
Whole Day 3 - Tues 28th Apr.mov,460,0:07:40,13:37:40,13790,1,0,9,0,0,0,0,9,10
Whole Day 3 - Tues 28th Apr.mov,470,0:07:50,13:37:50,14090,0,0,3,0,1,0,1,4,4
Whole Day 3 - Tues 28th Apr.mov,480,0:08:00,13:38:00,14390,0,0,3,0,0,0,2,3,3
Whole Day 3 - Tues 28th Apr.mov,490,0:08:10,13:38:10,14690,1,0,4,0,0,0,0,4,5
Whole Day 3 - Tues 28th Apr.mov,500,0:08:20,13:38:20,14990,0,0,5,0,0,0,2,5,5
Whole Day 3 - Tues 28th Apr.mov,510,0:08:30,13:38:30,15289,0,0,6,0,0,0,1,6,6
Whole Day 3 - Tues 28th Apr.mov,520,0:08:40,13:38:40,15589,0,0,6,0,0,0,1,6,6
Whole Day 3 - Tues 28th Apr.mov,530,0:08:50,13:38:50,15889,0,0,7,0,0,0,1,7,7
Whole Day 3 - Tues 28th Apr.mov,540,0:09:00,13:39:00,16189,0,0,8,0,1,0,0,9,9
Whole Day 3 - Tues 28th Apr.mov,550,0:09:10,13:39:10,16489,0,0,15,0,1,0,0,16,16
Whole Day 3 - Tues 28th Apr.mov,560,0:09:20,13:39:20,16788,0,0,8,0,0,0,2,8,8
Whole Day 3 - Tues 28th Apr.mov,570,0:09:30,13:39:30,17088,0,0,8,0,0,0,0,8,8
Whole Day 3 - Tues 28th Apr.mov,580,0:09:40,13:39:40,17388,0,0,2,0,0,0,1,2,2
Whole Day 3 - Tues 28th Apr.mov,590,0:09:50,13:39:50,17688,0,0,1,0,0,0,1,1,1
Whole Day 3 - Tues 28th Apr.mov,600,0:10:00,13:40:00,17988,1,0,7,0,0,0,2,7,8
Whole Day 3 - Tues 28th Apr.mov,610,0:10:10,13:40:10,18287,1,0,6,0,0,0,1,6,7
Whole Day 3 - Tues 28th Apr.mov,620,0:10:20,13:40:20,18587,1,0,5,0,0,0,1,5,6
Whole Day 3 - Tues 28th Apr.mov,630,0:10:30,13:40:30,18887,1,0,9,0,0,0,1,9,10
Whole Day 3 - Tues 28th Apr.mov,640,0:10:40,13:40:40,19187,1,0,8,0,0,0,0,8,9
Whole Day 3 - Tues 28th Apr.mov,650,0:10:50,13:40:50,19487,0,0,8,0,0,0,1,8,8
Whole Day 3 - Tues 28th Apr.mov,660,0:11:00,13:41:00,19786,0,0,5,0,0,0,0,5,5
Whole Day 3 - Tues 28th Apr.mov,670,0:11:10,13:41:10,20086,0,0,2,0,0,0,1,2,2
Whole Day 3 - Tues 28th Apr.mov,680,0:11:20,13:41:20,20386,1,1,4,0,0,0,1,4,6
Whole Day 3 - Tues 28th Apr.mov,690,0:11:30,13:41:30,20686,0,0,7,0,0,0,0,7,7
Whole Day 3 - Tues 28th Apr.mov,700,0:11:40,13:41:40,20986,0,0,2,0,0,0,1,2,2
Whole Day 3 - Tues 28th Apr.mov,710,0:11:50,13:41:50,21285,0,0,2,0,0,0,1,2,2
Whole Day 3 - Tues 28th Apr.mov,720,0:12:00,13:42:00,21585,0,0,4,0,0,0,1,4,4
Whole Day 3 - Tues 28th Apr.mov,730,0:12:10,13:42:10,21885,0,0,4,1,0,0,2,5,5
Whole Day 3 - Tues 28th Apr.mov,740,0:12:20,13:42:20,22185,0,0,7,0,0,0,1,7,7
Whole Day 3 - Tues 28th Apr.mov,750,0:12:30,13:42:30,22485,0,0,3,0,1,1,1,5,5
Whole Day 3 - Tues 28th Apr.mov,760,0:12:40,13:42:40,22784,0,0,5,0,0,0,2,5,5
Whole Day 3 - Tues 28th Apr.mov,770,0:12:50,13:42:50,23084,0,0,6,0,0,0,1,6,6
Whole Day 3 - Tues 28th Apr.mov,780,0:13:00,13:43:00,23384,0,0,2,0,0,0,2,2,2
Whole Day 3 - Tues 28th Apr.mov,790,0:13:10,13:43:10,23684,0,0,2,0,0,0,1,2,2
Whole Day 3 - Tues 28th Apr.mov,800,0:13:20,13:43:20,23984,0,0,8,0,0,1,1,9,9
Whole Day 3 - Tues 28th Apr.mov,810,0:13:30,13:43:30,24283,0,0,13,0,0,0,1,13,13
Whole Day 3 - Tues 28th Apr.mov,820,0:13:40,13:43:40,24583,1,0,9,0,0,0,0,9,10
Whole Day 3 - Tues 28th Apr.mov,830,0:13:50,13:43:50,24883,0,0,5,0,0,0,2,5,5
Whole Day 3 - Tues 28th Apr.mov,840,0:14:00,13:44:00,25183,1,0,0,0,0,0,1,0,1
Whole Day 3 - Tues 28th Apr.mov,850,0:14:10,13:44:10,25483,0,0,2,0,0,0,1,2,2
Whole Day 3 - Tues 28th Apr.mov,860,0:14:20,13:44:20,25782,0,0,4,0,1,2,1,7,7
Whole Day 3 - Tues 28th Apr.mov,870,0:14:30,13:44:30,26082,0,0,8,0,0,0,1,8,8
Whole Day 3 - Tues 28th Apr.mov,880,0:14:40,13:44:40,26382,0,0,7,0,0,0,1,7,7
Whole Day 3 - Tues 28th Apr.mov,890,0:14:50,13:44:50,26682,0,0,9,0,0,0,0,9,9
Whole Day 3 - Tues 28th Apr.mov,900,0:15:00,13:45:00,26982,0,0,12,0,0,0,1,12,12
Whole Day 3 - Tues 28th Apr.mov,910,0:15:10,13:45:10,27281,0,0,2,0,0,0,1,2,2
Whole Day 3 - Tues 28th Apr.mov,920,0:15:20,13:45:20,27581,0,0,3,0,0,0,1,3,3
Whole Day 3 - Tues 28th Apr.mov,930,0:15:30,13:45:30,27881,0,0,1,0,0,0,1,1,1
Whole Day 3 - Tues 28th Apr.mov,940,0:15:40,13:45:40,28181,0,0,7,0,0,0,1,7,7
Whole Day 3 - Tues 28th Apr.mov,950,0:15:50,13:45:50,28481,0,0,3,0,0,0,2,3,3
Whole Day 3 - Tues 28th Apr.mov,960,0:16:00,13:46:00,28780,1,0,2,0,0,0,0,2,3
Whole Day 3 - Tues 28th Apr.mov,970,0:16:10,13:46:10,29080,0,0,2,0,0,0,2,2,2
Whole Day 3 - Tues 28th Apr.mov,980,0:16:20,13:46:20,29380,0,0,4,0,0,0,2,4,4
Whole Day 3 - Tues 28th Apr.mov,990,0:16:30,13:46:30,29680,0,0,1,0,0,0,1,1,1
Whole Day 3 - Tues 28th Apr.mov,1000,0:16:40,13:46:40,29980,0,0,6,0,1,1,1,8,8
Whole Day 3 - Tues 28th Apr.mov,1010,0:16:50,13:46:50,30279,0,0,5,1,0,0,2,6,6
Whole Day 3 - Tues 28th Apr.mov,1020,0:17:00,13:47:00,30579,0,0,1,0,0,0,1,1,1
Whole Day 3 - Tues 28th Apr.mov,1030,0:17:10,13:47:10,30879,0,0,4,0,0,0,1,4,4
Whole Day 3 - Tues 28th Apr.mov,1040,0:17:20,13:47:20,31179,0,0,4,0,0,0,1,4,4
Whole Day 3 - Tues 28th Apr.mov,1050,0:17:30,13:47:30,31479,0,0,3,0,0,0,2,3,3
Whole Day 3 - Tues 28th Apr.mov,1060,0:17:40,13:47:40,31778,0,0,8,0,0,0,1,8,8
Whole Day 3 - Tues 28th Apr.mov,1070,0:17:50,13:47:50,32078,1,0,8,0,0,0,2,8,9
Whole Day 3 - Tues 28th Apr.mov,1080,0:18:00,13:48:00,32378,0,0,8,0,0,0,2,8,8
Whole Day 3 - Tues 28th Apr.mov,1090,0:18:10,13:48:10,32678,1,0,6,0,0,0,2,6,7
Whole Day 3 - Tues 28th Apr.mov,1100,0:18:20,13:48:20,32978,0,0,9,0,0,0,0,9,9
Whole Day 3 - Tues 28th Apr.mov,1110,0:18:30,13:48:30,33277,0,0,3,0,0,0,2,3,3
Whole Day 3 - Tues 28th Apr.mov,1120,0:18:40,13:48:40,33577,0,0,8,0,0,0,2,8,8
Whole Day 3 - Tues 28th Apr.mov,1130,0:18:50,13:48:50,33877,0,0,3,0,0,1,0,4,4
Whole Day 3 - Tues 28th Apr.mov,1140,0:19:00,13:49:00,34177,4,0,3,0,0,0,2,3,7
Whole Day 3 - Tues 28th Apr.mov,1150,0:19:10,13:49:10,34477,2,0,3,0,0,0,2,3,5
Whole Day 3 - Tues 28th Apr.mov,1160,0:19:20,13:49:20,34776,0,0,4,0,0,0,2,4,4
Whole Day 3 - Tues 28th Apr.mov,1170,0:19:30,13:49:30,35076,0,0,6,0,0,0,2,6,6
Whole Day 3 - Tues 28th Apr.mov,1180,0:19:40,13:49:40,35376,0,0,4,0,1,1,1,6,6
Whole Day 3 - Tues 28th Apr.mov,1190,0:19:50,13:49:50,35676,0,0,2,0,0,0,2,2,2
Whole Day 3 - Tues 28th Apr.mov,1200,0:20:00,13:50:00,35976,0,0,5,0,0,0,2,5,5
Whole Day 3 - Tues 28th Apr.mov,1210,0:20:10,13:50:10,36275,1,0,6,0,0,0,2,6,7
Whole Day 3 - Tues 28th Apr.mov,1220,0:20:20,13:50:20,36575,0,0,6,0,0,0,2,6,6
Whole Day 3 - Tues 28th Apr.mov,1230,0:20:30,13:50:30,36875,1,0,12,0,0,0,2,12,13
Whole Day 3 - Tues 28th Apr.mov,1240,0:20:40,13:50:40,37175,0,0,8,0,0,0,2,8,8
Whole Day 3 - Tues 28th Apr.mov,1250,0:20:50,13:50:50,37475,0,0,7,0,0,0,2,7,7
Whole Day 3 - Tues 28th Apr.mov,1260,0:21:00,13:51:00,37774,0,0,2,0,0,0,2,2,2
Whole Day 3 - Tues 28th Apr.mov,1270,0:21:10,13:51:10,38074,0,0,6,0,0,0,2,6,6
Whole Day 3 - Tues 28th Apr.mov,1280,0:21:20,13:51:20,38374,0,0,3,0,0,0,2,3,3
Whole Day 3 - Tues 28th Apr.mov,1290,0:21:30,13:51:30,38674,0,0,3,0,0,0,2,3,3
Whole Day 3 - Tues 28th Apr.mov,1300,0:21:40,13:51:40,38974,0,0,5,0,0,0,2,5,5
Whole Day 3 - Tues 28th Apr.mov,1310,0:21:50,13:51:50,39273,0,0,8,0,0,0,2,8,8
Whole Day 3 - Tues 28th Apr.mov,1320,0:22:00,13:52:00,39573,0,0,12,0,0,0,2,12,12
Whole Day 3 - Tues 28th Apr.mov,1330,0:22:10,13:52:10,39873,0,0,5,0,0,0,2,5,5
Whole Day 3 - Tues 28th Apr.mov,1340,0:22:20,13:52:20,40173,1,0,3,0,0,1,0,4,5
Whole Day 3 - Tues 28th Apr.mov,1350,0:22:30,13:52:30,40473,0,0,2,0,1,0,2,3,3
Whole Day 3 - Tues 28th Apr.mov,1360,0:22:40,13:52:40,40772,2,0,3,0,0,0,1,3,5
Whole Day 3 - Tues 28th Apr.mov,1370,0:22:50,13:52:50,41072,1,0,3,0,0,0,2,3,4
Whole Day 3 - Tues 28th Apr.mov,1380,0:23:00,13:53:00,41372,0,0,7,0,0,0,2,7,7
Whole Day 3 - Tues 28th Apr.mov,1390,0:23:10,13:53:10,41672,0,0,5,0,0,0,1,5,5
Whole Day 3 - Tues 28th Apr.mov,1400,0:23:20,13:53:20,41972,1,0,4,0,1,1,1,6,7
Whole Day 3 - Tues 28th Apr.mov,1410,0:23:30,13:53:30,42271,0,0,2,0,0,0,1,2,2
Whole Day 3 - Tues 28th Apr.mov,1420,0:23:40,13:53:40,42571,1,0,4,0,0,0,1,4,5
Whole Day 3 - Tues 28th Apr.mov,1430,0:23:50,13:53:50,42871,0,0,6,0,0,0,1,6,6
Whole Day 3 - Tues 28th Apr.mov,1440,0:24:00,13:54:00,43171,0,0,6,0,0,0,1,6,6
Whole Day 3 - Tues 28th Apr.mov,1450,0:24:10,13:54:10,43471,2,0,5,0,0,0,1,5,7
Whole Day 3 - Tues 28th Apr.mov,1460,0:24:20,13:54:20,43770,0,0,4,0,0,0,1,4,4
Whole Day 3 - Tues 28th Apr.mov,1470,0:24:30,13:54:30,44070,0,0,6,0,0,1,1,7,7
Whole Day 3 - Tues 28th Apr.mov,1480,0:24:40,13:54:40,44370,0,0,7,0,0,0,1,7,7
Whole Day 3 - Tues 28th Apr.mov,1490,0:24:50,13:54:50,44670,0,0,3,0,0,0,1,3,3
Whole Day 3 - Tues 28th Apr.mov,1500,0:25:00,13:55:00,44970,0,0,5,0,0,0,2,5,5
Whole Day 3 - Tues 28th Apr.mov,1510,0:25:10,13:55:10,45269,0,0,3,0,0,0,1,3,3
Whole Day 3 - Tues 28th Apr.mov,1520,0:25:20,13:55:20,45569,0,0,2,0,0,1,1,3,3
Whole Day 3 - Tues 28th Apr.mov,1530,0:25:30,13:55:30,45869,0,0,4,0,0,0,2,4,4
Whole Day 3 - Tues 28th Apr.mov,1540,0:25:40,13:55:40,46169,0,0,6,0,0,0,1,6,6
Whole Day 3 - Tues 28th Apr.mov,1550,0:25:50,13:55:50,46469,0,0,9,0,0,0,2,9,9
Whole Day 3 - Tues 28th Apr.mov,1560,0:26:00,13:56:00,46768,0,0,4,0,0,0,2,4,4
Whole Day 3 - Tues 28th Apr.mov,1570,0:26:10,13:56:10,47068,0,0,7,0,0,0,2,7,7
Whole Day 3 - Tues 28th Apr.mov,1580,0:26:20,13:56:20,47368,0,0,11,0,0,0,2,11,11
Whole Day 3 - Tues 28th Apr.mov,1590,0:26:30,13:56:30,47668,0,0,6,0,0,0,0,6,6
Whole Day 3 - Tues 28th Apr.mov,1600,0:26:40,13:56:40,47968,0,0,2,0,0,0,1,2,2
Whole Day 3 - Tues 28th Apr.mov,1610,0:26:50,13:56:50,48267,0,0,3,0,0,0,1,3,3
Whole Day 3 - Tues 28th Apr.mov,1620,0:27:00,13:57:00,48567,3,0,4,0,1,0,1,5,8
Whole Day 3 - Tues 28th Apr.mov,1630,0:27:10,13:57:10,48867,3,0,3,0,1,0,1,4,7
Whole Day 3 - Tues 28th Apr.mov,1640,0:27:20,13:57:20,49167,0,0,5,0,1,0,1,6,6
Whole Day 3 - Tues 28th Apr.mov,1650,0:27:30,13:57:30,49467,0,0,5,0,0,0,1,5,5
Whole Day 3 - Tues 28th Apr.mov,1660,0:27:40,13:57:40,49766,0,0,8,0,0,1,0,9,9
Whole Day 3 - Tues 28th Apr.mov,1670,0:27:50,13:57:50,50066,0,0,10,0,0,0,0,10,10
Whole Day 3 - Tues 28th Apr.mov,1680,0:28:00,13:58:00,50366,0,0,4,0,0,0,1,4,4
Whole Day 3 - Tues 28th Apr.mov,1690,0:28:10,13:58:10,50666,0,0,2,0,0,0,1,2,2
Whole Day 3 - Tues 28th Apr.mov,1700,0:28:20,13:58:20,50966,1,0,2,0,0,0,1,2,3
Whole Day 3 - Tues 28th Apr.mov,1710,0:28:30,13:58:30,51265,0,0,5,0,0,1,1,6,6
Whole Day 3 - Tues 28th Apr.mov,1720,0:28:40,13:58:40,51565,0,0,9,0,0,1,2,10,10
Whole Day 3 - Tues 28th Apr.mov,1730,0:28:50,13:58:50,51865,1,0,7,0,0,0,1,7,8
Whole Day 3 - Tues 28th Apr.mov,1740,0:29:00,13:59:00,52165,0,0,5,0,0,1,1,6,6
Whole Day 3 - Tues 28th Apr.mov,1750,0:29:10,13:59:10,52465,3,0,7,0,0,0,1,7,10
Whole Day 3 - Tues 28th Apr.mov,1760,0:29:20,13:59:20,52764,0,0,7,0,0,0,1,7,7
Whole Day 3 - Tues 28th Apr.mov,1770,0:29:30,13:59:30,53064,0,0,10,0,0,0,1,10,10
Whole Day 3 - Tues 28th Apr.mov,1780,0:29:40,13:59:40,53364,0,0,2,0,1,0,1,3,3
Whole Day 3 - Tues 28th Apr.mov,1790,0:29:50,13:59:50,53664,0,0,2,0,0,0,2,2,2
Whole Day 3 - Tues 28th Apr.mov,1800,0:30:00,14:00:00,53964,1,0,3,0,0,0,2,3,4
Whole Day 3 - Tues 28th Apr.mov,1810,0:30:10,14:00:10,54263,2,0,3,0,0,0,2,3,5
Whole Day 3 - Tues 28th Apr.mov,1820,0:30:20,14:00:20,54563,6,0,4,1,0,0,2,5,11
Whole Day 3 - Tues 28th Apr.mov,1830,0:30:30,14:00:30,54863,1,0,4,0,0,0,2,4,5
Whole Day 3 - Tues 28th Apr.mov,1840,0:30:40,14:00:40,55163,1,0,6,0,0,0,1,6,7
Whole Day 3 - Tues 28th Apr.mov,1850,0:30:50,14:00:50,55463,1,0,11,1,0,0,2,12,13
Whole Day 3 - Tues 28th Apr.mov,1860,0:31:00,14:01:00,55762,2,1,8,0,0,0,0,8,11
Whole Day 3 - Tues 28th Apr.mov,1870,0:31:10,14:01:10,56062,2,0,4,0,0,0,1,4,6
Whole Day 3 - Tues 28th Apr.mov,1880,0:31:20,14:01:20,56362,2,0,1,0,2,0,1,3,5
Whole Day 3 - Tues 28th Apr.mov,1890,0:31:30,14:01:30,56662,0,0,3,0,0,0,3,3,3
Whole Day 3 - Tues 28th Apr.mov,1900,0:31:40,14:01:40,56962,2,0,3,0,0,0,2,3,5
Whole Day 3 - Tues 28th Apr.mov,1910,0:31:50,14:01:50,57261,3,0,5,0,0,0,2,5,8
Whole Day 3 - Tues 28th Apr.mov,1920,0:32:00,14:02:00,57561,2,0,5,0,0,0,1,5,7
Whole Day 3 - Tues 28th Apr.mov,1930,0:32:10,14:02:10,57861,1,0,5,0,0,0,1,5,6
Whole Day 3 - Tues 28th Apr.mov,1940,0:32:20,14:02:20,58161,0,0,11,0,0,0,1,11,11
Whole Day 3 - Tues 28th Apr.mov,1950,0:32:30,14:02:30,58461,0,0,8,0,0,0,1,8,8
Whole Day 3 - Tues 28th Apr.mov,1960,0:32:40,14:02:40,58760,0,0,4,0,1,0,1,5,5
Whole Day 3 - Tues 28th Apr.mov,1970,0:32:50,14:02:50,59060,1,0,4,0,0,0,1,4,5
Whole Day 3 - Tues 28th Apr.mov,1980,0:33:00,14:03:00,59360,0,0,4,0,0,0,1,4,4
Whole Day 3 - Tues 28th Apr.mov,1990,0:33:10,14:03:10,59660,1,0,2,0,0,0,1,2,3
Whole Day 3 - Tues 28th Apr.mov,2000,0:33:20,14:03:20,59960,0,0,4,0,0,0,1,4,4
Whole Day 3 - Tues 28th Apr.mov,2010,0:33:30,14:03:30,60259,0,0,4,0,0,1,2,5,5
Whole Day 3 - Tues 28th Apr.mov,2020,0:33:40,14:03:40,60559,0,0,11,0,0,1,1,12,12
Whole Day 3 - Tues 28th Apr.mov,2030,0:33:50,14:03:50,60859,0,0,11,0,0,0,1,11,11
Whole Day 3 - Tues 28th Apr.mov,2040,0:34:00,14:04:00,61159,0,0,18,0,0,0,2,18,18
Whole Day 3 - Tues 28th Apr.mov,2050,0:34:10,14:04:10,61459,0,0,6,0,1,0,0,7,7
Whole Day 3 - Tues 28th Apr.mov,2060,0:34:20,14:04:20,61758,0,0,8,0,0,2,1,10,10
Whole Day 3 - Tues 28th Apr.mov,2070,0:34:30,14:04:30,62058,0,0,7,0,0,0,2,7,7
Whole Day 3 - Tues 28th Apr.mov,2080,0:34:40,14:04:40,62358,0,0,6,0,0,0,0,6,6
Whole Day 3 - Tues 28th Apr.mov,2090,0:34:50,14:04:50,62658,2,0,2,0,1,0,0,3,5
Whole Day 3 - Tues 28th Apr.mov,2100,0:35:00,14:05:00,62958,0,0,4,0,0,0,2,4,4
Whole Day 3 - Tues 28th Apr.mov,2110,0:35:10,14:05:10,63257,0,0,3,0,0,0,2,3,3
Whole Day 3 - Tues 28th Apr.mov,2120,0:35:20,14:05:20,63557,0,0,8,0,0,0,2,8,8
Whole Day 3 - Tues 28th Apr.mov,2130,0:35:30,14:05:30,63857,0,0,5,0,0,0,2,5,5
Whole Day 3 - Tues 28th Apr.mov,2140,0:35:40,14:05:40,64157,0,0,5,0,0,0,1,5,5
Whole Day 3 - Tues 28th Apr.mov,2150,0:35:50,14:05:50,64457,0,0,11,0,0,0,1,11,11
Whole Day 3 - Tues 28th Apr.mov,2160,0:36:00,14:06:00,64756,0,0,7,0,0,1,1,8,8
Whole Day 3 - Tues 28th Apr.mov,2170,0:36:10,14:06:10,65056,0,0,7,0,0,0,1,7,7
Whole Day 3 - Tues 28th Apr.mov,2180,0:36:20,14:06:20,65356,0,0,4,0,0,0,2,4,4
Whole Day 3 - Tues 28th Apr.mov,2190,0:36:30,14:06:30,65656,0,0,6,0,0,0,1,6,6
Whole Day 3 - Tues 28th Apr.mov,2200,0:36:40,14:06:40,65956,0,0,3,0,0,2,1,5,5
Whole Day 3 - Tues 28th Apr.mov,2210,0:36:50,14:06:50,66255,0,0,5,0,0,0,0,5,5
Whole Day 3 - Tues 28th Apr.mov,2220,0:37:00,14:07:00,66555,0,0,4,2,0,0,0,6,6
Whole Day 3 - Tues 28th Apr.mov,2230,0:37:10,14:07:10,66855,0,0,6,0,0,0,1,6,6
Whole Day 3 - Tues 28th Apr.mov,2240,0:37:20,14:07:20,67155,0,0,7,0,0,0,1,7,7
Whole Day 3 - Tues 28th Apr.mov,2250,0:37:30,14:07:30,67455,0,0,4,0,0,0,2,4,4
Whole Day 3 - Tues 28th Apr.mov,2260,0:37:40,14:07:40,67754,0,0,6,0,0,0,1,6,6
Whole Day 3 - Tues 28th Apr.mov,2270,0:37:50,14:07:50,68054,0,0,14,0,0,0,2,14,14
Whole Day 3 - Tues 28th Apr.mov,2280,0:38:00,14:08:00,68354,0,0,2,0,0,0,1,2,2
Whole Day 3 - Tues 28th Apr.mov,2290,0:38:10,14:08:10,68654,0,0,5,0,0,0,2,5,5
Whole Day 3 - Tues 28th Apr.mov,2300,0:38:20,14:08:20,68954,0,0,5,0,0,0,2,5,5
Whole Day 3 - Tues 28th Apr.mov,2310,0:38:30,14:08:30,69253,1,0,6,0,0,0,2,6,7
Whole Day 3 - Tues 28th Apr.mov,2320,0:38:40,14:08:40,69553,0,0,3,0,0,0,1,3,3
Whole Day 3 - Tues 28th Apr.mov,2330,0:38:50,14:08:50,69853,3,0,2,0,0,0,2,2,5
Whole Day 3 - Tues 28th Apr.mov,2340,0:39:00,14:09:00,70153,0,0,6,0,0,0,2,6,6
Whole Day 3 - Tues 28th Apr.mov,2350,0:39:10,14:09:10,70453,1,0,6,0,0,0,3,6,7
Whole Day 3 - Tues 28th Apr.mov,2360,0:39:20,14:09:20,70752,0,0,8,0,0,0,2,8,8
Whole Day 3 - Tues 28th Apr.mov,2370,0:39:30,14:09:30,71052,0,0,8,0,2,0,2,10,10
Whole Day 3 - Tues 28th Apr.mov,2380,0:39:40,14:09:40,71352,0,0,6,0,0,0,1,6,6
Whole Day 3 - Tues 28th Apr.mov,2390,0:39:50,14:09:50,71652,0,0,3,0,0,0,2,3,3
Whole Day 3 - Tues 28th Apr.mov,2400,0:40:00,14:10:00,71952,0,0,6,0,0,0,3,6,6
Whole Day 3 - Tues 28th Apr.mov,2410,0:40:10,14:10:10,72251,1,0,8,1,0,0,2,9,10
Whole Day 3 - Tues 28th Apr.mov,2420,0:40:20,14:10:20,72551,0,0,8,0,0,0,1,8,8
Whole Day 3 - Tues 28th Apr.mov,2430,0:40:30,14:10:30,72851,0,0,3,0,0,0,1,3,3
Whole Day 3 - Tues 28th Apr.mov,2440,0:40:40,14:10:40,73151,0,0,0,0,0,0,2,0,0
Whole Day 3 - Tues 28th Apr.mov,2450,0:40:50,14:10:50,73451,7,0,2,0,0,1,1,3,10
Whole Day 3 - Tues 28th Apr.mov,2460,0:41:00,14:11:00,73750,2,0,1,0,0,0,2,1,3
Whole Day 3 - Tues 28th Apr.mov,2470,0:41:10,14:11:10,74050,0,0,4,0,0,0,1,4,4
Whole Day 3 - Tues 28th Apr.mov,2480,0:41:20,14:11:20,74350,0,0,5,0,0,0,2,5,5
Whole Day 3 - Tues 28th Apr.mov,2490,0:41:30,14:11:30,74650,0,0,7,0,1,0,0,8,8
Whole Day 3 - Tues 28th Apr.mov,2500,0:41:40,14:11:40,74950,1,0,2,0,0,0,2,2,3
Whole Day 3 - Tues 28th Apr.mov,2510,0:41:50,14:11:50,75249,1,0,2,0,0,0,2,2,3
Whole Day 3 - Tues 28th Apr.mov,2520,0:42:00,14:12:00,75549,0,0,5,0,0,0,0,5,5
Whole Day 3 - Tues 28th Apr.mov,2530,0:42:10,14:12:10,75849,1,0,3,0,0,1,2,4,5
Whole Day 3 - Tues 28th Apr.mov,2540,0:42:20,14:12:20,76149,0,0,0,0,1,0,2,1,1
Whole Day 3 - Tues 28th Apr.mov,2550,0:42:30,14:12:30,76449,1,0,1,0,0,0,2,1,2
Whole Day 3 - Tues 28th Apr.mov,2560,0:42:40,14:12:40,76748,0,0,0,0,0,0,2,0,0
Whole Day 3 - Tues 28th Apr.mov,2570,0:42:50,14:12:50,77048,1,0,2,0,0,0,2,2,3
Whole Day 3 - Tues 28th Apr.mov,2580,0:43:00,14:13:00,77348,3,1,3,0,0,0,2,3,7
Whole Day 3 - Tues 28th Apr.mov,2590,0:43:10,14:13:10,77648,0,0,4,0,0,0,2,4,4
Whole Day 3 - Tues 28th Apr.mov,2600,0:43:20,14:13:20,77948,0,0,7,0,0,0,2,7,7
Whole Day 3 - Tues 28th Apr.mov,2610,0:43:30,14:13:30,78247,1,0,7,0,0,0,2,7,8
Whole Day 3 - Tues 28th Apr.mov,2620,0:43:40,14:13:40,78547,0,0,9,0,0,0,3,9,9
Whole Day 3 - Tues 28th Apr.mov,2630,0:43:50,14:13:50,78847,0,0,2,0,0,0,2,2,2
Whole Day 3 - Tues 28th Apr.mov,2640,0:44:00,14:14:00,79147,0,0,4,0,0,0,2,4,4
Whole Day 3 - Tues 28th Apr.mov,2650,0:44:10,14:14:10,79447,0,0,7,0,0,0,3,7,7
Whole Day 3 - Tues 28th Apr.mov,2660,0:44:20,14:14:20,79746,0,0,1,0,0,0,2,1,1
Whole Day 3 - Tues 28th Apr.mov,2670,0:44:30,14:14:30,80046,0,0,0,0,0,0,1,0,0
Whole Day 3 - Tues 28th Apr.mov,2680,0:44:40,14:14:40,80346,0,0,2,0,0,0,3,2,2
Whole Day 3 - Tues 28th Apr.mov,2690,0:44:50,14:14:50,80646,3,1,2,0,1,0,3,3,7
Whole Day 3 - Tues 28th Apr.mov,2700,0:45:00,14:15:00,80946,1,0,3,0,1,0,1,4,5
Whole Day 3 - Tues 28th Apr.mov,2710,0:45:10,14:15:10,81245,0,0,3,0,1,0,2,4,4
Whole Day 3 - Tues 28th Apr.mov,2720,0:45:20,14:15:20,81545,0,0,6,0,0,0,2,6,6
Whole Day 3 - Tues 28th Apr.mov,2730,0:45:30,14:15:30,81845,0,0,4,0,0,0,1,4,4
Whole Day 3 - Tues 28th Apr.mov,2740,0:45:40,14:15:40,82145,0,0,2,0,0,0,1,2,2
Whole Day 3 - Tues 28th Apr.mov,2750,0:45:50,14:15:50,82445,0,0,5,0,0,4,2,9,9
Whole Day 3 - Tues 28th Apr.mov,2760,0:46:00,14:16:00,82744,0,0,6,0,0,0,2,6,6
Whole Day 3 - Tues 28th Apr.mov,2770,0:46:10,14:16:10,83044,0,0,3,0,0,0,1,3,3
Whole Day 3 - Tues 28th Apr.mov,2780,0:46:20,14:16:20,83344,1,0,2,0,0,0,0,2,3
Whole Day 3 - Tues 28th Apr.mov,2790,0:46:30,14:16:30,83644,0,0,1,0,0,0,1,1,1
Whole Day 3 - Tues 28th Apr.mov,2800,0:46:40,14:16:40,83944,0,0,0,0,0,0,1,0,0
Whole Day 3 - Tues 28th Apr.mov,2810,0:46:50,14:16:50,84243,0,0,5,0,0,0,2,5,5
Whole Day 3 - Tues 28th Apr.mov,2820,0:47:00,14:17:00,84543,0,0,3,0,0,0,1,3,3
Whole Day 3 - Tues 28th Apr.mov,2830,0:47:10,14:17:10,84843,0,0,4,0,0,0,1,4,4
Whole Day 3 - Tues 28th Apr.mov,2840,0:47:20,14:17:20,85143,1,0,6,0,0,0,1,6,7
Whole Day 3 - Tues 28th Apr.mov,2850,0:47:30,14:17:30,85443,0,0,8,0,0,0,0,8,8
Whole Day 3 - Tues 28th Apr.mov,2860,0:47:40,14:17:40,85742,0,0,9,0,0,0,1,9,9
Whole Day 3 - Tues 28th Apr.mov,2870,0:47:50,14:17:50,86042,0,0,8,0,0,0,1,8,8
Whole Day 3 - Tues 28th Apr.mov,2880,0:48:00,14:18:00,86342,0,0,6,0,0,0,2,6,6
Whole Day 3 - Tues 28th Apr.mov,2890,0:48:10,14:18:10,86642,0,0,4,0,0,0,2,4,4
Whole Day 3 - Tues 28th Apr.mov,2900,0:48:20,14:18:20,86942,0,0,6,0,0,0,2,6,6
Whole Day 3 - Tues 28th Apr.mov,2910,0:48:30,14:18:30,87241,0,0,3,0,0,0,0,3,3
Whole Day 3 - Tues 28th Apr.mov,2920,0:48:40,14:18:40,87541,0,0,5,0,0,0,2,5,5
Whole Day 3 - Tues 28th Apr.mov,2930,0:48:50,14:18:50,87841,0,0,5,0,0,0,2,5,5
Whole Day 3 - Tues 28th Apr.mov,2940,0:49:00,14:19:00,88141,0,0,7,0,0,0,2,7,7
Whole Day 3 - Tues 28th Apr.mov,2950,0:49:10,14:19:10,88441,0,0,11,0,0,0,2,11,11
Whole Day 3 - Tues 28th Apr.mov,2960,0:49:20,14:19:20,88740,0,0,7,0,0,1,0,8,8
Whole Day 3 - Tues 28th Apr.mov,2970,0:49:30,14:19:30,89040,0,0,2,0,0,1,2,3,3
Whole Day 3 - Tues 28th Apr.mov,2980,0:49:40,14:19:40,89340,0,0,5,0,0,0,2,5,5
Whole Day 3 - Tues 28th Apr.mov,2990,0:49:50,14:19:50,89640,0,0,4,0,0,0,2,4,4
Whole Day 3 - Tues 28th Apr.mov,3000,0:50:00,14:20:00,89940,0,0,10,0,0,0,2,10,10
Whole Day 3 - Tues 28th Apr.mov,3010,0:50:10,14:20:10,90239,0,0,3,0,0,0,2,3,3
Whole Day 3 - Tues 28th Apr.mov,3020,0:50:20,14:20:20,90539,0,0,0,0,0,0,2,0,0
Whole Day 3 - Tues 28th Apr.mov,3030,0:50:30,14:20:30,90839,1,0,1,0,0,0,2,1,2
Whole Day 3 - Tues 28th Apr.mov,3040,0:50:40,14:20:40,91139,0,0,4,0,0,0,3,4,4
Whole Day 3 - Tues 28th Apr.mov,3050,0:50:50,14:20:50,91439,0,0,3,0,0,0,2,3,3
Whole Day 3 - Tues 28th Apr.mov,3060,0:51:00,14:21:00,91738,0,0,2,0,0,0,2,2,2
Whole Day 3 - Tues 28th Apr.mov,3070,0:51:10,14:21:10,92038,0,0,3,0,0,1,2,4,4
Whole Day 3 - Tues 28th Apr.mov,3080,0:51:20,14:21:20,92338,0,0,4,0,0,1,1,5,5
Whole Day 3 - Tues 28th Apr.mov,3090,0:51:30,14:21:30,92638,0,0,6,0,0,0,2,6,6
Whole Day 3 - Tues 28th Apr.mov,3100,0:51:40,14:21:40,92938,0,0,2,0,0,0,2,2,2
Whole Day 3 - Tues 28th Apr.mov,3110,0:51:50,14:21:50,93237,1,0,0,1,0,0,2,1,2
Whole Day 3 - Tues 28th Apr.mov,3120,0:52:00,14:22:00,93537,0,0,2,0,0,0,2,2,2
Whole Day 3 - Tues 28th Apr.mov,3130,0:52:10,14:22:10,93837,0,0,2,0,0,0,2,2,2
Whole Day 3 - Tues 28th Apr.mov,3140,0:52:20,14:22:20,94137,0,0,3,0,0,0,2,3,3
Whole Day 3 - Tues 28th Apr.mov,3150,0:52:30,14:22:30,94437,0,0,11,0,0,0,2,11,11
Whole Day 3 - Tues 28th Apr.mov,3160,0:52:40,14:22:40,94736,0,0,3,0,0,0,2,3,3
Whole Day 3 - Tues 28th Apr.mov,3170,0:52:50,14:22:50,95036,0,0,3,0,0,0,1,3,3
Whole Day 3 - Tues 28th Apr.mov,3180,0:53:00,14:23:00,95336,0,0,3,0,0,0,2,3,3
Whole Day 3 - Tues 28th Apr.mov,3190,0:53:10,14:23:10,95636,0,0,4,0,0,0,2,4,4
Whole Day 3 - Tues 28th Apr.mov,3200,0:53:20,14:23:20,95936,0,0,3,0,0,0,2,3,3
Whole Day 3 - Tues 28th Apr.mov,3210,0:53:30,14:23:30,96235,0,0,0,0,0,0,2,0,0
Whole Day 3 - Tues 28th Apr.mov,3220,0:53:40,14:23:40,96535,0,0,0,0,0,0,2,0,0
Whole Day 3 - Tues 28th Apr.mov,3230,0:53:50,14:23:50,96835,0,1,0,0,0,0,1,0,1
Whole Day 3 - Tues 28th Apr.mov,3240,0:54:00,14:24:00,97135,0,0,0,0,0,0,1,0,0
Whole Day 3 - Tues 28th Apr.mov,3250,0:54:10,14:24:10,97435,0,0,0,0,0,0,2,0,0
Whole Day 3 - Tues 28th Apr.mov,3260,0:54:20,14:24:20,97734,0,0,3,0,0,0,1,3,3
Whole Day 3 - Tues 28th Apr.mov,3270,0:54:30,14:24:30,98034,1,0,12,0,0,0,1,12,13
Whole Day 3 - Tues 28th Apr.mov,3280,0:54:40,14:24:40,98334,0,0,4,0,0,0,1,4,4
Whole Day 3 - Tues 28th Apr.mov,3290,0:54:50,14:24:50,98634,0,0,1,0,0,0,0,1,1
Whole Day 3 - Tues 28th Apr.mov,3300,0:55:00,14:25:00,98934,0,0,0,0,0,0,1,0,0
Whole Day 3 - Tues 28th Apr.mov,3310,0:55:10,14:25:10,99233,0,0,1,0,0,0,2,1,1
Whole Day 3 - Tues 28th Apr.mov,3320,0:55:20,14:25:20,99533,1,0,2,0,0,0,2,2,3
Whole Day 3 - Tues 28th Apr.mov,3330,0:55:30,14:25:30,99833,2,0,2,0,0,0,2,2,4
Whole Day 3 - Tues 28th Apr.mov,3340,0:55:40,14:25:40,100133,0,0,4,0,0,0,1,4,4
Whole Day 3 - Tues 28th Apr.mov,3350,0:55:50,14:25:50,100433,0,0,4,0,0,0,2,4,4
Whole Day 3 - Tues 28th Apr.mov,3360,0:56:00,14:26:00,100732,0,0,10,0,0,0,2,10,10
Whole Day 3 - Tues 28th Apr.mov,3370,0:56:10,14:26:10,101032,0,0,5,0,0,0,1,5,5
Whole Day 3 - Tues 28th Apr.mov,3380,0:56:20,14:26:20,101332,0,0,2,0,0,0,2,2,2
Whole Day 3 - Tues 28th Apr.mov,3390,0:56:30,14:26:30,101632,0,0,4,0,0,0,1,4,4
Whole Day 3 - Tues 28th Apr.mov,3400,0:56:40,14:26:40,101932,1,0,8,0,0,0,2,8,9
Whole Day 3 - Tues 28th Apr.mov,3410,0:56:50,14:26:50,102231,0,0,8,0,0,0,1,8,8
Whole Day 3 - Tues 28th Apr.mov,3420,0:57:00,14:27:00,102531,0,0,8,0,0,0,2,8,8
Whole Day 3 - Tues 28th Apr.mov,3430,0:57:10,14:27:10,102831,0,0,12,0,0,0,2,12,12
Whole Day 3 - Tues 28th Apr.mov,3440,0:57:20,14:27:20,103131,0,0,4,0,0,0,1,4,4
Whole Day 3 - Tues 28th Apr.mov,3450,0:57:30,14:27:30,103431,0,0,2,0,0,0,1,2,2
Whole Day 3 - Tues 28th Apr.mov,3460,0:57:40,14:27:40,103730,0,0,2,0,0,0,2,2,2
Whole Day 3 - Tues 28th Apr.mov,3470,0:57:50,14:27:50,104030,1,0,1,0,0,0,2,1,2
Whole Day 3 - Tues 28th Apr.mov,3480,0:58:00,14:28:00,104330,0,0,2,0,0,0,2,2,2
Whole Day 3 - Tues 28th Apr.mov,3490,0:58:10,14:28:10,104630,0,0,2,0,0,0,1,2,2
Whole Day 3 - Tues 28th Apr.mov,3500,0:58:20,14:28:20,104930,0,0,3,0,0,0,2,3,3
Whole Day 3 - Tues 28th Apr.mov,3510,0:58:30,14:28:30,105229,0,0,2,0,0,0,1,2,2
Whole Day 3 - Tues 28th Apr.mov,3520,0:58:40,14:28:40,105529,1,0,4,0,0,0,2,4,5
Whole Day 3 - Tues 28th Apr.mov,3530,0:58:50,14:28:50,105829,0,0,1,0,0,0,1,1,1
Whole Day 3 - Tues 28th Apr.mov,3540,0:59:00,14:29:00,106129,0,0,4,0,0,0,2,4,4
Whole Day 3 - Tues 28th Apr.mov,3550,0:59:10,14:29:10,106429,0,0,7,0,0,0,2,7,7
Whole Day 3 - Tues 28th Apr.mov,3560,0:59:20,14:29:20,106728,0,0,6,0,0,0,1,6,6
Whole Day 3 - Tues 28th Apr.mov,3570,0:59:30,14:29:30,107028,0,0,8,0,0,0,2,8,8
Whole Day 3 - Tues 28th Apr.mov,3580,0:59:40,14:29:40,107328,0,0,4,0,0,0,2,4,4
Whole Day 3 - Tues 28th Apr.mov,3590,0:59:50,14:29:50,107628,0,0,2,0,0,0,2,2,2
Whole Day 3 - Tues 28th Apr.mov,3600,1:00:00,14:30:00,107928,0,0,3,0,0,0,1,3,3
Whole Day 3 - Tues 28th Apr.mov,3610,1:00:10,14:30:10,108227,0,0,2,0,0,0,2,2,2
Whole Day 3 - Tues 28th Apr.mov,3620,1:00:20,14:30:20,108527,0,0,2,0,0,0,1,2,2
Whole Day 3 - Tues 28th Apr.mov,3630,1:00:30,14:30:30,108827,1,0,4,0,0,0,1,4,5
Whole Day 3 - Tues 28th Apr.mov,3640,1:00:40,14:30:40,109127,0,0,5,0,0,0,2,5,5
Whole Day 3 - Tues 28th Apr.mov,3650,1:00:50,14:30:50,109427,0,0,8,0,0,1,1,9,9
Whole Day 3 - Tues 28th Apr.mov,3660,1:01:00,14:31:00,109726,0,0,12,0,0,0,2,12,12
Whole Day 3 - Tues 28th Apr.mov,3670,1:01:10,14:31:10,110026,0,0,5,0,0,2,1,7,7
Whole Day 3 - Tues 28th Apr.mov,3680,1:01:20,14:31:20,110326,0,0,0,0,0,0,1,0,0
Whole Day 3 - Tues 28th Apr.mov,3690,1:01:30,14:31:30,110626,1,0,3,0,0,0,2,3,4
Whole Day 3 - Tues 28th Apr.mov,3700,1:01:40,14:31:40,110926,0,0,2,0,0,0,2,2,2
Whole Day 3 - Tues 28th Apr.mov,3710,1:01:50,14:31:50,111225,0,0,3,0,0,0,2,3,3
Whole Day 3 - Tues 28th Apr.mov,3720,1:02:00,14:32:00,111525,0,0,8,0,0,0,1,8,8
Whole Day 3 - Tues 28th Apr.mov,3730,1:02:10,14:32:10,111825,0,0,6,0,1,0,1,7,7
Whole Day 3 - Tues 28th Apr.mov,3740,1:02:20,14:32:20,112125,0,0,3,0,0,0,1,3,3
Whole Day 3 - Tues 28th Apr.mov,3750,1:02:30,14:32:30,112425,0,0,4,0,0,0,1,4,4
Whole Day 3 - Tues 28th Apr.mov,3760,1:02:40,14:32:40,112724,0,0,0,0,0,0,2,0,0
Whole Day 3 - Tues 28th Apr.mov,3770,1:02:50,14:32:50,113024,0,0,4,0,0,0,1,4,4
Whole Day 3 - Tues 28th Apr.mov,3780,1:03:00,14:33:00,113324,0,0,0,0,0,0,2,0,0
Whole Day 3 - Tues 28th Apr.mov,3790,1:03:10,14:33:10,113624,0,0,0,0,0,0,2,0,0
Whole Day 3 - Tues 28th Apr.mov,3800,1:03:20,14:33:20,113924,1,0,4,0,0,0,2,4,5
Whole Day 3 - Tues 28th Apr.mov,3810,1:03:30,14:33:30,114223,1,0,10,0,0,0,2,10,11
Whole Day 3 - Tues 28th Apr.mov,3820,1:03:40,14:33:40,114523,1,0,6,0,0,0,1,6,7
Whole Day 3 - Tues 28th Apr.mov,3830,1:03:50,14:33:50,114823,0,0,3,0,0,0,2,3,3
Whole Day 3 - Tues 28th Apr.mov,3840,1:04:00,14:34:00,115123,1,0,3,0,0,0,3,3,4
Whole Day 3 - Tues 28th Apr.mov,3850,1:04:10,14:34:10,115423,2,0,2,0,0,0,1,2,4
Whole Day 3 - Tues 28th Apr.mov,3860,1:04:20,14:34:20,115722,3,0,3,0,0,0,2,3,6
Whole Day 3 - Tues 28th Apr.mov,3870,1:04:30,14:34:30,116022,0,0,4,0,0,0,1,4,4
Whole Day 3 - Tues 28th Apr.mov,3880,1:04:40,14:34:40,116322,0,0,9,0,0,0,2,9,9
Whole Day 3 - Tues 28th Apr.mov,3890,1:04:50,14:34:50,116622,0,0,7,0,0,0,1,7,7
Whole Day 3 - Tues 28th Apr.mov,3900,1:05:00,14:35:00,116922,0,0,5,0,0,0,2,5,5
Whole Day 3 - Tues 28th Apr.mov,3910,1:05:10,14:35:10,117221,0,0,3,0,0,0,2,3,3
Whole Day 3 - Tues 28th Apr.mov,3920,1:05:20,14:35:20,117521,0,0,5,0,0,0,1,5,5
Whole Day 3 - Tues 28th Apr.mov,3930,1:05:30,14:35:30,117821,0,0,3,0,0,0,2,3,3
Whole Day 3 - Tues 28th Apr.mov,3940,1:05:40,14:35:40,118121,0,0,4,0,0,0,2,4,4
Whole Day 3 - Tues 28th Apr.mov,3950,1:05:50,14:35:50,118421,1,0,7,0,0,0,1,7,8
Whole Day 3 - Tues 28th Apr.mov,3960,1:06:00,14:36:00,118720,0,0,8,0,1,0,2,9,9
Whole Day 3 - Tues 28th Apr.mov,3970,1:06:10,14:36:10,119020,0,0,6,0,0,0,1,6,6
Whole Day 3 - Tues 28th Apr.mov,3980,1:06:20,14:36:20,119320,0,0,3,0,1,0,2,4,4
Whole Day 3 - Tues 28th Apr.mov,3990,1:06:30,14:36:30,119620,0,0,6,0,0,1,2,7,7
Whole Day 3 - Tues 28th Apr.mov,4000,1:06:40,14:36:40,119920,3,0,3,0,0,0,2,3,6
Whole Day 3 - Tues 28th Apr.mov,4010,1:06:50,14:36:50,120219,3,0,6,0,0,0,1,6,9
Whole Day 3 - Tues 28th Apr.mov,4020,1:07:00,14:37:00,120519,0,0,5,0,0,0,2,5,5
Whole Day 3 - Tues 28th Apr.mov,4030,1:07:10,14:37:10,120819,0,0,5,0,0,0,1,5,5
Whole Day 3 - Tues 28th Apr.mov,4040,1:07:20,14:37:20,121119,0,0,8,0,0,1,2,9,9
Whole Day 3 - Tues 28th Apr.mov,4050,1:07:30,14:37:30,121419,0,0,1,0,0,0,2,1,1
Whole Day 3 - Tues 28th Apr.mov,4060,1:07:40,14:37:40,121718,0,0,0,0,0,0,2,0,0
Whole Day 3 - Tues 28th Apr.mov,4070,1:07:50,14:37:50,122018,0,0,6,0,0,0,2,6,6
Whole Day 3 - Tues 28th Apr.mov,4080,1:08:00,14:38:00,122318,0,0,8,0,0,0,2,8,8
Whole Day 3 - Tues 28th Apr.mov,4090,1:08:10,14:38:10,122618,0,0,6,0,0,0,2,6,6
Whole Day 3 - Tues 28th Apr.mov,4100,1:08:20,14:38:20,122918,0,0,6,0,0,1,1,7,7
Whole Day 3 - Tues 28th Apr.mov,4110,1:08:30,14:38:30,123217,0,0,14,0,0,0,2,14,14
Whole Day 3 - Tues 28th Apr.mov,4120,1:08:40,14:38:40,123517,0,0,9,1,0,1,1,11,11
Whole Day 3 - Tues 28th Apr.mov,4130,1:08:50,14:38:50,123817,0,0,7,0,0,1,2,8,8
Whole Day 3 - Tues 28th Apr.mov,4140,1:09:00,14:39:00,124117,0,0,0,0,0,0,2,0,0
Whole Day 3 - Tues 28th Apr.mov,4150,1:09:10,14:39:10,124417,0,0,0,0,0,0,2,0,0
Whole Day 3 - Tues 28th Apr.mov,4160,1:09:20,14:39:20,124716,0,0,5,0,0,0,2,5,5
Whole Day 3 - Tues 28th Apr.mov,4170,1:09:30,14:39:30,125016,0,0,6,0,0,0,2,6,6
Whole Day 3 - Tues 28th Apr.mov,4180,1:09:40,14:39:40,125316,0,0,11,0,0,0,1,11,11
Whole Day 3 - Tues 28th Apr.mov,4190,1:09:50,14:39:50,125616,0,0,8,0,0,0,2,8,8
Whole Day 3 - Tues 28th Apr.mov,4200,1:10:00,14:40:00,125916,0,0,7,0,0,0,2,7,7
Whole Day 3 - Tues 28th Apr.mov,4210,1:10:10,14:40:10,126215,0,0,1,0,0,0,1,1,1
Whole Day 3 - Tues 28th Apr.mov,4220,1:10:20,14:40:20,126515,0,0,3,0,0,0,1,3,3
Whole Day 3 - Tues 28th Apr.mov,4230,1:10:30,14:40:30,126815,0,0,0,0,0,1,2,1,1
Whole Day 3 - Tues 28th Apr.mov,4240,1:10:40,14:40:40,127115,0,0,2,0,0,0,2,2,2
Whole Day 3 - Tues 28th Apr.mov,4250,1:10:50,14:40:50,127415,0,0,5,0,0,0,2,5,5
Whole Day 3 - Tues 28th Apr.mov,4260,1:11:00,14:41:00,127714,1,0,6,0,0,0,2,6,7
Whole Day 3 - Tues 28th Apr.mov,4270,1:11:10,14:41:10,128014,0,0,4,0,0,0,2,4,4
Whole Day 3 - Tues 28th Apr.mov,4280,1:11:20,14:41:20,128314,0,0,8,0,0,0,2,8,8
Whole Day 3 - Tues 28th Apr.mov,4290,1:11:30,14:41:30,128614,1,0,0,0,0,0,0,0,1
Whole Day 3 - Tues 28th Apr.mov,4300,1:11:40,14:41:40,128914,0,0,0,0,0,0,0,0,0
Whole Day 3 - Tues 28th Apr.mov,4310,1:11:50,14:41:50,129213,0,0,8,0,0,0,1,8,8
Whole Day 3 - Tues 28th Apr.mov,4320,1:12:00,14:42:00,129513,0,0,5,0,0,0,0,5,5
Whole Day 3 - Tues 28th Apr.mov,4330,1:12:10,14:42:10,129813,0,0,3,0,0,0,1,3,3
Whole Day 3 - Tues 28th Apr.mov,4340,1:12:20,14:42:20,130113,0,0,4,0,0,0,1,4,4
Whole Day 3 - Tues 28th Apr.mov,4350,1:12:30,14:42:30,130413,2,0,7,0,0,0,1,7,9
Whole Day 3 - Tues 28th Apr.mov,4360,1:12:40,14:42:40,130712,0,0,6,0,0,0,1,6,6
Whole Day 3 - Tues 28th Apr.mov,4370,1:12:50,14:42:50,131012,0,0,4,0,0,0,0,4,4
Whole Day 3 - Tues 28th Apr.mov,4380,1:13:00,14:43:00,131312,0,0,0,0,0,0,0,0,0
Whole Day 3 - Tues 28th Apr.mov,4390,1:13:10,14:43:10,131612,0,0,3,0,0,0,0,3,3
Whole Day 3 - Tues 28th Apr.mov,4400,1:13:20,14:43:20,131912,0,0,4,0,0,0,1,4,4
Whole Day 3 - Tues 28th Apr.mov,4410,1:13:30,14:43:30,132211,0,0,4,0,0,0,0,4,4
Whole Day 3 - Tues 28th Apr.mov,4420,1:13:40,14:43:40,132511,2,0,3,0,0,0,1,3,5
Whole Day 3 - Tues 28th Apr.mov,4430,1:13:50,14:43:50,132811,0,0,1,0,0,0,1,1,1
Whole Day 3 - Tues 28th Apr.mov,4440,1:14:00,14:44:00,133111,0,0,2,0,0,0,1,2,2
Whole Day 3 - Tues 28th Apr.mov,4450,1:14:10,14:44:10,133411,1,0,4,0,0,0,1,4,5
Whole Day 3 - Tues 28th Apr.mov,4460,1:14:20,14:44:20,133710,0,0,8,0,0,0,1,8,8
Whole Day 3 - Tues 28th Apr.mov,4470,1:14:30,14:44:30,134010,0,0,4,0,0,0,1,4,4
Whole Day 3 - Tues 28th Apr.mov,4480,1:14:40,14:44:40,134310,0,0,0,0,0,0,1,0,0
Whole Day 3 - Tues 28th Apr.mov,4490,1:14:50,14:44:50,134610,1,0,2,0,0,0,0,2,3
Whole Day 3 - Tues 28th Apr.mov,4500,1:15:00,14:45:00,134910,0,0,1,0,0,0,1,1,1
Whole Day 3 - Tues 28th Apr.mov,4510,1:15:10,14:45:10,135209,0,0,5,0,0,0,1,5,5
Whole Day 3 - Tues 28th Apr.mov,4520,1:15:20,14:45:20,135509,0,0,4,0,0,0,1,4,4
Whole Day 3 - Tues 28th Apr.mov,4530,1:15:30,14:45:30,135809,0,0,5,0,0,0,1,5,5
Whole Day 3 - Tues 28th Apr.mov,4540,1:15:40,14:45:40,136109,0,0,1,0,0,0,1,1,1
Whole Day 3 - Tues 28th Apr.mov,4550,1:15:50,14:45:50,136409,0,0,1,0,0,0,1,1,1
Whole Day 3 - Tues 28th Apr.mov,4560,1:16:00,14:46:00,136708,0,0,2,0,0,0,1,2,2
Whole Day 3 - Tues 28th Apr.mov,4570,1:16:10,14:46:10,137008,1,0,4,0,0,0,1,4,5
Whole Day 3 - Tues 28th Apr.mov,4580,1:16:20,14:46:20,137308,0,0,1,0,0,0,1,1,1
Whole Day 3 - Tues 28th Apr.mov,4590,1:16:30,14:46:30,137608,0,0,1,0,0,0,1,1,1
Whole Day 3 - Tues 28th Apr.mov,4600,1:16:40,14:46:40,137908,0,0,2,0,0,0,1,2,2
Whole Day 3 - Tues 28th Apr.mov,4610,1:16:50,14:46:50,138207,1,0,3,0,0,0,1,3,4
Whole Day 3 - Tues 28th Apr.mov,4620,1:17:00,14:47:00,138507,0,0,2,0,0,0,1,2,2
Whole Day 3 - Tues 28th Apr.mov,4630,1:17:10,14:47:10,138807,0,0,6,0,1,0,0,7,7
Whole Day 3 - Tues 28th Apr.mov,4640,1:17:20,14:47:20,139107,1,0,5,0,0,1,1,6,7
Whole Day 3 - Tues 28th Apr.mov,4650,1:17:30,14:47:30,139407,2,0,6,0,0,0,1,6,8
Whole Day 3 - Tues 28th Apr.mov,4660,1:17:40,14:47:40,139706,1,0,6,0,0,0,1,6,7
Whole Day 3 - Tues 28th Apr.mov,4670,1:17:50,14:47:50,140006,0,0,8,0,0,0,1,8,8
Whole Day 3 - Tues 28th Apr.mov,4680,1:18:00,14:48:00,140306,0,0,11,0,0,0,1,11,11
Whole Day 3 - Tues 28th Apr.mov,4690,1:18:10,14:48:10,140606,0,0,8,0,0,0,1,8,8
Whole Day 3 - Tues 28th Apr.mov,4700,1:18:20,14:48:20,140906,0,0,2,0,0,0,1,2,2
Whole Day 3 - Tues 28th Apr.mov,4710,1:18:30,14:48:30,141205,0,0,1,0,0,0,1,1,1
Whole Day 3 - Tues 28th Apr.mov,4720,1:18:40,14:48:40,141505,0,0,1,0,0,0,1,1,1
Whole Day 3 - Tues 28th Apr.mov,4730,1:18:50,14:48:50,141805,0,0,4,0,0,0,1,4,4
Whole Day 3 - Tues 28th Apr.mov,4740,1:19:00,14:49:00,142105,0,0,7,0,0,0,1,7,7
Whole Day 3 - Tues 28th Apr.mov,4750,1:19:10,14:49:10,142405,1,0,9,0,0,0,1,9,10
Whole Day 3 - Tues 28th Apr.mov,4760,1:19:20,14:49:20,142704,2,0,10,0,0,0,1,10,12
Whole Day 3 - Tues 28th Apr.mov,4770,1:19:30,14:49:30,143004,0,0,14,0,0,0,1,14,14
Whole Day 3 - Tues 28th Apr.mov,4780,1:19:40,14:49:40,143304,0,0,7,0,2,0,1,9,9
Whole Day 3 - Tues 28th Apr.mov,4790,1:19:50,14:49:50,143604,0,0,3,0,0,0,1,3,3
Whole Day 3 - Tues 28th Apr.mov,4800,1:20:00,14:50:00,143904,0,0,2,0,0,0,1,2,2
Whole Day 3 - Tues 28th Apr.mov,4810,1:20:10,14:50:10,144203,0,0,4,0,0,0,1,4,4
Whole Day 3 - Tues 28th Apr.mov,4820,1:20:20,14:50:20,144503,0,0,3,0,0,0,1,3,3
Whole Day 3 - Tues 28th Apr.mov,4830,1:20:30,14:50:30,144803,0,0,1,0,0,0,1,1,1
Whole Day 3 - Tues 28th Apr.mov,4840,1:20:40,14:50:40,145103,0,0,1,0,0,0,1,1,1
Whole Day 3 - Tues 28th Apr.mov,4850,1:20:50,14:50:50,145403,0,0,3,0,0,0,1,3,3
Whole Day 3 - Tues 28th Apr.mov,4860,1:21:00,14:51:00,145702,0,0,7,0,0,0,1,7,7
Whole Day 3 - Tues 28th Apr.mov,4870,1:21:10,14:51:10,146002,0,0,7,0,0,0,0,7,7
Whole Day 3 - Tues 28th Apr.mov,4880,1:21:20,14:51:20,146302,0,0,1,0,0,0,1,1,1
Whole Day 3 - Tues 28th Apr.mov,4890,1:21:30,14:51:30,146602,0,0,4,0,0,0,1,4,4
Whole Day 3 - Tues 28th Apr.mov,4900,1:21:40,14:51:40,146902,0,0,6,0,0,0,1,6,6
Whole Day 3 - Tues 28th Apr.mov,4910,1:21:50,14:51:50,147201,0,0,6,0,0,0,1,6,6
Whole Day 3 - Tues 28th Apr.mov,4920,1:22:00,14:52:00,147501,0,0,6,0,0,0,1,6,6
Whole Day 3 - Tues 28th Apr.mov,4930,1:22:10,14:52:10,147801,0,0,5,0,1,1,1,7,7
Whole Day 3 - Tues 28th Apr.mov,4940,1:22:20,14:52:20,148101,0,0,1,0,0,0,1,1,1
Whole Day 3 - Tues 28th Apr.mov,4950,1:22:30,14:52:30,148401,0,0,4,0,0,0,1,4,4
Whole Day 3 - Tues 28th Apr.mov,4960,1:22:40,14:52:40,148700,0,0,2,0,0,0,1,2,2
Whole Day 3 - Tues 28th Apr.mov,4970,1:22:50,14:52:50,149000,1,0,3,0,0,1,1,4,5
Whole Day 3 - Tues 28th Apr.mov,4980,1:23:00,14:53:00,149300,1,0,1,0,1,1,1,3,4
Whole Day 3 - Tues 28th Apr.mov,4990,1:23:10,14:53:10,149600,0,0,1,0,1,1,1,3,3
Whole Day 3 - Tues 28th Apr.mov,5000,1:23:20,14:53:20,149900,0,0,1,0,1,1,1,3,3
Whole Day 3 - Tues 28th Apr.mov,5010,1:23:30,14:53:30,150199,0,0,11,0,0,0,0,11,11
Whole Day 3 - Tues 28th Apr.mov,5020,1:23:40,14:53:40,150499,0,0,9,0,0,0,1,9,9
Whole Day 3 - Tues 28th Apr.mov,5030,1:23:50,14:53:50,150799,0,0,6,0,0,0,1,6,6
Whole Day 3 - Tues 28th Apr.mov,5040,1:24:00,14:54:00,151099,0,0,3,0,0,0,1,3,3
Whole Day 3 - Tues 28th Apr.mov,5050,1:24:10,14:54:10,151399,1,1,1,0,0,0,1,1,3
Whole Day 3 - Tues 28th Apr.mov,5060,1:24:20,14:54:20,151698,7,1,0,0,0,0,1,0,8
Whole Day 3 - Tues 28th Apr.mov,5070,1:24:30,14:54:30,151998,0,2,1,0,0,0,1,1,3
Whole Day 3 - Tues 28th Apr.mov,5080,1:24:40,14:54:40,152298,0,0,3,0,0,0,1,3,3
Whole Day 3 - Tues 28th Apr.mov,5090,1:24:50,14:54:50,152598,0,0,7,0,0,0,1,7,7
Whole Day 3 - Tues 28th Apr.mov,5100,1:25:00,14:55:00,152898,0,0,9,0,0,0,1,9,9
Whole Day 3 - Tues 28th Apr.mov,5110,1:25:10,14:55:10,153197,0,0,5,0,0,1,1,6,6
Whole Day 3 - Tues 28th Apr.mov,5120,1:25:20,14:55:20,153497,1,0,7,0,0,0,1,7,8
Whole Day 3 - Tues 28th Apr.mov,5130,1:25:30,14:55:30,153797,1,0,2,0,0,0,1,2,3
Whole Day 3 - Tues 28th Apr.mov,5140,1:25:40,14:55:40,154097,0,0,3,0,0,0,1,3,3
Whole Day 3 - Tues 28th Apr.mov,5150,1:25:50,14:55:50,154397,0,0,8,0,0,2,1,10,10
Whole Day 3 - Tues 28th Apr.mov,5160,1:26:00,14:56:00,154696,2,0,3,0,0,0,1,3,5
Whole Day 3 - Tues 28th Apr.mov,5170,1:26:10,14:56:10,154996,1,0,4,0,0,0,0,4,5
Whole Day 3 - Tues 28th Apr.mov,5180,1:26:20,14:56:20,155296,0,0,5,0,0,0,1,5,5
Whole Day 3 - Tues 28th Apr.mov,5190,1:26:30,14:56:30,155596,0,0,6,0,0,0,1,6,6
Whole Day 3 - Tues 28th Apr.mov,5200,1:26:40,14:56:40,155896,1,0,7,0,0,0,1,7,8
Whole Day 3 - Tues 28th Apr.mov,5210,1:26:50,14:56:50,156195,0,0,12,0,0,0,1,12,12
Whole Day 3 - Tues 28th Apr.mov,5220,1:27:00,14:57:00,156495,0,0,8,0,0,0,1,8,8
Whole Day 3 - Tues 28th Apr.mov,5230,1:27:10,14:57:10,156795,0,0,4,0,0,0,1,4,4
Whole Day 3 - Tues 28th Apr.mov,5240,1:27:20,14:57:20,157095,0,0,3,0,0,1,1,4,4
Whole Day 3 - Tues 28th Apr.mov,5250,1:27:30,14:57:30,157395,0,0,2,0,0,0,1,2,2
Whole Day 3 - Tues 28th Apr.mov,5260,1:27:40,14:57:40,157694,0,0,1,0,0,0,1,1,1
Whole Day 3 - Tues 28th Apr.mov,5270,1:27:50,14:57:50,157994,0,0,2,0,0,2,1,4,4
Whole Day 3 - Tues 28th Apr.mov,5280,1:28:00,14:58:00,158294,0,0,2,0,0,1,1,3,3
Whole Day 3 - Tues 28th Apr.mov,5290,1:28:10,14:58:10,158594,0,0,2,0,0,0,1,2,2
Whole Day 3 - Tues 28th Apr.mov,5300,1:28:20,14:58:20,158894,0,0,8,0,0,0,1,8,8
Whole Day 3 - Tues 28th Apr.mov,5310,1:28:30,14:58:30,159193,0,0,6,0,0,0,1,6,6
Whole Day 3 - Tues 28th Apr.mov,5320,1:28:40,14:58:40,159493,0,0,0,0,0,0,1,0,0
Whole Day 3 - Tues 28th Apr.mov,5330,1:28:50,14:58:50,159793,1,0,0,0,0,0,1,0,1
Whole Day 3 - Tues 28th Apr.mov,5340,1:29:00,14:59:00,160093,1,0,2,0,0,0,1,2,3
Whole Day 3 - Tues 28th Apr.mov,5350,1:29:10,14:59:10,160393,0,0,3,0,0,0,1,3,3
Whole Day 3 - Tues 28th Apr.mov,5360,1:29:20,14:59:20,160692,0,0,7,0,0,1,0,8,8
Whole Day 3 - Tues 28th Apr.mov,5370,1:29:30,14:59:30,160992,0,0,8,0,1,0,0,9,9
Whole Day 3 - Tues 28th Apr.mov,5380,1:29:40,14:59:40,161292,0,0,3,0,0,1,0,4,4
Whole Day 3 - Tues 28th Apr.mov,5390,1:29:50,14:59:50,161592,4,0,4,0,0,0,1,4,8
Whole Day 3 - Tues 28th Apr.mov,5400,1:30:00,15:00:00,161892,2,0,2,0,0,1,1,3,5
Whole Day 3 - Tues 28th Apr.mov,5410,1:30:10,15:00:10,162191,2,0,1,0,0,0,1,1,3
Whole Day 3 - Tues 28th Apr.mov,5420,1:30:20,15:00:20,162491,1,0,3,0,0,0,1,3,4
Whole Day 3 - Tues 28th Apr.mov,5430,1:30:30,15:00:30,162791,2,0,4,0,0,0,1,4,6
Whole Day 3 - Tues 28th Apr.mov,5440,1:30:40,15:00:40,163091,0,0,5,0,0,0,1,5,5
Whole Day 3 - Tues 28th Apr.mov,5450,1:30:50,15:00:50,163391,0,0,8,0,1,2,0,11,11
Whole Day 3 - Tues 28th Apr.mov,5460,1:31:00,15:01:00,163690,0,0,8,0,0,0,0,8,8
Whole Day 3 - Tues 28th Apr.mov,5470,1:31:10,15:01:10,163990,0,0,6,0,1,0,0,7,7
Whole Day 3 - Tues 28th Apr.mov,5480,1:31:20,15:01:20,164290,0,0,4,0,0,0,1,4,4
Whole Day 3 - Tues 28th Apr.mov,5490,1:31:30,15:01:30,164590,0,0,4,0,0,0,0,4,4
Whole Day 3 - Tues 28th Apr.mov,5500,1:31:40,15:01:40,164890,0,0,5,0,0,0,1,5,5
Whole Day 3 - Tues 28th Apr.mov,5510,1:31:50,15:01:50,165189,2,0,5,0,0,0,0,5,7
Whole Day 3 - Tues 28th Apr.mov,5520,1:32:00,15:02:00,165489,1,0,1,0,0,0,1,1,2
Whole Day 3 - Tues 28th Apr.mov,5530,1:32:10,15:02:10,165789,1,0,3,0,0,0,1,3,4
Whole Day 3 - Tues 28th Apr.mov,5540,1:32:20,15:02:20,166089,1,1,3,0,0,0,1,3,5
Whole Day 3 - Tues 28th Apr.mov,5550,1:32:30,15:02:30,166389,0,0,5,0,0,0,0,5,5
Whole Day 3 - Tues 28th Apr.mov,5560,1:32:40,15:02:40,166688,0,0,0,0,0,0,1,0,0
Whole Day 3 - Tues 28th Apr.mov,5570,1:32:50,15:02:50,166988,0,0,4,0,0,0,1,4,4
Whole Day 3 - Tues 28th Apr.mov,5580,1:33:00,15:03:00,167288,0,0,7,0,0,0,1,7,7
Whole Day 3 - Tues 28th Apr.mov,5590,1:33:10,15:03:10,167588,0,0,7,0,0,0,1,7,7
Whole Day 3 - Tues 28th Apr.mov,5600,1:33:20,15:03:20,167888,0,0,4,0,0,0,0,4,4
Whole Day 3 - Tues 28th Apr.mov,5610,1:33:30,15:03:30,168187,0,0,6,0,0,0,1,6,6
Whole Day 3 - Tues 28th Apr.mov,5620,1:33:40,15:03:40,168487,0,0,2,0,0,0,1,2,2
Whole Day 3 - Tues 28th Apr.mov,5630,1:33:50,15:03:50,168787,2,0,1,0,0,0,1,1,3
Whole Day 3 - Tues 28th Apr.mov,5640,1:34:00,15:04:00,169087,0,0,3,0,0,0,1,3,3
Whole Day 3 - Tues 28th Apr.mov,5650,1:34:10,15:04:10,169387,0,0,3,0,0,0,1,3,3
Whole Day 3 - Tues 28th Apr.mov,5660,1:34:20,15:04:20,169686,0,0,4,0,0,0,0,4,4
Whole Day 3 - Tues 28th Apr.mov,5670,1:34:30,15:04:30,169986,0,0,0,0,0,0,1,0,0
Whole Day 3 - Tues 28th Apr.mov,5680,1:34:40,15:04:40,170286,0,0,6,0,1,0,1,7,7
Whole Day 3 - Tues 28th Apr.mov,5690,1:34:50,15:04:50,170586,0,0,4,0,0,0,1,4,4
Whole Day 3 - Tues 28th Apr.mov,5700,1:35:00,15:05:00,170886,0,0,7,0,0,0,1,7,7
Whole Day 3 - Tues 28th Apr.mov,5710,1:35:10,15:05:10,171185,0,0,4,0,0,0,1,4,4
Whole Day 3 - Tues 28th Apr.mov,5720,1:35:20,15:05:20,171485,0,0,6,0,0,0,1,6,6
Whole Day 3 - Tues 28th Apr.mov,5730,1:35:30,15:05:30,171785,1,0,3,0,0,0,1,3,4
Whole Day 3 - Tues 28th Apr.mov,5740,1:35:40,15:05:40,172085,0,0,7,0,0,0,1,7,7
Whole Day 3 - Tues 28th Apr.mov,5750,1:35:50,15:05:50,172385,0,0,8,0,0,1,1,9,9
Whole Day 3 - Tues 28th Apr.mov,5760,1:36:00,15:06:00,172684,0,0,7,0,0,1,1,8,8
Whole Day 3 - Tues 28th Apr.mov,5770,1:36:10,15:06:10,172984,0,0,7,0,1,0,0,8,8
Whole Day 3 - Tues 28th Apr.mov,5780,1:36:20,15:06:20,173284,0,0,5,0,0,0,1,5,5
Whole Day 3 - Tues 28th Apr.mov,5790,1:36:30,15:06:30,173584,1,0,4,0,0,0,1,4,5
Whole Day 3 - Tues 28th Apr.mov,5800,1:36:40,15:06:40,173884,1,0,4,0,0,0,1,4,5
Whole Day 3 - Tues 28th Apr.mov,5810,1:36:50,15:06:50,174183,0,0,1,0,0,0,1,1,1
Whole Day 3 - Tues 28th Apr.mov,5820,1:37:00,15:07:00,174483,1,0,3,0,0,0,1,3,4
Whole Day 3 - Tues 28th Apr.mov,5830,1:37:10,15:07:10,174783,0,0,4,0,0,0,1,4,4
Whole Day 3 - Tues 28th Apr.mov,5840,1:37:20,15:07:20,175083,0,0,0,0,0,0,1,0,0
Whole Day 3 - Tues 28th Apr.mov,5850,1:37:30,15:07:30,175383,1,0,0,0,0,0,1,0,1
Whole Day 3 - Tues 28th Apr.mov,5860,1:37:40,15:07:40,175682,2,0,2,0,0,0,1,2,4
Whole Day 3 - Tues 28th Apr.mov,5870,1:37:50,15:07:50,175982,2,0,2,0,0,0,1,2,4
Whole Day 3 - Tues 28th Apr.mov,5880,1:38:00,15:08:00,176282,0,0,7,0,0,0,1,7,7
Whole Day 3 - Tues 28th Apr.mov,5890,1:38:10,15:08:10,176582,0,0,12,0,0,0,3,12,12
Whole Day 3 - Tues 28th Apr.mov,5900,1:38:20,15:08:20,176882,0,0,3,0,0,0,1,3,3
Whole Day 3 - Tues 28th Apr.mov,5910,1:38:30,15:08:30,177181,0,0,0,0,0,0,1,0,0
Whole Day 3 - Tues 28th Apr.mov,5920,1:38:40,15:08:40,177481,0,0,3,0,0,0,1,3,3
Whole Day 3 - Tues 28th Apr.mov,5930,1:38:50,15:08:50,177781,1,0,4,0,0,0,2,4,5
Whole Day 3 - Tues 28th Apr.mov,5940,1:39:00,15:09:00,178081,0,0,6,0,0,0,1,6,6
Whole Day 3 - Tues 28th Apr.mov,5950,1:39:10,15:09:10,178381,0,0,4,0,0,0,1,4,4
Whole Day 3 - Tues 28th Apr.mov,5960,1:39:20,15:09:20,178680,0,0,5,0,0,1,1,6,6
Whole Day 3 - Tues 28th Apr.mov,5970,1:39:30,15:09:30,178980,0,0,5,0,0,0,1,5,5
Whole Day 3 - Tues 28th Apr.mov,5980,1:39:40,15:09:40,179280,0,0,9,0,0,0,1,9,9
Whole Day 3 - Tues 28th Apr.mov,5990,1:39:50,15:09:50,179580,0,0,6,0,0,0,1,6,6
Whole Day 3 - Tues 28th Apr.mov,6000,1:40:00,15:10:00,179880,0,0,8,0,0,0,1,8,8
Whole Day 3 - Tues 28th Apr.mov,6010,1:40:10,15:10:10,180179,0,0,5,0,0,0,0,5,5
Whole Day 3 - Tues 28th Apr.mov,6020,1:40:20,15:10:20,180479,0,0,5,0,0,0,1,5,5
Whole Day 3 - Tues 28th Apr.mov,6030,1:40:30,15:10:30,180779,0,0,3,0,0,0,1,3,3
Whole Day 3 - Tues 28th Apr.mov,6040,1:40:40,15:10:40,181079,0,0,2,0,0,0,1,2,2
Whole Day 3 - Tues 28th Apr.mov,6050,1:40:50,15:10:50,181379,1,0,2,0,0,0,1,2,3
Whole Day 3 - Tues 28th Apr.mov,6060,1:41:00,15:11:00,181678,1,0,2,0,0,0,1,2,3
Whole Day 3 - Tues 28th Apr.mov,6070,1:41:10,15:11:10,181978,0,0,4,0,0,0,1,4,4
Whole Day 3 - Tues 28th Apr.mov,6080,1:41:20,15:11:20,182278,0,0,2,0,0,0,1,2,2
Whole Day 3 - Tues 28th Apr.mov,6090,1:41:30,15:11:30,182578,0,0,7,0,0,0,1,7,7
Whole Day 3 - Tues 28th Apr.mov,6100,1:41:40,15:11:40,182878,0,0,7,0,0,0,1,7,7
Whole Day 3 - Tues 28th Apr.mov,6110,1:41:50,15:11:50,183177,0,0,3,0,0,1,1,4,4
Whole Day 3 - Tues 28th Apr.mov,6120,1:42:00,15:12:00,183477,0,0,3,0,0,0,1,3,3
Whole Day 3 - Tues 28th Apr.mov,6130,1:42:10,15:12:10,183777,1,0,5,0,0,0,1,5,6
Whole Day 3 - Tues 28th Apr.mov,6140,1:42:20,15:12:20,184077,1,0,9,0,0,0,1,9,10
Whole Day 3 - Tues 28th Apr.mov,6150,1:42:30,15:12:30,184377,2,0,7,0,0,0,1,7,9
Whole Day 3 - Tues 28th Apr.mov,6160,1:42:40,15:12:40,184676,0,0,7,0,0,0,1,7,7
Whole Day 3 - Tues 28th Apr.mov,6170,1:42:50,15:12:50,184976,0,0,0,0,0,0,1,0,0
Whole Day 3 - Tues 28th Apr.mov,6180,1:43:00,15:13:00,185276,2,1,4,1,0,0,0,5,8
Whole Day 3 - Tues 28th Apr.mov,6190,1:43:10,15:13:10,185576,0,0,3,0,0,0,1,3,3
Whole Day 3 - Tues 28th Apr.mov,6200,1:43:20,15:13:20,185876,0,0,0,0,0,0,1,0,0
Whole Day 3 - Tues 28th Apr.mov,6210,1:43:30,15:13:30,186175,1,0,1,0,0,0,1,1,2
Whole Day 3 - Tues 28th Apr.mov,6220,1:43:40,15:13:40,186475,3,0,0,0,0,0,1,0,3
Whole Day 3 - Tues 28th Apr.mov,6230,1:43:50,15:13:50,186775,4,0,3,0,0,0,1,3,7
Whole Day 3 - Tues 28th Apr.mov,6240,1:44:00,15:14:00,187075,0,0,1,0,0,1,1,2,2
Whole Day 3 - Tues 28th Apr.mov,6250,1:44:10,15:14:10,187375,0,0,4,0,0,0,1,4,4
Whole Day 3 - Tues 28th Apr.mov,6260,1:44:20,15:14:20,187674,0,0,4,0,0,0,1,4,4
Whole Day 3 - Tues 28th Apr.mov,6270,1:44:30,15:14:30,187974,0,0,3,0,0,0,1,3,3
Whole Day 3 - Tues 28th Apr.mov,6280,1:44:40,15:14:40,188274,1,0,3,0,0,0,1,3,4
Whole Day 3 - Tues 28th Apr.mov,6290,1:44:50,15:14:50,188574,1,0,0,0,0,0,1,0,1
Whole Day 3 - Tues 28th Apr.mov,6300,1:45:00,15:15:00,188874,0,0,1,0,0,0,1,1,1
Whole Day 3 - Tues 28th Apr.mov,6310,1:45:10,15:15:10,189173,1,0,3,0,0,0,1,3,4
Whole Day 3 - Tues 28th Apr.mov,6320,1:45:20,15:15:20,189473,0,0,3,0,0,0,1,3,3
Whole Day 3 - Tues 28th Apr.mov,6330,1:45:30,15:15:30,189773,1,0,2,0,0,0,1,2,3
Whole Day 3 - Tues 28th Apr.mov,6340,1:45:40,15:15:40,190073,0,0,5,0,0,0,1,5,5
Whole Day 3 - Tues 28th Apr.mov,6350,1:45:50,15:15:50,190373,1,0,3,0,0,0,1,3,4
Whole Day 3 - Tues 28th Apr.mov,6360,1:46:00,15:16:00,190672,0,0,6,0,0,0,1,6,6
Whole Day 3 - Tues 28th Apr.mov,6370,1:46:10,15:16:10,190972,0,0,4,0,0,0,1,4,4
Whole Day 3 - Tues 28th Apr.mov,6380,1:46:20,15:16:20,191272,0,0,2,0,0,0,1,2,2
Whole Day 3 - Tues 28th Apr.mov,6390,1:46:30,15:16:30,191572,0,0,5,0,0,0,1,5,5
Whole Day 3 - Tues 28th Apr.mov,6400,1:46:40,15:16:40,191872,0,0,3,0,0,0,1,3,3
Whole Day 3 - Tues 28th Apr.mov,6410,1:46:50,15:16:50,192171,0,0,3,0,0,0,1,3,3
Whole Day 3 - Tues 28th Apr.mov,6420,1:47:00,15:17:00,192471,3,0,4,0,0,0,2,4,7
Whole Day 3 - Tues 28th Apr.mov,6430,1:47:10,15:17:10,192771,3,0,8,0,0,0,2,8,11
Whole Day 3 - Tues 28th Apr.mov,6440,1:47:20,15:17:20,193071,1,0,4,0,0,0,1,4,5
Whole Day 3 - Tues 28th Apr.mov,6450,1:47:30,15:17:30,193371,2,0,4,0,0,0,2,4,6
Whole Day 3 - Tues 28th Apr.mov,6460,1:47:40,15:17:40,193670,0,0,3,0,0,0,1,3,3
Whole Day 3 - Tues 28th Apr.mov,6470,1:47:50,15:17:50,193970,2,0,3,0,0,0,2,3,5
Whole Day 3 - Tues 28th Apr.mov,6480,1:48:00,15:18:00,194270,2,0,4,0,0,0,1,4,6
Whole Day 3 - Tues 28th Apr.mov,6490,1:48:10,15:18:10,194570,3,0,5,0,0,0,2,5,8
Whole Day 3 - Tues 28th Apr.mov,6500,1:48:20,15:18:20,194870,2,0,6,0,0,0,0,6,8
Whole Day 3 - Tues 28th Apr.mov,6510,1:48:30,15:18:30,195169,1,0,5,0,0,0,1,5,6
Whole Day 3 - Tues 28th Apr.mov,6520,1:48:40,15:18:40,195469,1,0,4,0,0,0,1,4,5
Whole Day 3 - Tues 28th Apr.mov,6530,1:48:50,15:18:50,195769,1,0,4,0,0,0,1,4,5
Whole Day 3 - Tues 28th Apr.mov,6540,1:49:00,15:19:00,196069,7,0,5,0,0,0,1,5,12
Whole Day 3 - Tues 28th Apr.mov,6550,1:49:10,15:19:10,196369,1,0,6,0,0,1,2,7,8
Whole Day 3 - Tues 28th Apr.mov,6560,1:49:20,15:19:20,196668,0,0,6,0,0,0,2,6,6
Whole Day 3 - Tues 28th Apr.mov,6570,1:49:30,15:19:30,196968,2,0,3,0,0,0,2,3,5
Whole Day 3 - Tues 28th Apr.mov,6580,1:49:40,15:19:40,197268,1,0,6,0,0,0,1,6,7
Whole Day 3 - Tues 28th Apr.mov,6590,1:49:50,15:19:50,197568,1,0,4,0,0,0,1,4,5
Whole Day 3 - Tues 28th Apr.mov,6600,1:50:00,15:20:00,197868,0,0,4,0,0,0,1,4,4
Whole Day 3 - Tues 28th Apr.mov,6610,1:50:10,15:20:10,198167,0,0,1,0,0,0,1,1,1
Whole Day 3 - Tues 28th Apr.mov,6620,1:50:20,15:20:20,198467,0,0,4,0,0,0,1,4,4
Whole Day 3 - Tues 28th Apr.mov,6630,1:50:30,15:20:30,198767,0,0,6,0,0,0,1,6,6
Whole Day 3 - Tues 28th Apr.mov,6640,1:50:40,15:20:40,199067,0,0,5,0,0,0,2,5,5
Whole Day 3 - Tues 28th Apr.mov,6650,1:50:50,15:20:50,199367,0,0,2,0,0,0,1,2,2
Whole Day 3 - Tues 28th Apr.mov,6660,1:51:00,15:21:00,199666,0,0,4,0,0,1,1,5,5
Whole Day 3 - Tues 28th Apr.mov,6670,1:51:10,15:21:10,199966,1,0,5,0,0,0,1,5,6
Whole Day 3 - Tues 28th Apr.mov,6680,1:51:20,15:21:20,200266,1,0,7,0,0,0,1,7,8
Whole Day 3 - Tues 28th Apr.mov,6690,1:51:30,15:21:30,200566,1,0,5,0,0,0,1,5,6
Whole Day 3 - Tues 28th Apr.mov,6700,1:51:40,15:21:40,200866,2,0,1,0,0,0,2,1,3
Whole Day 3 - Tues 28th Apr.mov,6710,1:51:50,15:21:50,201165,1,0,5,0,0,0,2,5,6
Whole Day 3 - Tues 28th Apr.mov,6720,1:52:00,15:22:00,201465,0,0,2,0,0,0,1,2,2
Whole Day 3 - Tues 28th Apr.mov,6730,1:52:10,15:22:10,201765,0,0,2,0,0,0,1,2,2
Whole Day 3 - Tues 28th Apr.mov,6740,1:52:20,15:22:20,202065,0,0,7,0,0,0,1,7,7
Whole Day 3 - Tues 28th Apr.mov,6750,1:52:30,15:22:30,202365,0,0,5,0,0,0,1,5,5
Whole Day 3 - Tues 28th Apr.mov,6760,1:52:40,15:22:40,202664,0,0,5,0,0,0,1,5,5
Whole Day 3 - Tues 28th Apr.mov,6770,1:52:50,15:22:50,202964,0,0,3,0,0,0,1,3,3
Whole Day 3 - Tues 28th Apr.mov,6780,1:53:00,15:23:00,203264,0,0,5,0,0,0,1,5,5
Whole Day 3 - Tues 28th Apr.mov,6790,1:53:10,15:23:10,203564,1,0,2,0,0,0,0,2,3
Whole Day 3 - Tues 28th Apr.mov,6800,1:53:20,15:23:20,203864,3,1,1,0,0,0,2,1,5
Whole Day 3 - Tues 28th Apr.mov,6810,1:53:30,15:23:30,204163,5,0,1,0,0,0,1,1,6
Whole Day 3 - Tues 28th Apr.mov,6820,1:53:40,15:23:40,204463,1,0,1,0,0,0,2,1,2
Whole Day 3 - Tues 28th Apr.mov,6830,1:53:50,15:23:50,204763,1,0,5,0,0,0,1,5,6
Whole Day 3 - Tues 28th Apr.mov,6840,1:54:00,15:24:00,205063,0,0,6,0,0,0,1,6,6
Whole Day 3 - Tues 28th Apr.mov,6850,1:54:10,15:24:10,205363,0,0,5,0,0,0,1,5,5
Whole Day 3 - Tues 28th Apr.mov,6860,1:54:20,15:24:20,205662,1,0,3,0,0,0,1,3,4
Whole Day 3 - Tues 28th Apr.mov,6870,1:54:30,15:24:30,205962,1,0,5,0,0,0,1,5,6
Whole Day 3 - Tues 28th Apr.mov,6880,1:54:40,15:24:40,206262,1,0,3,0,2,0,1,5,6
Whole Day 3 - Tues 28th Apr.mov,6890,1:54:50,15:24:50,206562,0,0,3,0,0,0,2,3,3
Whole Day 3 - Tues 28th Apr.mov,6900,1:55:00,15:25:00,206862,1,0,3,0,0,0,1,3,4
Whole Day 3 - Tues 28th Apr.mov,6910,1:55:10,15:25:10,207161,2,0,3,0,1,0,1,4,6
Whole Day 3 - Tues 28th Apr.mov,6920,1:55:20,15:25:20,207461,3,0,4,0,1,0,2,5,8
Whole Day 3 - Tues 28th Apr.mov,6930,1:55:30,15:25:30,207761,3,0,3,0,1,0,2,4,7
Whole Day 3 - Tues 28th Apr.mov,6940,1:55:40,15:25:40,208061,1,0,5,0,0,0,2,5,6
Whole Day 3 - Tues 28th Apr.mov,6950,1:55:50,15:25:50,208361,0,0,7,0,0,0,2,7,7
Whole Day 3 - Tues 28th Apr.mov,6960,1:56:00,15:26:00,208660,0,0,3,0,0,0,1,3,3
Whole Day 3 - Tues 28th Apr.mov,6970,1:56:10,15:26:10,208960,0,0,0,0,0,0,1,0,0
Whole Day 3 - Tues 28th Apr.mov,6980,1:56:20,15:26:20,209260,0,0,0,0,0,0,1,0,0
Whole Day 3 - Tues 28th Apr.mov,6990,1:56:30,15:26:30,209560,0,0,1,0,1,0,1,2,2
Whole Day 3 - Tues 28th Apr.mov,7000,1:56:40,15:26:40,209860,0,0,0,0,0,0,1,0,0
Whole Day 3 - Tues 28th Apr.mov,7010,1:56:50,15:26:50,210159,4,0,3,0,0,0,1,3,7
Whole Day 3 - Tues 28th Apr.mov,7020,1:57:00,15:27:00,210459,1,0,3,0,0,0,1,3,4
Whole Day 3 - Tues 28th Apr.mov,7030,1:57:10,15:27:10,210759,1,0,4,0,0,0,1,4,5
Whole Day 3 - Tues 28th Apr.mov,7040,1:57:20,15:27:20,211059,1,0,5,0,0,1,1,6,7
Whole Day 3 - Tues 28th Apr.mov,7050,1:57:30,15:27:30,211359,0,0,3,0,0,0,1,3,3
Whole Day 3 - Tues 28th Apr.mov,7060,1:57:40,15:27:40,211658,0,0,5,0,0,2,1,7,7
Whole Day 3 - Tues 28th Apr.mov,7070,1:57:50,15:27:50,211958,0,0,5,0,0,0,1,5,5
Whole Day 3 - Tues 28th Apr.mov,7080,1:58:00,15:28:00,212258,0,0,2,0,0,0,2,2,2
Whole Day 3 - Tues 28th Apr.mov,7090,1:58:10,15:28:10,212558,0,0,2,0,0,0,1,2,2
Whole Day 3 - Tues 28th Apr.mov,7100,1:58:20,15:28:20,212858,1,1,0,0,0,0,1,0,2
Whole Day 3 - Tues 28th Apr.mov,7110,1:58:30,15:28:30,213157,0,0,1,0,0,0,1,1,1
Whole Day 3 - Tues 28th Apr.mov,7120,1:58:40,15:28:40,213457,1,0,1,0,0,0,1,1,2
Whole Day 3 - Tues 28th Apr.mov,7130,1:58:50,15:28:50,213757,0,0,3,0,0,0,2,3,3
Whole Day 3 - Tues 28th Apr.mov,7140,1:59:00,15:29:00,214057,0,0,11,0,0,0,1,11,11
Whole Day 3 - Tues 28th Apr.mov,7150,1:59:10,15:29:10,214357,0,0,3,0,0,0,2,3,3
Whole Day 3 - Tues 28th Apr.mov,7160,1:59:20,15:29:20,214656,0,0,3,0,0,0,1,3,3
Whole Day 3 - Tues 28th Apr.mov,7170,1:59:30,15:29:30,214956,0,0,4,0,0,0,2,4,4
Whole Day 3 - Tues 28th Apr.mov,7180,1:59:40,15:29:40,215256,1,0,1,0,0,0,2,1,2
Whole Day 3 - Tues 28th Apr.mov,7190,1:59:50,15:29:50,215556,0,0,2,0,0,0,2,2,2
Whole Day 3 - Tues 28th Apr.mov,7200,2:00:00,15:30:00,215856,0,0,7,0,0,0,2,7,7
Whole Day 3 - Tues 28th Apr.mov,7210,2:00:10,15:30:10,216155,2,0,10,0,0,0,1,10,12
Whole Day 3 - Tues 28th Apr.mov,7220,2:00:20,15:30:20,216455,1,0,5,0,0,0,2,5,6
Whole Day 3 - Tues 28th Apr.mov,7230,2:00:30,15:30:30,216755,1,0,9,0,0,0,2,9,10
Whole Day 3 - Tues 28th Apr.mov,7240,2:00:40,15:30:40,217055,0,0,6,0,0,0,2,6,6
Whole Day 3 - Tues 28th Apr.mov,7250,2:00:50,15:30:50,217355,0,0,9,0,0,0,2,9,9
Whole Day 3 - Tues 28th Apr.mov,7260,2:01:00,15:31:00,217654,0,0,11,0,0,0,1,11,11
Whole Day 3 - Tues 28th Apr.mov,7270,2:01:10,15:31:10,217954,0,0,4,0,0,0,1,4,4
Whole Day 3 - Tues 28th Apr.mov,7280,2:01:20,15:31:20,218254,0,0,2,0,0,0,1,2,2
Whole Day 3 - Tues 28th Apr.mov,7290,2:01:30,15:31:30,218554,0,0,1,0,0,0,1,1,1
Whole Day 3 - Tues 28th Apr.mov,7300,2:01:40,15:31:40,218854,0,0,0,0,0,0,1,0,0
Whole Day 3 - Tues 28th Apr.mov,7310,2:01:50,15:31:50,219153,0,0,0,0,0,0,1,0,0
Whole Day 3 - Tues 28th Apr.mov,7320,2:02:00,15:32:00,219453,0,0,2,0,0,0,1,2,2
Whole Day 3 - Tues 28th Apr.mov,7330,2:02:10,15:32:10,219753,1,0,2,0,0,0,1,2,3
Whole Day 3 - Tues 28th Apr.mov,7340,2:02:20,15:32:20,220053,1,0,2,0,0,0,1,2,3
Whole Day 3 - Tues 28th Apr.mov,7350,2:02:30,15:32:30,220353,0,0,6,0,0,0,2,6,6
Whole Day 3 - Tues 28th Apr.mov,7360,2:02:40,15:32:40,220652,0,0,6,0,0,0,1,6,6
Whole Day 3 - Tues 28th Apr.mov,7370,2:02:50,15:32:50,220952,1,0,2,0,0,0,1,2,3
Whole Day 3 - Tues 28th Apr.mov,7380,2:03:00,15:33:00,221252,0,0,4,0,0,0,1,4,4
Whole Day 3 - Tues 28th Apr.mov,7390,2:03:10,15:33:10,221552,1,0,0,0,0,0,1,0,1
Whole Day 3 - Tues 28th Apr.mov,7400,2:03:20,15:33:20,221852,1,0,0,0,0,0,1,0,1
Whole Day 3 - Tues 28th Apr.mov,7410,2:03:30,15:33:30,222151,3,0,3,0,0,0,2,3,6
Whole Day 3 - Tues 28th Apr.mov,7420,2:03:40,15:33:40,222451,0,0,5,0,0,0,1,5,5
Whole Day 3 - Tues 28th Apr.mov,7430,2:03:50,15:33:50,222751,0,0,7,0,0,0,1,7,7
Whole Day 3 - Tues 28th Apr.mov,7440,2:04:00,15:34:00,223051,0,0,2,0,0,0,1,2,2
Whole Day 3 - Tues 28th Apr.mov,7450,2:04:10,15:34:10,223351,0,0,11,0,1,1,2,13,13
Whole Day 3 - Tues 28th Apr.mov,7460,2:04:20,15:34:20,223650,0,0,3,0,0,0,1,3,3
Whole Day 3 - Tues 28th Apr.mov,7470,2:04:30,15:34:30,223950,1,0,5,1,0,1,1,7,8
Whole Day 3 - Tues 28th Apr.mov,7480,2:04:40,15:34:40,224250,1,0,4,0,1,1,1,6,7
Whole Day 3 - Tues 28th Apr.mov,7490,2:04:50,15:34:50,224550,0,0,2,0,0,0,1,2,2
Whole Day 3 - Tues 28th Apr.mov,7500,2:05:00,15:35:00,224850,1,0,0,0,0,0,1,0,1
Whole Day 3 - Tues 28th Apr.mov,7510,2:05:10,15:35:10,225149,0,0,3,0,0,0,1,3,3
Whole Day 3 - Tues 28th Apr.mov,7520,2:05:20,15:35:20,225449,0,0,5,0,0,0,1,5,5
Whole Day 3 - Tues 28th Apr.mov,7530,2:05:30,15:35:30,225749,0,0,3,0,0,0,1,3,3
Whole Day 3 - Tues 28th Apr.mov,7540,2:05:40,15:35:40,226049,0,0,3,0,0,0,1,3,3
Whole Day 3 - Tues 28th Apr.mov,7550,2:05:50,15:35:50,226349,0,0,6,0,0,1,1,7,7
Whole Day 3 - Tues 28th Apr.mov,7560,2:06:00,15:36:00,226648,0,0,4,0,0,0,1,4,4
Whole Day 3 - Tues 28th Apr.mov,7570,2:06:10,15:36:10,226948,0,0,1,0,0,0,1,1,1
Whole Day 3 - Tues 28th Apr.mov,7580,2:06:20,15:36:20,227248,0,0,2,0,0,0,1,2,2
Whole Day 3 - Tues 28th Apr.mov,7590,2:06:30,15:36:30,227548,0,0,3,0,0,0,1,3,3
Whole Day 3 - Tues 28th Apr.mov,7600,2:06:40,15:36:40,227848,0,0,1,0,0,0,1,1,1
Whole Day 3 - Tues 28th Apr.mov,7610,2:06:50,15:36:50,228147,1,0,1,0,0,1,2,2,3
Whole Day 3 - Tues 28th Apr.mov,7620,2:07:00,15:37:00,228447,0,0,5,0,0,1,2,6,6
Whole Day 3 - Tues 28th Apr.mov,7630,2:07:10,15:37:10,228747,0,0,3,0,0,1,1,4,4
Whole Day 3 - Tues 28th Apr.mov,7640,2:07:20,15:37:20,229047,0,0,5,0,0,0,1,5,5
Whole Day 3 - Tues 28th Apr.mov,7650,2:07:30,15:37:30,229347,0,0,8,0,0,0,1,8,8
Whole Day 3 - Tues 28th Apr.mov,7660,2:07:40,15:37:40,229646,0,0,4,0,0,0,1,4,4
Whole Day 3 - Tues 28th Apr.mov,7670,2:07:50,15:37:50,229946,0,0,3,0,1,0,1,4,4
Whole Day 3 - Tues 28th Apr.mov,7680,2:08:00,15:38:00,230246,0,0,5,0,0,0,1,5,5
Whole Day 3 - Tues 28th Apr.mov,7690,2:08:10,15:38:10,230546,0,0,6,0,0,0,1,6,6
Whole Day 3 - Tues 28th Apr.mov,7700,2:08:20,15:38:20,230846,0,0,5,0,0,0,1,5,5
Whole Day 3 - Tues 28th Apr.mov,7710,2:08:30,15:38:30,231145,0,0,3,0,0,0,1,3,3
Whole Day 3 - Tues 28th Apr.mov,7720,2:08:40,15:38:40,231445,0,0,0,0,0,0,1,0,0
Whole Day 3 - Tues 28th Apr.mov,7730,2:08:50,15:38:50,231745,0,0,6,0,0,0,2,6,6
Whole Day 3 - Tues 28th Apr.mov,7740,2:09:00,15:39:00,232045,0,0,4,0,0,0,1,4,4
Whole Day 3 - Tues 28th Apr.mov,7750,2:09:10,15:39:10,232345,0,0,3,0,0,0,1,3,3
Whole Day 3 - Tues 28th Apr.mov,7760,2:09:20,15:39:20,232644,0,0,6,0,0,0,1,6,6
Whole Day 3 - Tues 28th Apr.mov,7770,2:09:30,15:39:30,232944,0,0,3,0,1,0,1,4,4
Whole Day 3 - Tues 28th Apr.mov,7780,2:09:40,15:39:40,233244,0,0,7,0,0,0,1,7,7
Whole Day 3 - Tues 28th Apr.mov,7790,2:09:50,15:39:50,233544,0,0,4,0,0,0,1,4,4
Whole Day 3 - Tues 28th Apr.mov,7800,2:10:00,15:40:00,233844,0,0,1,0,1,0,1,2,2
Whole Day 3 - Tues 28th Apr.mov,7810,2:10:10,15:40:10,234143,0,0,2,0,0,0,1,2,2
Whole Day 3 - Tues 28th Apr.mov,7820,2:10:20,15:40:20,234443,0,0,0,0,0,0,1,0,0
Whole Day 3 - Tues 28th Apr.mov,7830,2:10:30,15:40:30,234743,0,0,0,0,0,0,1,0,0
Whole Day 3 - Tues 28th Apr.mov,7840,2:10:40,15:40:40,235043,0,0,1,0,0,0,1,1,1
Whole Day 3 - Tues 28th Apr.mov,7850,2:10:50,15:40:50,235343,1,0,6,0,0,0,1,6,7
Whole Day 3 - Tues 28th Apr.mov,7860,2:11:00,15:41:00,235642,2,0,4,0,0,0,1,4,6
Whole Day 3 - Tues 28th Apr.mov,7870,2:11:10,15:41:10,235942,3,0,3,2,0,0,1,5,8
Whole Day 3 - Tues 28th Apr.mov,7880,2:11:20,15:41:20,236242,0,0,5,0,0,0,1,5,5
Whole Day 3 - Tues 28th Apr.mov,7890,2:11:30,15:41:30,236542,1,0,4,0,0,0,1,4,5
Whole Day 3 - Tues 28th Apr.mov,7900,2:11:40,15:41:40,236842,0,0,0,0,0,0,1,0,0
Whole Day 3 - Tues 28th Apr.mov,7910,2:11:50,15:41:50,237141,0,0,6,0,0,0,1,6,6
Whole Day 3 - Tues 28th Apr.mov,7920,2:12:00,15:42:00,237441,1,0,0,0,0,0,1,0,1
Whole Day 3 - Tues 28th Apr.mov,7930,2:12:10,15:42:10,237741,1,0,0,0,0,0,1,0,1
Whole Day 3 - Tues 28th Apr.mov,7940,2:12:20,15:42:20,238041,0,0,0,0,0,0,1,0,0
Whole Day 3 - Tues 28th Apr.mov,7950,2:12:30,15:42:30,238341,0,0,2,0,1,1,1,4,4
Whole Day 3 - Tues 28th Apr.mov,7960,2:12:40,15:42:40,238640,1,0,2,0,0,1,1,3,4
Whole Day 3 - Tues 28th Apr.mov,7970,2:12:50,15:42:50,238940,0,0,4,0,0,0,1,4,4
Whole Day 3 - Tues 28th Apr.mov,7980,2:13:00,15:43:00,239240,0,0,7,0,0,0,1,7,7
Whole Day 3 - Tues 28th Apr.mov,7990,2:13:10,15:43:10,239540,0,0,7,0,0,0,1,7,7
Whole Day 3 - Tues 28th Apr.mov,8000,2:13:20,15:43:20,239840,0,0,8,0,0,0,0,8,8
Whole Day 3 - Tues 28th Apr.mov,8010,2:13:30,15:43:30,240139,0,0,8,0,0,0,1,8,8
Whole Day 3 - Tues 28th Apr.mov,8020,2:13:40,15:43:40,240439,2,2,2,2,0,0,1,4,8
Whole Day 3 - Tues 28th Apr.mov,8030,2:13:50,15:43:50,240739,0,0,0,0,0,0,1,0,0
Whole Day 3 - Tues 28th Apr.mov,8040,2:14:00,15:44:00,241039,0,0,0,0,0,0,1,0,0
Whole Day 3 - Tues 28th Apr.mov,8050,2:14:10,15:44:10,241339,0,0,4,0,0,0,1,4,4
Whole Day 3 - Tues 28th Apr.mov,8060,2:14:20,15:44:20,241638,0,0,4,0,0,0,1,4,4
Whole Day 3 - Tues 28th Apr.mov,8070,2:14:30,15:44:30,241938,0,0,1,0,1,0,1,2,2
Whole Day 3 - Tues 28th Apr.mov,8080,2:14:40,15:44:40,242238,0,0,8,0,0,0,1,8,8
Whole Day 3 - Tues 28th Apr.mov,8090,2:14:50,15:44:50,242538,0,0,6,0,0,0,1,6,6
Whole Day 3 - Tues 28th Apr.mov,8100,2:15:00,15:45:00,242838,1,0,3,0,0,0,1,3,4
Whole Day 3 - Tues 28th Apr.mov,8110,2:15:10,15:45:10,243137,1,0,4,0,0,0,1,4,5
Whole Day 3 - Tues 28th Apr.mov,8120,2:15:20,15:45:20,243437,1,0,2,0,0,0,1,2,3
Whole Day 3 - Tues 28th Apr.mov,8130,2:15:30,15:45:30,243737,1,0,1,0,0,0,1,1,2
Whole Day 3 - Tues 28th Apr.mov,8140,2:15:40,15:45:40,244037,0,0,2,0,0,0,1,2,2
Whole Day 3 - Tues 28th Apr.mov,8150,2:15:50,15:45:50,244337,0,0,2,0,0,0,1,2,2
Whole Day 3 - Tues 28th Apr.mov,8160,2:16:00,15:46:00,244636,0,0,2,0,0,0,1,2,2
Whole Day 3 - Tues 28th Apr.mov,8170,2:16:10,15:46:10,244936,2,0,2,0,0,0,1,2,4
Whole Day 3 - Tues 28th Apr.mov,8180,2:16:20,15:46:20,245236,0,0,3,0,1,0,1,4,4
Whole Day 3 - Tues 28th Apr.mov,8190,2:16:30,15:46:30,245536,0,0,6,0,0,1,1,7,7
Whole Day 3 - Tues 28th Apr.mov,8200,2:16:40,15:46:40,245836,0,0,2,0,1,0,1,3,3
Whole Day 3 - Tues 28th Apr.mov,8210,2:16:50,15:46:50,246135,0,0,6,0,0,1,1,7,7
Whole Day 3 - Tues 28th Apr.mov,8220,2:17:00,15:47:00,246435,0,0,5,0,0,0,1,5,5
Whole Day 3 - Tues 28th Apr.mov,8230,2:17:10,15:47:10,246735,0,0,5,0,0,0,1,5,5
Whole Day 3 - Tues 28th Apr.mov,8240,2:17:20,15:47:20,247035,0,0,1,0,0,0,1,1,1
Whole Day 3 - Tues 28th Apr.mov,8250,2:17:30,15:47:30,247335,1,0,2,0,0,0,1,2,3
Whole Day 3 - Tues 28th Apr.mov,8260,2:17:40,15:47:40,247634,0,0,1,0,0,0,1,1,1
Whole Day 3 - Tues 28th Apr.mov,8270,2:17:50,15:47:50,247934,0,0,1,0,0,0,1,1,1
Whole Day 3 - Tues 28th Apr.mov,8280,2:18:00,15:48:00,248234,0,0,5,0,0,1,1,6,6
Whole Day 3 - Tues 28th Apr.mov,8290,2:18:10,15:48:10,248534,0,0,5,0,0,0,1,5,5
Whole Day 3 - Tues 28th Apr.mov,8300,2:18:20,15:48:20,248834,0,0,3,0,0,0,1,3,3
Whole Day 3 - Tues 28th Apr.mov,8310,2:18:30,15:48:30,249133,0,0,0,0,0,0,1,0,0
Whole Day 3 - Tues 28th Apr.mov,8320,2:18:40,15:48:40,249433,0,0,0,0,0,1,1,1,1
Whole Day 3 - Tues 28th Apr.mov,8330,2:18:50,15:48:50,249733,0,0,2,0,0,1,1,3,3
Whole Day 3 - Tues 28th Apr.mov,8340,2:19:00,15:49:00,250033,0,0,1,0,0,1,1,2,2
Whole Day 3 - Tues 28th Apr.mov,8350,2:19:10,15:49:10,250333,0,0,4,0,0,1,1,5,5
Whole Day 3 - Tues 28th Apr.mov,8360,2:19:20,15:49:20,250632,1,0,3,0,0,0,1,3,4
Whole Day 3 - Tues 28th Apr.mov,8370,2:19:30,15:49:30,250932,1,0,4,1,0,0,1,5,6
Whole Day 3 - Tues 28th Apr.mov,8380,2:19:40,15:49:40,251232,0,0,7,0,0,0,1,7,7
Whole Day 3 - Tues 28th Apr.mov,8390,2:19:50,15:49:50,251532,0,0,2,0,0,0,1,2,2
Whole Day 3 - Tues 28th Apr.mov,8400,2:20:00,15:50:00,251832,0,0,2,0,0,0,1,2,2
Whole Day 3 - Tues 28th Apr.mov,8410,2:20:10,15:50:10,252131,0,0,4,1,0,0,1,5,5
Whole Day 3 - Tues 28th Apr.mov,8420,2:20:20,15:50:20,252431,0,0,4,0,0,0,1,4,4
Whole Day 3 - Tues 28th Apr.mov,8430,2:20:30,15:50:30,252731,0,0,0,0,0,0,1,0,0
Whole Day 3 - Tues 28th Apr.mov,8440,2:20:40,15:50:40,253031,0,0,4,0,0,0,1,4,4
Whole Day 3 - Tues 28th Apr.mov,8450,2:20:50,15:50:50,253331,0,0,5,0,0,0,1,5,5
Whole Day 3 - Tues 28th Apr.mov,8460,2:21:00,15:51:00,253630,0,0,3,0,0,0,1,3,3
Whole Day 3 - Tues 28th Apr.mov,8470,2:21:10,15:51:10,253930,0,0,4,0,0,2,1,6,6
Whole Day 3 - Tues 28th Apr.mov,8480,2:21:20,15:51:20,254230,0,0,0,0,0,0,1,0,0
Whole Day 3 - Tues 28th Apr.mov,8490,2:21:30,15:51:30,254530,1,0,5,0,0,0,1,5,6
Whole Day 3 - Tues 28th Apr.mov,8500,2:21:40,15:51:40,254830,1,0,6,0,0,0,1,6,7
Whole Day 3 - Tues 28th Apr.mov,8510,2:21:50,15:51:50,255129,0,0,5,0,0,0,1,5,5
Whole Day 3 - Tues 28th Apr.mov,8520,2:22:00,15:52:00,255429,0,0,6,0,0,0,1,6,6
Whole Day 3 - Tues 28th Apr.mov,8530,2:22:10,15:52:10,255729,0,0,7,0,0,0,1,7,7
Whole Day 3 - Tues 28th Apr.mov,8540,2:22:20,15:52:20,256029,0,0,3,0,0,0,1,3,3
Whole Day 3 - Tues 28th Apr.mov,8550,2:22:30,15:52:30,256329,0,0,2,0,0,0,1,2,2
Whole Day 3 - Tues 28th Apr.mov,8560,2:22:40,15:52:40,256628,0,0,6,0,0,0,1,6,6
Whole Day 3 - Tues 28th Apr.mov,8570,2:22:50,15:52:50,256928,1,0,0,1,0,0,1,1,2
Whole Day 3 - Tues 28th Apr.mov,8580,2:23:00,15:53:00,257228,0,0,2,0,0,0,1,2,2
Whole Day 3 - Tues 28th Apr.mov,8590,2:23:10,15:53:10,257528,0,0,3,0,0,0,1,3,3
Whole Day 3 - Tues 28th Apr.mov,8600,2:23:20,15:53:20,257828,0,0,4,0,0,0,1,4,4
Whole Day 3 - Tues 28th Apr.mov,8610,2:23:30,15:53:30,258127,0,0,5,0,0,0,1,5,5
Whole Day 3 - Tues 28th Apr.mov,8620,2:23:40,15:53:40,258427,0,0,2,0,0,0,1,2,2
Whole Day 3 - Tues 28th Apr.mov,8630,2:23:50,15:53:50,258727,0,0,4,0,2,1,1,7,7
Whole Day 3 - Tues 28th Apr.mov,8640,2:24:00,15:54:00,259027,0,0,2,0,0,0,1,2,2
Whole Day 3 - Tues 28th Apr.mov,8650,2:24:10,15:54:10,259327,0,0,3,0,0,0,1,3,3
Whole Day 3 - Tues 28th Apr.mov,8660,2:24:20,15:54:20,259626,0,0,6,0,0,0,1,6,6
Whole Day 3 - Tues 28th Apr.mov,8670,2:24:30,15:54:30,259926,0,0,8,0,0,0,1,8,8
Whole Day 3 - Tues 28th Apr.mov,8680,2:24:40,15:54:40,260226,0,0,4,0,0,0,1,4,4
Whole Day 3 - Tues 28th Apr.mov,8690,2:24:50,15:54:50,260526,0,0,6,0,0,0,1,6,6
Whole Day 3 - Tues 28th Apr.mov,8700,2:25:00,15:55:00,260826,0,0,6,0,0,0,1,6,6
Whole Day 3 - Tues 28th Apr.mov,8710,2:25:10,15:55:10,261125,0,0,3,0,0,0,1,3,3
Whole Day 3 - Tues 28th Apr.mov,8720,2:25:20,15:55:20,261425,0,0,3,0,0,0,1,3,3
Whole Day 3 - Tues 28th Apr.mov,8730,2:25:30,15:55:30,261725,0,0,4,0,0,0,1,4,4
Whole Day 3 - Tues 28th Apr.mov,8740,2:25:40,15:55:40,262025,0,0,1,0,0,0,1,1,1
Whole Day 3 - Tues 28th Apr.mov,8750,2:25:50,15:55:50,262325,0,0,2,2,0,0,1,4,4
Whole Day 3 - Tues 28th Apr.mov,8760,2:26:00,15:56:00,262624,0,0,6,0,0,0,1,6,6
Whole Day 3 - Tues 28th Apr.mov,8770,2:26:10,15:56:10,262924,0,0,2,0,0,0,1,2,2
Whole Day 3 - Tues 28th Apr.mov,8780,2:26:20,15:56:20,263224,0,0,7,0,0,1,1,8,8
Whole Day 3 - Tues 28th Apr.mov,8790,2:26:30,15:56:30,263524,0,0,3,0,0,0,1,3,3
Whole Day 3 - Tues 28th Apr.mov,8800,2:26:40,15:56:40,263824,0,0,9,0,0,0,1,9,9
Whole Day 3 - Tues 28th Apr.mov,8810,2:26:50,15:56:50,264123,1,0,3,0,0,0,1,3,4
Whole Day 3 - Tues 28th Apr.mov,8820,2:27:00,15:57:00,264423,0,0,4,0,0,0,1,4,4
Whole Day 3 - Tues 28th Apr.mov,8830,2:27:10,15:57:10,264723,0,0,0,0,0,0,1,0,0
Whole Day 3 - Tues 28th Apr.mov,8840,2:27:20,15:57:20,265023,0,0,1,0,0,0,1,1,1
Whole Day 3 - Tues 28th Apr.mov,8850,2:27:30,15:57:30,265323,0,0,6,0,0,0,1,6,6
Whole Day 3 - Tues 28th Apr.mov,8860,2:27:40,15:57:40,265622,0,0,1,0,0,0,1,1,1
Whole Day 3 - Tues 28th Apr.mov,8870,2:27:50,15:57:50,265922,2,0,4,0,0,0,1,4,6
Whole Day 3 - Tues 28th Apr.mov,8880,2:28:00,15:58:00,266222,1,0,6,0,0,0,1,6,7
Whole Day 3 - Tues 28th Apr.mov,8890,2:28:10,15:58:10,266522,0,0,4,0,0,0,1,4,4
Whole Day 3 - Tues 28th Apr.mov,8900,2:28:20,15:58:20,266822,1,0,6,0,0,0,1,6,7
Whole Day 3 - Tues 28th Apr.mov,8910,2:28:30,15:58:30,267121,0,0,4,0,0,0,1,4,4
Whole Day 3 - Tues 28th Apr.mov,8920,2:28:40,15:58:40,267421,0,0,5,0,0,0,1,5,5
Whole Day 3 - Tues 28th Apr.mov,8930,2:28:50,15:58:50,267721,0,0,5,0,0,0,1,5,5
Whole Day 3 - Tues 28th Apr.mov,8940,2:29:00,15:59:00,268021,0,0,4,0,0,0,1,4,4
Whole Day 3 - Tues 28th Apr.mov,8950,2:29:10,15:59:10,268321,0,0,1,0,2,0,1,3,3
Whole Day 3 - Tues 28th Apr.mov,8960,2:29:20,15:59:20,268620,0,0,3,0,0,0,1,3,3
Whole Day 3 - Tues 28th Apr.mov,8970,2:29:30,15:59:30,268920,3,0,5,0,0,0,1,5,8
Whole Day 3 - Tues 28th Apr.mov,8980,2:29:40,15:59:40,269220,1,0,5,1,0,0,1,6,7
Whole Day 3 - Tues 28th Apr.mov,8990,2:29:50,15:59:50,269520,0,0,6,1,0,1,1,8,8
Whole Day 3 - Tues 28th Apr.mov,9000,2:30:00,16:00:00,269820,0,0,4,0,0,1,1,5,5
Whole Day 3 - Tues 28th Apr.mov,9010,2:30:10,16:00:10,270119,0,0,1,0,0,0,1,1,1
Whole Day 3 - Tues 28th Apr.mov,9020,2:30:20,16:00:20,270419,0,0,9,0,0,0,1,9,9
Whole Day 3 - Tues 28th Apr.mov,9030,2:30:30,16:00:30,270719,0,0,8,0,0,0,1,8,8
Whole Day 3 - Tues 28th Apr.mov,9040,2:30:40,16:00:40,271019,0,0,2,0,0,0,1,2,2
Whole Day 3 - Tues 28th Apr.mov,9050,2:30:50,16:00:50,271319,0,0,2,0,0,0,1,2,2
Whole Day 3 - Tues 28th Apr.mov,9060,2:31:00,16:01:00,271618,0,0,3,0,0,0,0,3,3
Whole Day 3 - Tues 28th Apr.mov,9070,2:31:10,16:01:10,271918,0,0,3,0,0,0,0,3,3
Whole Day 3 - Tues 28th Apr.mov,9080,2:31:20,16:01:20,272218,0,0,4,0,0,0,0,4,4
Whole Day 3 - Tues 28th Apr.mov,9090,2:31:30,16:01:30,272518,1,0,3,0,0,0,0,3,4
Whole Day 3 - Tues 28th Apr.mov,9100,2:31:40,16:01:40,272818,0,0,4,0,0,0,0,4,4
Whole Day 3 - Tues 28th Apr.mov,9110,2:31:50,16:01:50,273117,1,0,6,0,0,0,0,6,7
Whole Day 3 - Tues 28th Apr.mov,9120,2:32:00,16:02:00,273417,0,0,6,0,0,0,0,6,6
Whole Day 3 - Tues 28th Apr.mov,9130,2:32:10,16:02:10,273717,0,0,7,0,0,0,0,7,7
Whole Day 3 - Tues 28th Apr.mov,9140,2:32:20,16:02:20,274017,2,0,4,0,0,0,0,4,6
Whole Day 3 - Tues 28th Apr.mov,9150,2:32:30,16:02:30,274317,0,0,6,0,0,1,0,7,7
Whole Day 3 - Tues 28th Apr.mov,9160,2:32:40,16:02:40,274616,0,0,9,0,0,0,0,9,9
Whole Day 3 - Tues 28th Apr.mov,9170,2:32:50,16:02:50,274916,0,0,6,0,0,0,0,6,6
Whole Day 3 - Tues 28th Apr.mov,9180,2:33:00,16:03:00,275216,1,0,1,0,1,0,1,2,3
Whole Day 3 - Tues 28th Apr.mov,9190,2:33:10,16:03:10,275516,0,0,3,0,1,1,0,5,5
Whole Day 3 - Tues 28th Apr.mov,9200,2:33:20,16:03:20,275816,0,0,1,0,1,1,1,3,3
Whole Day 3 - Tues 28th Apr.mov,9210,2:33:30,16:03:30,276115,2,0,5,0,1,1,0,7,9
Whole Day 3 - Tues 28th Apr.mov,9220,2:33:40,16:03:40,276415,0,0,3,0,0,0,0,3,3
Whole Day 3 - Tues 28th Apr.mov,9230,2:33:50,16:03:50,276715,0,0,7,0,0,0,0,7,7
Whole Day 3 - Tues 28th Apr.mov,9240,2:34:00,16:04:00,277015,0,0,1,0,0,1,1,2,2
Whole Day 3 - Tues 28th Apr.mov,9250,2:34:10,16:04:10,277315,0,0,0,0,0,0,0,0,0
Whole Day 3 - Tues 28th Apr.mov,9260,2:34:20,16:04:20,277614,0,0,3,0,0,1,0,4,4
Whole Day 3 - Tues 28th Apr.mov,9270,2:34:30,16:04:30,277914,2,0,1,0,0,1,1,2,4
Whole Day 3 - Tues 28th Apr.mov,9280,2:34:40,16:04:40,278214,0,0,4,0,0,0,1,4,4
Whole Day 3 - Tues 28th Apr.mov,9290,2:34:50,16:04:50,278514,1,0,1,0,0,0,1,1,2
Whole Day 3 - Tues 28th Apr.mov,9300,2:35:00,16:05:00,278814,0,0,7,0,0,4,0,11,11
Whole Day 3 - Tues 28th Apr.mov,9310,2:35:10,16:05:10,279113,0,0,2,0,0,1,0,3,3
Whole Day 3 - Tues 28th Apr.mov,9320,2:35:20,16:05:20,279413,1,0,2,0,0,0,1,2,3
Whole Day 3 - Tues 28th Apr.mov,9330,2:35:30,16:05:30,279713,0,0,0,0,0,0,1,0,0
Whole Day 3 - Tues 28th Apr.mov,9340,2:35:40,16:05:40,280013,2,0,3,0,0,0,0,3,5
Whole Day 3 - Tues 28th Apr.mov,9350,2:35:50,16:05:50,280313,1,0,3,0,0,1,1,4,5
Whole Day 3 - Tues 28th Apr.mov,9360,2:36:00,16:06:00,280612,1,0,0,0,0,0,1,0,1
Whole Day 3 - Tues 28th Apr.mov,9370,2:36:10,16:06:10,280912,1,0,0,0,0,0,1,0,1
Whole Day 3 - Tues 28th Apr.mov,9380,2:36:20,16:06:20,281212,1,0,2,0,0,1,1,3,4
Whole Day 3 - Tues 28th Apr.mov,9390,2:36:30,16:06:30,281512,0,0,4,0,0,0,1,4,4
Whole Day 3 - Tues 28th Apr.mov,9400,2:36:40,16:06:40,281812,2,0,3,0,0,2,1,5,7
Whole Day 3 - Tues 28th Apr.mov,9410,2:36:50,16:06:50,282111,2,0,5,0,0,2,0,7,9
Whole Day 3 - Tues 28th Apr.mov,9420,2:37:00,16:07:00,282411,0,0,8,0,0,2,0,10,10
Whole Day 3 - Tues 28th Apr.mov,9430,2:37:10,16:07:10,282711,2,0,8,0,0,1,0,9,11
Whole Day 3 - Tues 28th Apr.mov,9440,2:37:20,16:07:20,283011,0,0,8,0,0,1,1,9,9
Whole Day 3 - Tues 28th Apr.mov,9450,2:37:30,16:07:30,283311,3,0,3,0,0,0,1,3,6
Whole Day 3 - Tues 28th Apr.mov,9460,2:37:40,16:07:40,283610,0,0,4,0,0,1,1,5,5
Whole Day 3 - Tues 28th Apr.mov,9470,2:37:50,16:07:50,283910,0,0,1,0,0,1,1,2,2
Whole Day 3 - Tues 28th Apr.mov,9480,2:38:00,16:08:00,284210,0,0,2,0,0,1,0,3,3
Whole Day 3 - Tues 28th Apr.mov,9490,2:38:10,16:08:10,284510,2,0,4,0,0,1,0,5,7
Whole Day 3 - Tues 28th Apr.mov,9500,2:38:20,16:08:20,284810,1,0,1,0,1,1,0,3,4
Whole Day 3 - Tues 28th Apr.mov,9510,2:38:30,16:08:30,285109,3,0,2,0,1,1,1,4,7
Whole Day 3 - Tues 28th Apr.mov,9520,2:38:40,16:08:40,285409,1,0,2,0,0,1,0,3,4
Whole Day 3 - Tues 28th Apr.mov,9530,2:38:50,16:08:50,285709,0,0,3,0,0,1,1,4,4
Whole Day 3 - Tues 28th Apr.mov,9540,2:39:00,16:09:00,286009,0,0,6,0,0,1,0,7,7
Whole Day 3 - Tues 28th Apr.mov,9550,2:39:10,16:09:10,286309,2,0,4,0,0,1,0,5,7
Whole Day 3 - Tues 28th Apr.mov,9560,2:39:20,16:09:20,286608,1,0,7,0,1,1,1,9,10
Whole Day 3 - Tues 28th Apr.mov,9570,2:39:30,16:09:30,286908,0,0,2,0,1,1,0,4,4
Whole Day 3 - Tues 28th Apr.mov,9580,2:39:40,16:09:40,287208,0,0,5,0,1,1,0,7,7
Whole Day 3 - Tues 28th Apr.mov,9590,2:39:50,16:09:50,287508,0,0,4,0,1,1,0,6,6
Whole Day 3 - Tues 28th Apr.mov,9600,2:40:00,16:10:00,287808,1,0,1,0,0,1,0,2,3
Whole Day 3 - Tues 28th Apr.mov,9610,2:40:10,16:10:10,288107,1,0,3,0,1,1,1,5,6
Whole Day 3 - Tues 28th Apr.mov,9620,2:40:20,16:10:20,288407,1,0,1,0,0,1,1,2,3
Whole Day 3 - Tues 28th Apr.mov,9630,2:40:30,16:10:30,288707,1,0,3,0,0,1,1,4,5
Whole Day 3 - Tues 28th Apr.mov,9640,2:40:40,16:10:40,289007,0,0,4,0,0,1,0,5,5
Whole Day 3 - Tues 28th Apr.mov,9650,2:40:50,16:10:50,289307,0,0,8,0,0,1,1,9,9
Whole Day 3 - Tues 28th Apr.mov,9660,2:41:00,16:11:00,289606,2,0,6,0,1,0,0,7,9
Whole Day 3 - Tues 28th Apr.mov,9670,2:41:10,16:11:10,289906,0,0,9,0,0,1,1,10,10
Whole Day 3 - Tues 28th Apr.mov,9680,2:41:20,16:11:20,290206,0,0,3,0,0,1,1,4,4
Whole Day 3 - Tues 28th Apr.mov,9690,2:41:30,16:11:30,290506,0,0,2,0,0,1,1,3,3
Whole Day 3 - Tues 28th Apr.mov,9700,2:41:40,16:11:40,290806,1,0,0,0,0,0,0,0,1
Whole Day 3 - Tues 28th Apr.mov,9710,2:41:50,16:11:50,291105,1,0,2,0,0,0,1,2,3
Whole Day 3 - Tues 28th Apr.mov,9720,2:42:00,16:12:00,291405,2,0,3,0,0,0,1,3,5
Whole Day 3 - Tues 28th Apr.mov,9730,2:42:10,16:12:10,291705,1,0,0,0,0,0,0,0,1
Whole Day 3 - Tues 28th Apr.mov,9740,2:42:20,16:12:20,292005,0,0,2,1,0,0,1,3,3
Whole Day 3 - Tues 28th Apr.mov,9750,2:42:30,16:12:30,292305,0,0,5,0,0,0,0,5,5
Whole Day 3 - Tues 28th Apr.mov,9760,2:42:40,16:12:40,292604,0,0,3,0,0,1,0,4,4
Whole Day 3 - Tues 28th Apr.mov,9770,2:42:50,16:12:50,292904,2,0,6,0,0,1,1,7,9
Whole Day 3 - Tues 28th Apr.mov,9780,2:43:00,16:13:00,293204,1,0,2,0,0,1,0,3,4
Whole Day 3 - Tues 28th Apr.mov,9790,2:43:10,16:13:10,293504,0,0,1,0,0,1,0,2,2
Whole Day 3 - Tues 28th Apr.mov,9800,2:43:20,16:13:20,293804,0,0,2,0,0,1,0,3,3
Whole Day 3 - Tues 28th Apr.mov,9810,2:43:30,16:13:30,294103,0,0,3,0,0,1,0,4,4
Whole Day 3 - Tues 28th Apr.mov,9820,2:43:40,16:13:40,294403,2,0,1,0,0,1,0,2,4
Whole Day 3 - Tues 28th Apr.mov,9830,2:43:50,16:13:50,294703,0,0,3,0,0,0,0,3,3
Whole Day 3 - Tues 28th Apr.mov,9840,2:44:00,16:14:00,295003,0,0,2,0,0,1,1,3,3
Whole Day 3 - Tues 28th Apr.mov,9850,2:44:10,16:14:10,295303,0,0,2,0,0,0,0,2,2
Whole Day 3 - Tues 28th Apr.mov,9860,2:44:20,16:14:20,295602,0,0,4,0,0,1,0,5,5
Whole Day 3 - Tues 28th Apr.mov,9870,2:44:30,16:14:30,295902,2,0,0,0,0,1,0,1,3
Whole Day 3 - Tues 28th Apr.mov,9880,2:44:40,16:14:40,296202,1,0,1,0,0,0,0,1,2
Whole Day 3 - Tues 28th Apr.mov,9890,2:44:50,16:14:50,296502,2,0,0,0,0,0,0,0,2
Whole Day 3 - Tues 28th Apr.mov,9900,2:45:00,16:15:00,296802,1,0,6,1,0,0,0,7,8
Whole Day 3 - Tues 28th Apr.mov,9910,2:45:10,16:15:10,297101,0,0,3,1,0,0,0,4,4
Whole Day 3 - Tues 28th Apr.mov,9920,2:45:20,16:15:20,297401,0,0,9,0,0,0,0,9,9
Whole Day 3 - Tues 28th Apr.mov,9930,2:45:30,16:15:30,297701,0,0,3,0,0,0,0,3,3
Whole Day 3 - Tues 28th Apr.mov,9940,2:45:40,16:15:40,298001,0,0,3,0,0,0,0,3,3
Whole Day 3 - Tues 28th Apr.mov,9950,2:45:50,16:15:50,298301,0,0,1,0,0,0,0,1,1
Whole Day 3 - Tues 28th Apr.mov,9960,2:46:00,16:16:00,298600,0,0,3,0,0,0,0,3,3
Whole Day 3 - Tues 28th Apr.mov,9970,2:46:10,16:16:10,298900,0,0,1,0,0,0,0,1,1
Whole Day 3 - Tues 28th Apr.mov,9980,2:46:20,16:16:20,299200,1,0,0,0,0,1,0,1,2
Whole Day 3 - Tues 28th Apr.mov,9990,2:46:30,16:16:30,299500,1,0,1,0,0,1,0,2,3
Whole Day 3 - Tues 28th Apr.mov,10000,2:46:40,16:16:40,299800,0,0,7,0,0,1,0,8,8
Whole Day 3 - Tues 28th Apr.mov,10010,2:46:50,16:16:50,300099,0,0,4,0,0,1,0,5,5
Whole Day 3 - Tues 28th Apr.mov,10020,2:47:00,16:17:00,300399,0,0,0,0,0,2,0,2,2
Whole Day 3 - Tues 28th Apr.mov,10030,2:47:10,16:17:10,300699,0,0,1,0,0,0,1,1,1
Whole Day 3 - Tues 28th Apr.mov,10040,2:47:20,16:17:20,300999,0,0,0,0,0,1,0,1,1
Whole Day 3 - Tues 28th Apr.mov,10050,2:47:30,16:17:30,301299,1,0,0,0,0,0,0,0,1
Whole Day 3 - Tues 28th Apr.mov,10060,2:47:40,16:17:40,301598,0,0,0,0,0,0,0,0,0
Whole Day 3 - Tues 28th Apr.mov,10070,2:47:50,16:17:50,301898,0,0,1,0,0,0,1,1,1
Whole Day 3 - Tues 28th Apr.mov,10080,2:48:00,16:18:00,302198,0,0,1,0,0,0,0,1,1
Whole Day 3 - Tues 28th Apr.mov,10090,2:48:10,16:18:10,302498,1,0,9,0,0,1,0,10,11
Whole Day 3 - Tues 28th Apr.mov,10100,2:48:20,16:18:20,302798,0,0,10,0,0,0,0,10,10
Whole Day 3 - Tues 28th Apr.mov,10110,2:48:30,16:18:30,303097,0,0,5,0,0,0,0,5,5
Whole Day 3 - Tues 28th Apr.mov,10120,2:48:40,16:18:40,303397,0,0,0,0,0,0,0,0,0
Whole Day 3 - Tues 28th Apr.mov,10130,2:48:50,16:18:50,303697,0,0,0,0,0,0,0,0,0
Whole Day 3 - Tues 28th Apr.mov,10140,2:49:00,16:19:00,303997,1,0,1,0,0,0,0,1,2
Whole Day 3 - Tues 28th Apr.mov,10150,2:49:10,16:19:10,304297,0,0,3,0,0,0,0,3,3
Whole Day 3 - Tues 28th Apr.mov,10160,2:49:20,16:19:20,304596,0,0,1,0,0,0,0,1,1
Whole Day 3 - Tues 28th Apr.mov,10170,2:49:30,16:19:30,304896,0,0,4,0,0,0,0,4,4
Whole Day 3 - Tues 28th Apr.mov,10180,2:49:40,16:19:40,305196,0,0,4,0,0,0,0,4,4
Whole Day 3 - Tues 28th Apr.mov,10190,2:49:50,16:19:50,305496,0,0,1,0,0,0,0,1,1
Whole Day 3 - Tues 28th Apr.mov,10200,2:50:00,16:20:00,305796,0,0,1,0,0,0,0,1,1
Whole Day 3 - Tues 28th Apr.mov,10210,2:50:10,16:20:10,306095,0,0,1,0,0,2,0,3,3
Whole Day 3 - Tues 28th Apr.mov,10220,2:50:20,16:20:20,306395,1,0,4,0,0,0,0,4,5
Whole Day 3 - Tues 28th Apr.mov,10230,2:50:30,16:20:30,306695,2,0,3,0,0,0,0,3,5
Whole Day 3 - Tues 28th Apr.mov,10240,2:50:40,16:20:40,306995,1,0,3,0,0,0,0,3,4
Whole Day 3 - Tues 28th Apr.mov,10250,2:50:50,16:20:50,307295,0,0,1,0,0,0,0,1,1
Whole Day 3 - Tues 28th Apr.mov,10260,2:51:00,16:21:00,307594,0,0,8,0,0,0,0,8,8
Whole Day 3 - Tues 28th Apr.mov,10270,2:51:10,16:21:10,307894,0,0,4,0,0,0,0,4,4
Whole Day 3 - Tues 28th Apr.mov,10280,2:51:20,16:21:20,308194,0,0,3,0,0,0,0,3,3
Whole Day 3 - Tues 28th Apr.mov,10290,2:51:30,16:21:30,308494,2,0,5,0,0,0,0,5,7
Whole Day 3 - Tues 28th Apr.mov,10300,2:51:40,16:21:40,308794,2,0,2,0,0,0,0,2,4
Whole Day 3 - Tues 28th Apr.mov,10310,2:51:50,16:21:50,309093,0,0,4,0,0,0,0,4,4
Whole Day 3 - Tues 28th Apr.mov,10320,2:52:00,16:22:00,309393,0,0,4,0,0,0,0,4,4
Whole Day 3 - Tues 28th Apr.mov,10330,2:52:10,16:22:10,309693,0,0,6,0,0,1,0,7,7
Whole Day 3 - Tues 28th Apr.mov,10340,2:52:20,16:22:20,309993,0,0,2,0,0,0,0,2,2
Whole Day 3 - Tues 28th Apr.mov,10350,2:52:30,16:22:30,310293,0,0,2,0,0,0,0,2,2
Whole Day 3 - Tues 28th Apr.mov,10360,2:52:40,16:22:40,310592,0,0,3,0,0,0,0,3,3
Whole Day 3 - Tues 28th Apr.mov,10370,2:52:50,16:22:50,310892,0,0,4,0,0,0,0,4,4
Whole Day 3 - Tues 28th Apr.mov,10380,2:53:00,16:23:00,311192,0,0,5,0,0,0,2,5,5
Whole Day 3 - Tues 28th Apr.mov,10390,2:53:10,16:23:10,311492,0,0,4,0,0,0,0,4,4
Whole Day 3 - Tues 28th Apr.mov,10400,2:53:20,16:23:20,311792,0,0,6,0,0,0,0,6,6
Whole Day 3 - Tues 28th Apr.mov,10410,2:53:30,16:23:30,312091,0,0,4,0,0,0,0,4,4
Whole Day 3 - Tues 28th Apr.mov,10420,2:53:40,16:23:40,312391,0,0,8,0,0,0,0,8,8
Whole Day 3 - Tues 28th Apr.mov,10430,2:53:50,16:23:50,312691,1,0,4,0,0,0,0,4,5
Whole Day 3 - Tues 28th Apr.mov,10440,2:54:00,16:24:00,312991,0,0,8,0,0,0,0,8,8
Whole Day 3 - Tues 28th Apr.mov,10450,2:54:10,16:24:10,313291,0,0,5,0,0,0,0,5,5
Whole Day 3 - Tues 28th Apr.mov,10460,2:54:20,16:24:20,313590,1,0,2,0,0,0,0,2,3
Whole Day 3 - Tues 28th Apr.mov,10470,2:54:30,16:24:30,313890,0,0,1,0,0,0,0,1,1
Whole Day 3 - Tues 28th Apr.mov,10480,2:54:40,16:24:40,314190,0,0,0,0,0,0,0,0,0
Whole Day 3 - Tues 28th Apr.mov,10490,2:54:50,16:24:50,314490,0,0,2,0,0,0,1,2,2
Whole Day 3 - Tues 28th Apr.mov,10500,2:55:00,16:25:00,314790,0,0,4,0,0,1,0,5,5
Whole Day 3 - Tues 28th Apr.mov,10510,2:55:10,16:25:10,315089,0,0,3,0,0,0,0,3,3
Whole Day 3 - Tues 28th Apr.mov,10520,2:55:20,16:25:20,315389,0,0,3,0,0,0,0,3,3
Whole Day 3 - Tues 28th Apr.mov,10530,2:55:30,16:25:30,315689,0,0,5,0,0,0,0,5,5
Whole Day 3 - Tues 28th Apr.mov,10540,2:55:40,16:25:40,315989,0,0,4,0,0,1,1,5,5
Whole Day 3 - Tues 28th Apr.mov,10550,2:55:50,16:25:50,316289,1,0,6,0,0,0,2,6,7
Whole Day 3 - Tues 28th Apr.mov,10560,2:56:00,16:26:00,316588,2,0,9,0,0,0,2,9,11
Whole Day 3 - Tues 28th Apr.mov,10570,2:56:10,16:26:10,316888,0,0,7,1,0,0,2,8,8
Whole Day 3 - Tues 28th Apr.mov,10580,2:56:20,16:26:20,317188,0,0,8,0,0,0,0,8,8
Whole Day 3 - Tues 28th Apr.mov,10590,2:56:30,16:26:30,317488,0,0,6,0,0,2,1,8,8
Whole Day 3 - Tues 28th Apr.mov,10600,2:56:40,16:26:40,317788,0,0,7,0,2,0,1,9,9
Whole Day 3 - Tues 28th Apr.mov,10610,2:56:50,16:26:50,318087,0,0,4,0,0,0,1,4,4
Whole Day 3 - Tues 28th Apr.mov,10620,2:57:00,16:27:00,318387,0,0,7,0,0,0,1,7,7
Whole Day 3 - Tues 28th Apr.mov,10630,2:57:10,16:27:10,318687,0,0,0,0,0,0,1,0,0
Whole Day 3 - Tues 28th Apr.mov,10640,2:57:20,16:27:20,318987,0,0,0,0,0,0,1,0,0
Whole Day 3 - Tues 28th Apr.mov,10650,2:57:30,16:27:30,319287,1,0,7,2,0,0,1,9,10
Whole Day 3 - Tues 28th Apr.mov,10660,2:57:40,16:27:40,319586,0,0,7,0,0,2,1,9,9
Whole Day 3 - Tues 28th Apr.mov,10670,2:57:50,16:27:50,319886,0,0,8,1,0,0,1,9,9
Whole Day 3 - Tues 28th Apr.mov,10680,2:58:00,16:28:00,320186,0,0,11,0,0,2,1,13,13
Whole Day 3 - Tues 28th Apr.mov,10690,2:58:10,16:28:10,320486,0,0,6,0,0,1,1,7,7
Whole Day 3 - Tues 28th Apr.mov,10700,2:58:20,16:28:20,320786,1,0,3,0,0,0,1,3,4
Whole Day 3 - Tues 28th Apr.mov,10710,2:58:30,16:28:30,321085,0,0,5,0,0,0,1,5,5
Whole Day 3 - Tues 28th Apr.mov,10720,2:58:40,16:28:40,321385,0,0,3,0,0,0,1,3,3
Whole Day 3 - Tues 28th Apr.mov,10730,2:58:50,16:28:50,321685,0,0,7,0,0,0,1,7,7
Whole Day 3 - Tues 28th Apr.mov,10740,2:59:00,16:29:00,321985,0,0,2,0,0,0,1,2,2
Whole Day 3 - Tues 28th Apr.mov,10750,2:59:10,16:29:10,322285,0,0,0,0,0,0,1,0,0
Whole Day 3 - Tues 28th Apr.mov,10760,2:59:20,16:29:20,322584,0,0,2,0,0,2,1,4,4
Whole Day 3 - Tues 28th Apr.mov,10770,2:59:30,16:29:30,322884,0,0,2,0,0,0,1,2,2
Whole Day 3 - Tues 28th Apr.mov,10780,2:59:40,16:29:40,323184,0,0,8,0,0,0,1,8,8
Whole Day 3 - Tues 28th Apr.mov,10790,2:59:50,16:29:50,323484,0,0,3,0,0,0,1,3,3
Whole Day 3 - Tues 28th Apr.mov,10800,3:00:00,16:30:00,323784,1,0,5,0,0,0,1,5,6
Whole Day 3 - Tues 28th Apr.mov,10810,3:00:10,16:30:10,324083,0,0,11,0,0,0,1,11,11
Whole Day 3 - Tues 28th Apr.mov,10820,3:00:20,16:30:20,324383,0,0,3,0,0,0,1,3,3
Whole Day 3 - Tues 28th Apr.mov,10830,3:00:30,16:30:30,324683,2,0,7,0,0,0,0,7,9
Whole Day 3 - Tues 28th Apr.mov,10840,3:00:40,16:30:40,324983,0,0,7,0,0,0,1,7,7
Whole Day 3 - Tues 28th Apr.mov,10850,3:00:50,16:30:50,325283,0,0,5,0,0,0,1,5,5
Whole Day 3 - Tues 28th Apr.mov,10860,3:01:00,16:31:00,325582,0,0,5,0,0,0,1,5,5
Whole Day 3 - Tues 28th Apr.mov,10870,3:01:10,16:31:10,325882,0,0,6,0,0,0,1,6,6
Whole Day 3 - Tues 28th Apr.mov,10880,3:01:20,16:31:20,326182,0,0,7,0,0,0,1,7,7
Whole Day 3 - Tues 28th Apr.mov,10890,3:01:30,16:31:30,326482,1,0,5,0,0,0,1,5,6
Whole Day 3 - Tues 28th Apr.mov,10900,3:01:40,16:31:40,326782,1,0,6,0,0,0,1,6,7
Whole Day 3 - Tues 28th Apr.mov,10910,3:01:50,16:31:50,327081,0,0,4,0,0,0,1,4,4
Whole Day 3 - Tues 28th Apr.mov,10920,3:02:00,16:32:00,327381,1,0,7,0,0,0,1,7,8
Whole Day 3 - Tues 28th Apr.mov,10930,3:02:10,16:32:10,327681,0,0,0,0,0,0,1,0,0
Whole Day 3 - Tues 28th Apr.mov,10940,3:02:20,16:32:20,327981,0,0,6,0,0,0,1,6,6
Whole Day 3 - Tues 28th Apr.mov,10950,3:02:30,16:32:30,328281,0,0,2,0,0,0,1,2,2
Whole Day 3 - Tues 28th Apr.mov,10960,3:02:40,16:32:40,328580,0,0,9,0,0,0,1,9,9
Whole Day 3 - Tues 28th Apr.mov,10970,3:02:50,16:32:50,328880,0,0,5,0,0,0,1,5,5
Whole Day 3 - Tues 28th Apr.mov,10980,3:03:00,16:33:00,329180,0,0,6,0,0,0,1,6,6
Whole Day 3 - Tues 28th Apr.mov,10990,3:03:10,16:33:10,329480,0,0,5,0,0,0,1,5,5
Whole Day 3 - Tues 28th Apr.mov,11000,3:03:20,16:33:20,329780,0,0,9,1,0,0,1,10,10
Whole Day 3 - Tues 28th Apr.mov,11010,3:03:30,16:33:30,330079,1,0,5,0,0,0,1,5,6
Whole Day 3 - Tues 28th Apr.mov,11020,3:03:40,16:33:40,330379,0,0,4,0,0,1,1,5,5
Whole Day 3 - Tues 28th Apr.mov,11030,3:03:50,16:33:50,330679,0,0,8,0,0,0,1,8,8
Whole Day 3 - Tues 28th Apr.mov,11040,3:04:00,16:34:00,330979,1,0,5,0,0,1,0,6,7
Whole Day 3 - Tues 28th Apr.mov,11050,3:04:10,16:34:10,331279,1,0,1,0,0,0,1,1,2
Whole Day 3 - Tues 28th Apr.mov,11060,3:04:20,16:34:20,331578,2,0,2,0,0,0,2,2,4
Whole Day 3 - Tues 28th Apr.mov,11070,3:04:30,16:34:30,331878,0,0,4,0,0,0,1,4,4
Whole Day 3 - Tues 28th Apr.mov,11080,3:04:40,16:34:40,332178,0,0,5,0,0,0,1,5,5
Whole Day 3 - Tues 28th Apr.mov,11090,3:04:50,16:34:50,332478,0,0,4,0,0,0,1,4,4
Whole Day 3 - Tues 28th Apr.mov,11100,3:05:00,16:35:00,332778,0,0,2,0,0,0,1,2,2
Whole Day 3 - Tues 28th Apr.mov,11110,3:05:10,16:35:10,333077,0,0,4,0,0,0,1,4,4
Whole Day 3 - Tues 28th Apr.mov,11120,3:05:20,16:35:20,333377,1,0,2,0,0,0,1,2,3
Whole Day 3 - Tues 28th Apr.mov,11130,3:05:30,16:35:30,333677,3,0,2,0,0,0,1,2,5
Whole Day 3 - Tues 28th Apr.mov,11140,3:05:40,16:35:40,333977,2,0,3,0,0,0,1,3,5
Whole Day 3 - Tues 28th Apr.mov,11150,3:05:50,16:35:50,334277,2,0,5,0,0,0,1,5,7
Whole Day 3 - Tues 28th Apr.mov,11160,3:06:00,16:36:00,334576,5,0,5,1,0,0,1,6,11
Whole Day 3 - Tues 28th Apr.mov,11170,3:06:10,16:36:10,334876,1,0,5,0,0,1,1,6,7
Whole Day 3 - Tues 28th Apr.mov,11180,3:06:20,16:36:20,335176,0,0,4,0,0,1,1,5,5
Whole Day 3 - Tues 28th Apr.mov,11190,3:06:30,16:36:30,335476,0,0,3,0,0,0,1,3,3
Whole Day 3 - Tues 28th Apr.mov,11200,3:06:40,16:36:40,335776,1,0,4,2,0,0,1,6,7
Whole Day 3 - Tues 28th Apr.mov,11210,3:06:50,16:36:50,336075,0,0,4,0,1,0,1,5,5
Whole Day 3 - Tues 28th Apr.mov,11220,3:07:00,16:37:00,336375,1,0,5,0,0,0,1,5,6
Whole Day 3 - Tues 28th Apr.mov,11230,3:07:10,16:37:10,336675,0,0,1,0,0,0,1,1,1
Whole Day 3 - Tues 28th Apr.mov,11240,3:07:20,16:37:20,336975,1,0,6,0,0,0,1,6,7
Whole Day 3 - Tues 28th Apr.mov,11250,3:07:30,16:37:30,337275,1,0,0,0,0,0,1,0,1
Whole Day 3 - Tues 28th Apr.mov,11260,3:07:40,16:37:40,337574,1,0,2,0,0,0,1,2,3
Whole Day 3 - Tues 28th Apr.mov,11270,3:07:50,16:37:50,337874,1,0,1,0,0,0,1,1,2
Whole Day 3 - Tues 28th Apr.mov,11280,3:08:00,16:38:00,338174,1,0,3,0,0,1,1,4,5
Whole Day 3 - Tues 28th Apr.mov,11290,3:08:10,16:38:10,338474,1,0,5,0,0,0,1,5,6
Whole Day 3 - Tues 28th Apr.mov,11300,3:08:20,16:38:20,338774,0,0,9,0,0,0,1,9,9
Whole Day 3 - Tues 28th Apr.mov,11310,3:08:30,16:38:30,339073,0,0,6,0,0,0,1,6,6
Whole Day 3 - Tues 28th Apr.mov,11320,3:08:40,16:38:40,339373,0,0,5,0,0,0,1,5,5
Whole Day 3 - Tues 28th Apr.mov,11330,3:08:50,16:38:50,339673,2,0,0,0,0,0,1,0,2
Whole Day 3 - Tues 28th Apr.mov,11340,3:09:00,16:39:00,339973,1,0,0,0,0,0,1,0,1
Whole Day 3 - Tues 28th Apr.mov,11350,3:09:10,16:39:10,340273,5,0,1,0,0,0,1,1,6
Whole Day 3 - Tues 28th Apr.mov,11360,3:09:20,16:39:20,340572,1,0,1,0,0,0,1,1,2
Whole Day 3 - Tues 28th Apr.mov,11370,3:09:30,16:39:30,340872,0,0,3,0,0,0,1,3,3
Whole Day 3 - Tues 28th Apr.mov,11380,3:09:40,16:39:40,341172,0,0,6,0,0,0,1,6,6
Whole Day 3 - Tues 28th Apr.mov,11390,3:09:50,16:39:50,341472,0,0,6,0,0,0,1,6,6
Whole Day 3 - Tues 28th Apr.mov,11400,3:10:00,16:40:00,341772,0,0,4,0,0,0,1,4,4
Whole Day 3 - Tues 28th Apr.mov,11410,3:10:10,16:40:10,342071,0,0,4,0,0,0,1,4,4
Whole Day 3 - Tues 28th Apr.mov,11420,3:10:20,16:40:20,342371,0,0,1,0,0,0,1,1,1
Whole Day 3 - Tues 28th Apr.mov,11430,3:10:30,16:40:30,342671,1,0,1,0,0,0,1,1,2
Whole Day 3 - Tues 28th Apr.mov,11440,3:10:40,16:40:40,342971,1,0,2,0,0,0,1,2,3
Whole Day 3 - Tues 28th Apr.mov,11450,3:10:50,16:40:50,343271,0,0,2,0,0,0,1,2,2
Whole Day 3 - Tues 28th Apr.mov,11460,3:11:00,16:41:00,343570,0,0,3,0,0,0,1,3,3
Whole Day 3 - Tues 28th Apr.mov,11470,3:11:10,16:41:10,343870,0,0,8,0,0,0,1,8,8
Whole Day 3 - Tues 28th Apr.mov,11480,3:11:20,16:41:20,344170,0,0,5,0,0,0,1,5,5
Whole Day 3 - Tues 28th Apr.mov,11490,3:11:30,16:41:30,344470,0,0,6,0,0,0,2,6,6
Whole Day 3 - Tues 28th Apr.mov,11500,3:11:40,16:41:40,344770,1,0,1,0,0,0,1,1,2
Whole Day 3 - Tues 28th Apr.mov,11510,3:11:50,16:41:50,345069,2,0,0,0,0,0,1,0,2
Whole Day 3 - Tues 28th Apr.mov,11520,3:12:00,16:42:00,345369,3,0,0,0,0,0,1,0,3
Whole Day 3 - Tues 28th Apr.mov,11530,3:12:10,16:42:10,345669,0,0,0,0,0,0,1,0,0
Whole Day 3 - Tues 28th Apr.mov,11540,3:12:20,16:42:20,345969,1,0,0,0,0,0,1,0,1
Whole Day 3 - Tues 28th Apr.mov,11550,3:12:30,16:42:30,346269,0,0,5,0,1,0,1,6,6
Whole Day 3 - Tues 28th Apr.mov,11560,3:12:40,16:42:40,346568,0,0,6,0,0,0,1,6,6
Whole Day 3 - Tues 28th Apr.mov,11570,3:12:50,16:42:50,346868,1,0,4,0,0,0,1,4,5
Whole Day 3 - Tues 28th Apr.mov,11580,3:13:00,16:43:00,347168,0,0,2,0,0,0,1,2,2
Whole Day 3 - Tues 28th Apr.mov,11590,3:13:10,16:43:10,347468,0,0,0,0,0,0,1,0,0
Whole Day 3 - Tues 28th Apr.mov,11600,3:13:20,16:43:20,347768,0,0,0,0,0,0,1,0,0
Whole Day 3 - Tues 28th Apr.mov,11610,3:13:30,16:43:30,348067,0,0,0,0,0,0,1,0,0
Whole Day 3 - Tues 28th Apr.mov,11620,3:13:40,16:43:40,348367,1,0,0,1,0,0,1,1,2
Whole Day 3 - Tues 28th Apr.mov,11630,3:13:50,16:43:50,348667,0,0,2,0,0,0,1,2,2
Whole Day 3 - Tues 28th Apr.mov,11640,3:14:00,16:44:00,348967,0,0,4,0,0,0,1,4,4
Whole Day 3 - Tues 28th Apr.mov,11650,3:14:10,16:44:10,349267,0,0,6,0,0,0,1,6,6
Whole Day 3 - Tues 28th Apr.mov,11660,3:14:20,16:44:20,349566,0,0,5,0,1,0,1,6,6
Whole Day 3 - Tues 28th Apr.mov,11670,3:14:30,16:44:30,349866,0,0,4,0,0,0,1,4,4
Whole Day 3 - Tues 28th Apr.mov,11680,3:14:40,16:44:40,350166,2,0,1,0,0,0,1,1,3
Whole Day 3 - Tues 28th Apr.mov,11690,3:14:50,16:44:50,350466,2,0,0,0,0,0,1,0,2
Whole Day 3 - Tues 28th Apr.mov,11700,3:15:00,16:45:00,350766,1,0,1,0,0,0,1,1,2
Whole Day 3 - Tues 28th Apr.mov,11710,3:15:10,16:45:10,351065,2,0,4,0,0,0,1,4,6
Whole Day 3 - Tues 28th Apr.mov,11720,3:15:20,16:45:20,351365,1,0,6,0,0,0,1,6,7
Whole Day 3 - Tues 28th Apr.mov,11730,3:15:30,16:45:30,351665,1,0,2,0,0,0,1,2,3
Whole Day 3 - Tues 28th Apr.mov,11740,3:15:40,16:45:40,351965,1,0,6,0,0,0,0,6,7
Whole Day 3 - Tues 28th Apr.mov,11750,3:15:50,16:45:50,352265,0,0,10,0,0,0,1,10,10
Whole Day 3 - Tues 28th Apr.mov,11760,3:16:00,16:46:00,352564,0,0,6,0,0,0,0,6,6
Whole Day 3 - Tues 28th Apr.mov,11770,3:16:10,16:46:10,352864,1,0,3,0,0,1,1,4,5
Whole Day 3 - Tues 28th Apr.mov,11780,3:16:20,16:46:20,353164,2,0,4,0,0,1,1,5,7
Whole Day 3 - Tues 28th Apr.mov,11790,3:16:30,16:46:30,353464,0,0,5,0,0,1,2,6,6
Whole Day 3 - Tues 28th Apr.mov,11800,3:16:40,16:46:40,353764,0,0,7,0,0,1,1,8,8
Whole Day 3 - Tues 28th Apr.mov,11810,3:16:50,16:46:50,354063,0,0,3,0,0,0,1,3,3
Whole Day 3 - Tues 28th Apr.mov,11820,3:17:00,16:47:00,354363,0,0,4,0,1,0,0,5,5
Whole Day 3 - Tues 28th Apr.mov,11830,3:17:10,16:47:10,354663,0,0,7,0,0,0,1,7,7
Whole Day 3 - Tues 28th Apr.mov,11840,3:17:20,16:47:20,354963,0,0,6,0,0,1,1,7,7
Whole Day 3 - Tues 28th Apr.mov,11850,3:17:30,16:47:30,355263,0,0,8,0,0,0,1,8,8
Whole Day 3 - Tues 28th Apr.mov,11860,3:17:40,16:47:40,355562,0,0,2,0,0,0,1,2,2
Whole Day 3 - Tues 28th Apr.mov,11870,3:17:50,16:47:50,355862,0,0,5,0,0,0,1,5,5
Whole Day 3 - Tues 28th Apr.mov,11880,3:18:00,16:48:00,356162,0,0,5,0,0,0,1,5,5
Whole Day 3 - Tues 28th Apr.mov,11890,3:18:10,16:48:10,356462,0,0,5,0,0,0,1,5,5
Whole Day 3 - Tues 28th Apr.mov,11900,3:18:20,16:48:20,356762,0,0,2,0,0,0,1,2,2
Whole Day 3 - Tues 28th Apr.mov,11910,3:18:30,16:48:30,357061,0,0,6,0,0,0,1,6,6
Whole Day 3 - Tues 28th Apr.mov,11920,3:18:40,16:48:40,357361,0,0,3,0,0,0,1,3,3
Whole Day 3 - Tues 28th Apr.mov,11930,3:18:50,16:48:50,357661,0,0,3,0,0,0,1,3,3
Whole Day 3 - Tues 28th Apr.mov,11940,3:19:00,16:49:00,357961,2,0,1,0,0,0,1,1,3
Whole Day 3 - Tues 28th Apr.mov,11950,3:19:10,16:49:10,358261,2,0,3,0,0,0,1,3,5
Whole Day 3 - Tues 28th Apr.mov,11960,3:19:20,16:49:20,358560,0,0,3,0,0,0,1,3,3
Whole Day 3 - Tues 28th Apr.mov,11970,3:19:30,16:49:30,358860,0,0,4,0,0,1,1,5,5
Whole Day 3 - Tues 28th Apr.mov,11980,3:19:40,16:49:40,359160,0,0,3,0,0,1,2,4,4
Whole Day 3 - Tues 28th Apr.mov,11990,3:19:50,16:49:50,359460,0,0,4,0,0,0,1,4,4
Whole Day 3 - Tues 28th Apr.mov,12000,3:20:00,16:50:00,359760,0,0,4,0,0,0,1,4,4
Whole Day 3 - Tues 28th Apr.mov,12010,3:20:10,16:50:10,360059,1,0,4,0,0,0,2,4,5
Whole Day 3 - Tues 28th Apr.mov,12020,3:20:20,16:50:20,360359,1,0,8,0,0,0,2,8,9
Whole Day 3 - Tues 28th Apr.mov,12030,3:20:30,16:50:30,360659,1,0,10,0,0,0,1,10,11
Whole Day 3 - Tues 28th Apr.mov,12040,3:20:40,16:50:40,360959,0,0,7,0,0,0,1,7,7
Whole Day 3 - Tues 28th Apr.mov,12050,3:20:50,16:50:50,361259,0,0,9,0,0,0,1,9,9
Whole Day 3 - Tues 28th Apr.mov,12060,3:21:00,16:51:00,361558,0,0,3,0,0,0,1,3,3
Whole Day 3 - Tues 28th Apr.mov,12070,3:21:10,16:51:10,361858,0,0,6,0,0,1,1,7,7
Whole Day 3 - Tues 28th Apr.mov,12080,3:21:20,16:51:20,362158,3,0,10,1,0,0,1,11,14
Whole Day 3 - Tues 28th Apr.mov,12090,3:21:30,16:51:30,362458,1,0,1,0,0,0,1,1,2
Whole Day 3 - Tues 28th Apr.mov,12100,3:21:40,16:51:40,362758,3,0,1,0,0,0,1,1,4
Whole Day 3 - Tues 28th Apr.mov,12110,3:21:50,16:51:50,363057,1,0,1,0,0,0,1,1,2
Whole Day 3 - Tues 28th Apr.mov,12120,3:22:00,16:52:00,363357,2,0,4,0,0,0,1,4,6
Whole Day 3 - Tues 28th Apr.mov,12130,3:22:10,16:52:10,363657,0,0,6,0,0,0,1,6,6
Whole Day 3 - Tues 28th Apr.mov,12140,3:22:20,16:52:20,363957,0,0,9,0,0,0,0,9,9
Whole Day 3 - Tues 28th Apr.mov,12150,3:22:30,16:52:30,364257,0,0,4,0,1,0,1,5,5
Whole Day 3 - Tues 28th Apr.mov,12160,3:22:40,16:52:40,364556,0,0,5,0,0,0,1,5,5
Whole Day 3 - Tues 28th Apr.mov,12170,3:22:50,16:52:50,364856,0,0,4,0,0,0,1,4,4
Whole Day 3 - Tues 28th Apr.mov,12180,3:23:00,16:53:00,365156,0,0,7,0,0,1,1,8,8
Whole Day 3 - Tues 28th Apr.mov,12190,3:23:10,16:53:10,365456,1,0,4,0,0,0,2,4,5